"name_id","AvgWMC","CCMax","CDE","CIE","NTM","SDMC","WMC","AvgSLOC","NA.","NAIMP","NCM","NIM","NLM","NM","NMIMP","NMNpub","Nmpub","NumPara","loc","stms","AID","CLD","DIT","DP","DPA","DPD","NMA","NMI","NMO","NOA","NOC","NOD","NOP","PII","SIX","SP","SPA","SPD","CBO","DAC","DACquote","ICP","IHICP","NIHICP","bug"
"alluxio\src\main\java\org\apache\zeppelin\alluxio\AlluxioInterpreter.java",1.91666666666667,5,4.78727315961866,5.54504186304698,7,1.32024829314624,23,13,15,9,0,12,12,36,12,4,8,14,180,120,1,0,1,6,6,0,6,24,6,1,0,0,1,0.265079365079365,0.166666666666667,1,1,0,5,7,4,5,2,3,0
"alluxio\src\test\java\org\apache\zeppelin\alluxio\AlluxioInterpreterTest.java",1.07142857142857,2,4.38326923538912,6.38076936280876,26,0.257539376818856,30,11.7142857142857,4,4,0,28,28,28,28,3,25,5,358,233,0,0,0,0,0,0,28,0,0,0,0,0,0,0,0,0,0,0,4,3,3,155,0,155,0
"angular\src\main\java\org\apache\zeppelin\angular\AngularInterpreter.java",1,1,4.1956756628093,4.92603742902008,9,0,9,2.77777777777778,6,0,0,9,9,31,9,0,9,7,35,16,1,0,1,8,8,0,1,22,8,1,0,0,1,0.255555555555556,0.258064516129032,0,0,0,7,0,0,10,2,8,0
"beam\src\main\java\org\apache\zeppelin\beam\BeamInterpreter.java",1.375,3,4.36447537371113,5.38186491098818,6,0.695970545353753,11,4.375,7,1,0,8,8,32,8,0,8,8,45,27,1,0,1,6,6,0,2,24,6,1,0,0,1,0.233333333333333,0.1875,1,1,0,5,1,1,9,2,7,0
"beam\src\main\java\org\apache\zeppelin\beam\StaticRepl.java",11,11,6.20781982056473,9.51254076801741,2,0,12,82.5,2,2,1,2,3,3,3,0,3,6,93,73,1,0,1,0,0,0,3,0,0,1,0,0,1,0.111111111111111,0,0,0,0,1,2,2,3,0,3,0
"beam\src\main\test\org\apache\zeppelin\beam\BeamInterpreterTest.java",1,1,3.58989809546429,4.4990031377395,5,0,5,8.6,2,2,2,3,5,5,5,0,5,0,52,40,0,0,0,0,0,0,5,0,0,0,0,0,0,0,0,0,0,0,4,2,2,20,0,20,0
"bigquery\src\main\java\org\apache\zeppelin\bigquery\BigQueryInterpreter.java",2,5,5.65590964771861,6.78450258831042,8,1.31656117720877,30,11.6,19,13,5,10,15,39,15,2,13,22,202,132,1,0,1,6,6,0,9,24,6,1,0,0,1,0.327777777777778,0.153846153846154,2,2,0,7,10,6,14,8,6,1
"bigquery\src\test\java\org\apache\zeppelin\bigquery\BigQueryInterpreterTest.java",1.25,2,4.27835181171131,5.11471232547574,3,0.433012701892219,5,6.5,4,4,0,4,4,4,4,0,4,0,50,35,0,0,0,0,0,0,4,0,0,0,0,0,0,0,0,0,0,0,8,4,4,19,0,19,0
"cassandra\src\main\java\org\apache\zeppelin\cassandra\CassandraInterpreter.java",1.11111111111111,2,5.0892531152118,6.03863018579125,8,0.314269680527355,10,6.33333333333333,80,74,0,9,9,31,9,0,9,7,167,103,1,0,1,8,8,0,1,22,8,1,0,0,1,0.255555555555556,0.258064516129032,0,0,0,5,74,7,21,16,5,0
"cassandra\src\main\java\org\apache\zeppelin\cassandra\ParsingException.java",1,1,1.92192809488736,1.5,1,0,1,3,0,0,0,1,1,1,1,0,1,1,5,3,1,0,1,0,0,0,1,0,0,1,0,0,1,0.0833333333333333,0,0,0,0,0,0,0,0,0,0,0
"cassandra\src\test\java\org\apache\zeppelin\cassandra\CassandraInterpreterTest.java",1.05,3,4.5489920905899,5.64542785143267,39,0.31224989991992,42,10.1,4,4,4,36,40,40,40,2,38,3,457,263,0,0,0,0,0,0,40,0,0,0,0,0,0,0,0,0,0,0,7,4,4,198,0,198,0
"cassandra\src\test\java\org\apache\zeppelin\cassandra\InterpreterLogicTest.java",1,1,4.75263319506584,6.19709907897094,19,0,19,7.84210526315789,5,5,0,19,19,19,19,2,17,2,176,123,0,0,0,0,0,0,19,0,0,0,0,0,0,0,0,0,0,0,5,5,5,33,0,33,0
"elasticsearch\src\main\java\org\apache\zeppelin\elasticsearch\ElasticsearchInterpreter.java",3.76190476190476,15,5.39898336235173,6.59505631601173,5,3.47651661875123,79,16.1904761904762,20,14,0,21,21,46,21,13,8,36,380,249,1,0,1,5,5,0,16,25,5,1,0,0,1,0.279084967320261,0.108695652173913,2,2,0,13,12,5,104,9,95,0
"elasticsearch\src\main\java\org\apache\zeppelin\elasticsearch\action\ActionException.java",1,1,2.40563906222957,2.25,2,0,2,3,0,0,0,2,2,2,2,0,2,2,8,5,1,0,1,0,0,0,2,0,0,1,0,0,1,0.111111111111111,0,0,0,0,0,0,0,0,0,0,0
"elasticsearch\src\main\java\org\apache\zeppelin\elasticsearch\action\ActionResponse.java",1,1,3.84594156533872,3.97587827345026,10,0,10,3.5,4,4,0,10,10,10,10,0,10,5,41,30,0,0,0,0,0,0,10,0,0,0,0,0,0,0,0,0,0,0,2,2,1,0,0,0,0
"elasticsearch\src\main\java\org\apache\zeppelin\elasticsearch\action\AggWrapper.java",1,1,3.12798680687768,2.57355726227519,3,0,3,3.33333333333333,2,2,0,3,3,3,3,0,3,2,15,11,0,0,0,0,0,0,3,0,0,0,0,0,0,0,0,0,0,0,1,2,2,0,0,0,0
"elasticsearch\src\main\java\org\apache\zeppelin\elasticsearch\action\HitWrapper.java",1,1,3.15759544889266,3.57848862593628,7,0,7,3.57142857142857,5,5,0,7,7,7,7,0,7,5,32,24,0,0,0,0,0,0,7,0,0,0,0,0,0,0,0,0,0,0,0,5,2,0,0,0,0
"elasticsearch\src\main\java\org\apache\zeppelin\elasticsearch\client\HttpBasedClient.java",3.25,16,4.66290176682507,6.2993131130623,9,3.83242742918897,52,16.4375,6,6,0,16,16,16,16,9,7,39,278,150,0,0,0,0,0,0,16,0,0,0,0,0,0,0,0,0,0,0,6,5,2,59,0,59,1
"elasticsearch\src\main\java\org\apache\zeppelin\elasticsearch\client\TransportBasedClient.java",2.75,9,4.34238728793692,6.56617259883435,5,2.8613807855649,22,16,2,2,0,8,8,8,8,1,7,19,138,67,0,0,0,0,0,0,8,0,0,0,0,0,0,0,0,0,0,0,5,2,2,53,0,53,0
"elasticsearch\src\test\java\org\apache\zeppelin\elasticsearch\ElasticsearchInterpreterTest.java",1.63636363636364,5,4.54524570296686,5.59483769656728,8,1.22643068756655,18,16.4545454545455,12,12,2,9,11,11,11,1,10,9,205,135,0,0,0,0,0,0,11,0,0,0,0,0,0,0,0,0,0,0,7,11,5,197,0,197,0
"file\src\main\java\org\apache\zeppelin\file\FileInterpreter.java",1.7,9,5.32127598807146,5.41183630713826,8,2.49198715887542,17,5.5,9,3,0,10,10,35,10,1,9,11,97,70,1,2,1,5,5,0,5,25,5,1,1,2,1,0.327777777777778,0.142857142857143,4,1,3,8,3,3,37,2,35,0
"file\src\main\java\org\apache\zeppelin\file\HDFSCommand.java",4.66666666666667,8,4.23221219626569,5.25807421326437,1,2.86744175568088,14,20.6666666666667,6,6,0,3,3,3,3,0,3,10,92,67,0,1,0,1,0,1,3,0,0,0,1,1,0,0,0,0,0,0,3,5,3,0,0,0,1
"file\src\main\java\org\apache\zeppelin\file\HDFSFileInterpreter.java",3.92857142857143,14,4.89587310899941,6.0878149686105,6,3.95446015304754,55,12.7142857142857,15,6,0,14,14,47,14,6,8,17,230,179,2,1,2,3,2,1,12,33,2,2,1,1,1,0.224175824175824,0.0851063829787234,4,4,0,8,6,4,50,10,40,1
"file\src\test\java\org\apache\zeppelin\file\HDFSFileInterpreterTest.java",5.5,8,11.8127675829316,15.175024213131,7,1.86602540378444,13,67,23,2,0,9,9,51,9,0,9,9,127,82,5,0,5,2,2,0,7,42,2,5,0,0,3,1.07757452574526,0.321428571428571,0,0,0,11,2,2,106,11,95,1
"flink\src\main\java\org\apache\zeppelin\flink\FlinkInterpreter.java",2.76190476190476,14,5.77113814481534,7.10586151148925,7,2.82682325326778,58,12.2857142857143,13,7,1,20,21,44,21,10,11,15,274,195,1,0,1,7,7,0,14,23,7,1,0,0,1,0.280952380952381,0.159090909090909,1,1,0,5,7,7,20,10,10,0
"flink\src\test\java\org\apache\zeppelin\flink\FlinkInterpreterTest.java",1,1,3.653756708287,4.50243459882591,8,0,8,5,2,2,2,6,8,8,8,0,8,0,52,35,0,0,0,0,0,0,8,0,0,0,0,0,0,0,0,0,0,0,4,2,2,54,0,54,0
"geode\src\main\java\org\apache\zeppelin\geode\GeodeOqlInterpreter.java",2,7,5.47443246692896,6.1084311399785,11,1.58943882847805,38,7.52631578947368,15,9,0,19,19,43,19,7,12,24,162,112,1,0,1,6,6,0,13,24,6,1,0,0,1,0.332539682539683,0.13953488372093,2,2,0,6,5,5,12,8,4,0
"geode\src\test\java\org\apache\zeppelin\geode\GeodeOqlInterpreterTest.java",1,1,4.10282742609841,5.98879604628566,11,0,11,7,1,1,1,10,11,11,11,2,9,4,95,66,0,0,0,0,0,0,11,0,0,0,0,0,0,0,0,0,0,0,5,1,1,38,0,38,0
"hbase\src\main\java\org\apache\zeppelin\hbase\HbaseInterpreter.java",1.9,5,4.81008102052173,6.14873157171745,6,1.37477270848675,19,8.1,12,6,1,9,10,34,10,1,9,12,97,63,1,0,1,6,6,0,4,24,6,1,0,0,1,0.311111111111111,0.176470588235294,2,2,0,7,6,4,14,8,6,0
"hbase\src\test\java\org\apache\zeppelin\hbase\HbaseInterpreterTest.java",1,1,3.79465347354434,4.44758008326646,5,0,5,5.8,2,2,1,4,5,5,5,0,5,0,37,27,0,0,0,0,0,0,5,0,0,0,0,0,0,0,0,0,0,0,4,2,2,24,0,24,0
"helium-dev\src\main\java\org\apache\zeppelin\helium\DevInterpreter.java",1.21428571428571,3,4.56786147018965,4.97143519017857,12,0.557874976850475,17,3.5,8,2,1,13,14,38,14,0,14,12,63,37,1,0,1,6,6,0,8,24,6,1,0,0,1,0.27037037037037,0.157894736842105,1,1,0,6,1,1,8,4,4,0
"helium-dev\src\main\java\org\apache\zeppelin\helium\ZeppelinApplicationDevServer.java",2,4,4.58290051036511,6.31417469624751,4,1.19522860933439,14,14.5714285714286,23,5,0,7,7,51,7,2,5,13,112,71,3,0,3,1,1,0,6,44,1,3,0,0,1,0.555026455026455,0.0588235294117647,3,3,0,13,5,5,41,3,38,0
"helium-dev\src\main\java\org\apache\zeppelin\helium\ZeppelinDevServer.java",1.625,3,4.83292334597596,5.66797791537138,5,0.85695682505013,13,9.5,18,3,0,8,8,45,8,2,6,10,86,46,2,1,2,2,1,1,7,37,1,2,1,1,1,0.203216374269006,0.0444444444444444,3,2,1,9,3,3,23,10,13,0
"ignite\src\main\java\org\apache\zeppelin\ignite\IgniteInterpreter.java",2.64705882352941,8,5.4031049008804,6.92449752760112,7,1.99826914723094,45,11.5882352941176,15,9,0,17,17,39,17,7,10,12,216,155,1,0,1,8,8,0,9,22,8,1,0,0,1,0.322222222222222,0.205128205128205,0,0,0,8,9,6,27,11,16,0
"ignite\src\main\java\org\apache\zeppelin\ignite\IgniteInterpreterUtils.java",3,3,2.32192809488736,3.57435776212913,0,0,3,10,0,0,1,0,1,1,1,0,1,1,12,8,0,0,0,0,0,0,1,0,0,0,0,0,0,0,0,0,0,0,2,0,0,0,0,0,0
"ignite\src\main\java\org\apache\zeppelin\ignite\IgniteSqlInterpreter.java",2.44444444444444,8,4.81073466993935,5.65256668207824,5,2.16595429884644,22,10.1111111111111,12,6,0,9,9,35,9,0,9,12,107,70,1,0,1,4,4,0,5,26,4,1,0,0,1,0.35,0.114285714285714,4,4,0,8,6,5,12,6,6,1
"ignite\src\test\java\org\apache\zeppelin\ignite\IgniteInterpreterTest.java",1,1,3.94770277922009,5.35162968474264,4,0,4,8.5,4,4,0,4,4,4,4,0,4,0,45,34,0,0,0,0,0,0,4,0,0,0,0,0,0,0,0,0,0,0,5,4,4,17,0,17,0
"ignite\src\test\java\org\apache\zeppelin\ignite\IgniteSqlInterpreterTest.java",1,1,4.03740119765411,5.53444430720761,4,0,4,9,4,4,0,4,4,4,4,0,4,0,47,37,0,0,0,0,0,0,4,0,0,0,0,0,0,0,0,0,0,0,6,4,4,25,0,25,0
"ignite\src\test\java\org\apache\zeppelin\ignite\Person.java",1,1,3.11583409216322,2.45680178177503,5,0,5,3.2,2,2,0,5,5,5,5,0,5,4,22,14,0,0,0,0,0,0,5,0,0,0,0,0,0,0,0,0,0,0,0,1,1,0,0,0,0
"jdbc\src\main\java\org\apache\zeppelin\jdbc\JDBCInterpreter.java",3.4,16,5.7471645433025,7.34581678461158,10,3.56330504688314,119,15.4285714285714,39,33,0,35,35,59,35,19,16,60,588,407,1,0,1,6,6,0,29,24,6,1,0,0,1,0.338888888888889,0.101694915254237,2,2,0,14,28,6,121,6,115,1
"jdbc\src\main\java\org\apache\zeppelin\jdbc\JDBCUserConfigurations.java",1.2,2,4.33327457147665,5.0298947543688,12,0.4,18,4.4,4,4,0,15,15,15,15,0,15,16,72,54,0,0,0,0,0,0,15,0,0,0,0,0,0,0,0,0,0,0,1,4,2,2,0,2,1
"jdbc\src\main\java\org\apache\zeppelin\jdbc\SqlCompleter.java",3.5,9,5.05346287880892,6.07605004192993,2,2.5,28,17.375,3,3,4,4,8,8,8,2,6,20,152,99,1,0,1,0,0,0,8,0,0,1,0,0,1,0.148148148148148,0,0,0,0,0,3,3,0,0,0,0
"jdbc\src\main\java\org\apache\zeppelin\jdbc\security\JDBCSecurityImpl.java",2.5,3,3.23890125660263,4.51459915097423,0,0.5,5,15.5,1,1,2,0,2,2,2,0,2,4,34,18,0,0,0,0,0,0,2,0,0,0,0,0,0,0,0,0,0,0,0,1,1,0,0,0,0
"jdbc\src\test\java\org\apache\zeppelin\jdbc\JDBCInterpreterTest.java",1.25,3,4.2816228853779,5.88566741606535,13,0.559016994374947,20,15.4375,2,2,2,14,16,16,16,3,13,6,263,213,1,0,1,0,0,0,16,0,0,1,0,0,1,0.156862745098039,0,0,0,0,14,2,2,232,0,232,1
"kylin\src\main\java\org\apache\zeppelin\kylin\KylinInterpreter.java",1.75,5,4.93011611659455,6.28318060391088,8,1.23322071557906,21,9,16,10,0,12,12,36,12,2,10,12,127,91,1,1,1,7,6,1,6,24,6,1,1,1,1,0.265079365079365,0.166666666666667,1,1,0,4,10,3,32,26,6,1
"kylin\src\test\java\KylinInterpreterTest.java",6,6,19.3126490496633,19.9329350226969,30,0,30,23.9747474747475,17,1,1,29,30,63,30,1,29,14,149,78,3,0,3,1,1,0,29,33,1,3,0,0,2,0.60702614379085,0.0571428571428571,0,0,0,8,1,1,19,2,17,0
"lens\src\main\java\org\apache\zeppelin\lens\ExecutionDetail.java",1,1,3.30869496956284,3.27761343681912,4,0,4,3.5,3,3,0,4,4,4,4,0,4,3,19,14,0,0,0,0,0,0,4,0,0,0,0,0,0,0,0,0,0,0,0,3,3,0,0,0,0
"lens\src\main\java\org\apache\zeppelin\lens\LensBootstrap.java",1,1,2.75,3.71929452566698,2,0,2,5.5,0,0,0,2,2,2,2,0,2,0,13,10,1,0,1,0,0,0,2,0,0,1,0,0,1,0.111111111111111,0,0,0,0,1,0,0,0,0,0,0
"lens\src\main\java\org\apache\zeppelin\lens\LensInterpreter.java",3.05,8,5.51304249837517,6.66113592752327,6,2.26881026090769,61,15.35,24,18,2,18,20,45,20,10,10,27,348,239,1,1,1,6,5,1,15,25,5,1,1,1,1,0.278472222222222,0.111111111111111,3,3,0,9,16,8,44,5,39,0
"lens\src\main\java\org\apache\zeppelin\lens\LensJLineShellComponent.java",1.36363636363636,4,5.42257199703582,5.99845139779676,16,0.710022697809696,30,5.5,14,14,0,22,22,22,22,7,15,4,143,99,1,0,1,0,0,0,22,0,0,1,0,0,1,0.159420289855072,0,0,0,0,1,12,7,0,0,0,0
"lens\src\main\java\org\apache\zeppelin\lens\LensSimpleExecutionStrategy.java",2,3,3.97057309581168,4.37362491854011,2,0.894427190999916,10,9.2,1,1,0,5,5,5,5,2,3,5,49,32,0,0,0,0,0,0,5,0,0,0,0,0,0,0,0,0,0,0,0,1,1,0,0,0,0
"lens\src\test\java\org\apache\zeppelin\lens\LensInterpreterTest.java",1,1,3.83659166810898,4.30489740600533,3,0,3,6.33333333333333,0,0,0,3,3,3,3,0,3,0,33,22,0,0,0,0,0,0,3,0,0,0,0,0,0,0,0,0,0,0,4,0,0,9,0,9,0
"livy\src\main\java\org\apache\zeppelin\livy\APINotFoundException.java",1,1,2.59546184423832,2.67566655818504,5,0,5,3,0,0,0,5,5,10,5,0,5,8,17,10,2,0,2,0,0,0,5,5,0,2,0,0,1,0.185185185185185,0,0,0,0,0,0,0,12,12,0,0
"livy\src\main\java\org\apache\zeppelin\livy\BaseLivyInterprereter.java",2.96153846153846,13,5.84926242396811,6.80255238459501,13,3.43601702815214,77,13.1923076923077,17,11,0,26,26,53,26,16,10,37,474,309,1,2,1,18,3,15,23,27,3,1,4,6,1,0.193055555555556,0.0566037735849057,4,3,1,19,8,7,99,3,96,1
"livy\src\main\java\org\apache\zeppelin\livy\LivyException.java",1,1,2.59546184423832,2.67566655818504,5,0,5,3,0,0,0,5,5,5,5,0,5,8,17,10,1,1,1,0,0,0,5,0,0,1,2,2,1,0.138888888888889,0,0,0,0,0,0,0,0,0,0,0
"livy\src\main\java\org\apache\zeppelin\livy\LivyPySpark3Interpreter.java",1,1,2.75,2.25162916738782,2,0,2,3,17,0,0,2,2,42,2,0,2,1,9,5,3,0,3,1,1,0,1,40,1,3,0,0,1,0.133130081300813,0.0714285714285714,0,0,0,0,0,0,2,2,0,0
"livy\src\main\java\org\apache\zeppelin\livy\LivyPySparkBaseInterpreter.java",1.25,2,3.26393342948563,4.0277190159211,3,0.433012701892219,5,5.75,17,0,0,4,4,42,4,3,1,2,27,12,2,1,2,2,2,0,2,38,2,2,2,2,1,0.164814814814815,0.0952380952380952,0,0,0,2,0,0,18,16,2,0
"livy\src\main\java\org\apache\zeppelin\livy\LivyPySparkInterpreter.java",1,1,2.75,2.25162916738782,2,0,2,3,17,0,0,2,2,42,2,0,2,1,9,5,3,0,3,1,1,0,1,40,1,3,0,0,1,0.133130081300813,0.0714285714285714,0,0,0,0,0,0,2,2,0,0
"livy\src\main\java\org\apache\zeppelin\livy\LivySparkInterpreter.java",1.2,2,3.30370169605735,4.02366139317146,4,0.4,6,5.8,17,0,0,5,5,42,5,3,2,2,34,15,2,0,2,3,3,0,2,37,3,2,0,0,1,0.173148148148148,0.142857142857143,0,0,0,2,0,0,25,23,2,0
"livy\src\main\java\org\apache\zeppelin\livy\LivySparkRInterpreter.java",1,1,3.15563906222957,2.85538854220753,4,0,4,3,17,0,0,4,4,41,4,2,2,1,17,9,2,0,2,3,3,0,1,37,3,2,0,0,1,0.136111111111111,0.146341463414634,0,0,0,1,0,0,2,2,0,0
"livy\src\main\java\org\apache\zeppelin\livy\LivySparkSQLInterpreter.java",2.90909090909091,8,4.56272319008859,6.12992117403351,6,2.39144480690289,32,12.5454545454545,20,3,0,11,11,45,11,4,7,6,158,103,2,0,2,7,7,0,5,34,6,2,0,0,1,0.290740740740741,0.266666666666667,3,3,0,14,1,1,82,39,43,1
"livy\src\main\java\org\apache\zeppelin\livy\LivyVersion.java",1.2,3,3.7486143945296,4.37612904038054,9,0.6,12,4.6,5,5,1,9,10,10,10,0,10,8,53,38,0,0,0,0,0,0,10,0,0,0,0,0,0,0,0,0,0,0,0,4,3,0,0,0,0
"livy\src\main\java\org\apache\zeppelin\livy\SessionNotFoundException.java",1,1,1.92192809488736,1.5,1,0,1,3,0,0,0,1,1,6,1,0,1,1,5,3,2,0,2,0,0,0,1,5,0,2,0,0,1,0.111111111111111,0,0,0,0,0,0,0,2,2,0,0
"livy\src\test\java\org\apache\zeppelin\livy\LivyInterpreterIT.java",2.1,3,4.88919941902381,5.43283956929852,0,0.3,21,27.8,3,3,3,7,10,10,10,0,10,0,301,232,0,0,0,0,0,0,10,0,0,0,0,0,0,0,0,0,0,0,14,3,3,344,0,344,1
"livy\src\test\java\org\apache\zeppelin\livy\LivySQLInterpreterTest.java",1,1,2.8073549220576,3.12877842421977,2,0,2,23,1,1,0,2,2,2,2,0,2,0,51,26,0,0,0,0,0,0,2,0,0,0,0,0,0,0,0,0,0,0,1,1,1,10,0,10,0
"markdown\src\main\java\org\apache\zeppelin\markdown\Markdown.java",1.2,2,4.88183266552209,5.51310951427856,8,0.4,12,4.2,11,5,1,9,10,33,10,0,10,9,71,38,1,0,1,7,7,0,3,23,7,1,0,0,1,0.298015873015873,0.212121212121212,1,1,0,11,4,2,19,4,15,0
"markdown\src\main\java\org\apache\zeppelin\markdown\Markdown4jParser.java",1.5,2,2.92192809488736,3.30827083453526,1,0.5,3,6,1,1,0,2,2,2,2,0,2,2,16,10,0,0,0,0,0,0,2,0,0,0,0,0,0,0,0,0,0,0,0,1,1,0,0,0,0
"markdown\src\main\java\org\apache\zeppelin\markdown\ParamVar.java",1,1,2.81507241011594,2.93120894891032,2,0,2,3.5,0,0,0,2,2,2,2,0,2,2,9,6,1,0,1,0,0,0,2,0,0,1,0,0,1,0.111111111111111,0,0,0,0,0,0,0,0,0,0,0
"markdown\src\main\java\org\apache\zeppelin\markdown\PegdownParser.java",1.33333333333333,2,3.72192809488736,4.23447955413374,2,0.471404520791032,4,7.66666666666667,3,3,1,2,3,3,3,0,3,2,29,16,0,0,0,0,0,0,3,0,0,0,0,0,0,0,0,0,0,0,2,1,1,0,0,0,0
"markdown\src\main\java\org\apache\zeppelin\markdown\PegdownWebSequencelPlugin.java",1.375,4,4.09473966305518,6.06293130933009,7,0.992156741649222,11,10,2,2,1,7,8,8,8,0,8,7,85,48,1,0,1,0,0,0,8,0,0,1,0,0,1,0.148148148148148,0,0,0,0,1,2,1,0,0,0,0
"markdown\src\main\java\org\apache\zeppelin\markdown\PegdownYumlPlugin.java",1.66666666666667,7,3.84441382957761,5.58958151947917,8,1.88561808316413,15,9.44444444444444,1,1,1,8,9,9,9,0,9,7,89,45,1,0,1,0,0,0,9,0,0,1,0,0,1,0.15,0,0,0,0,2,1,1,4,0,4,0
"markdown\src\test\java\org\apache\zeppelin\markdown\Markdown4jParserTest.java",1,1,3.27761343681912,4.12323142879762,3,0,3,4.33333333333333,1,1,0,3,3,3,3,0,3,0,19,12,0,0,0,0,0,0,3,0,0,0,0,0,0,0,0,0,0,0,2,1,1,9,0,9,0
"markdown\src\test\java\org\apache\zeppelin\markdown\PegdownParserTest.java",1.06666666666667,2,4.01928518649151,4.35224799898813,14,0.249443825784929,16,16.8666666666667,2,2,0,15,15,15,15,0,15,0,272,79,0,0,0,0,0,0,15,0,0,0,0,0,0,0,0,0,0,0,3,2,2,149,0,149,0
"pig\src\main\java\org\apache\zeppelin\pig\BasePigInterpreter.java",2,5,4.4251412032329,5.56572838923781,4,1.69030850945703,14,8.28571428571429,8,2,0,7,7,34,7,1,6,6,66,44,1,1,1,5,3,2,4,27,3,1,2,2,1,0.277777777777778,0.0882352941176471,1,1,0,6,2,2,15,2,13,0
"pig\src\main\java\org\apache\zeppelin\pig\PigInterpreter.java",3.6,9,4.25775606412852,6.02928197299398,3,3.32264954516723,18,16.2,11,3,0,5,5,37,5,0,5,5,89,64,2,0,2,2,2,0,3,32,2,2,0,0,1,0.186274509803922,0.108108108108108,2,2,0,5,2,2,21,10,11,0
"pig\src\main\java\org\apache\zeppelin\pig\PigQueryInterpreter.java",4,16,4.34919177091504,6.24565985888422,4,5.47722557505166,24,16.8333333333333,11,3,0,6,6,37,6,1,5,4,110,86,2,0,2,3,3,0,3,31,3,2,0,0,1,0.196078431372549,0.162162162162162,1,1,0,8,2,2,21,9,12,0
"pig\src\main\java\org\apache\zeppelin\pig\PigScriptListener.java",1,1,4.37654260368246,4.18445011440902,11,0,11,2.45454545454545,3,3,0,11,11,11,11,0,11,18,41,20,0,0,0,0,0,0,11,0,0,0,0,0,0,0,0,0,0,0,0,2,2,0,0,0,0
"pig\src\main\java\org\apache\zeppelin\pig\PigUtils.java",5,14,4.2183641295938,5.90464409809068,2,4.7169905660283,40,28,2,2,8,0,8,8,8,1,7,12,228,183,0,0,0,0,0,0,8,0,0,0,0,0,0,0,0,0,0,0,0,2,2,0,0,0,0
"pig\src\test\java\org\apache\zeppelin\pig\PigInterpreterTest.java",1,1,3.64022392894185,4.82685821879692,4,0,4,20.5,2,2,0,4,4,4,4,1,3,1,89,70,0,0,0,0,0,0,4,0,0,0,0,0,0,0,0,0,0,0,5,2,2,78,0,78,0
"pig\src\test\java\org\apache\zeppelin\pig\PigInterpreterTezTest.java",1,1,3.64022392894185,4.90155826569276,4,0,4,21.5,2,2,0,4,4,4,4,0,4,1,93,72,0,0,0,0,0,0,4,0,0,0,0,0,0,0,0,0,0,0,5,2,2,79,0,79,0
"pig\src\test\java\org\apache\zeppelin\pig\PigQueryInterpreterTest.java",1.25,2,3.85216872360328,5.24815682858139,3,0.433012701892219,5,20.75,3,3,0,4,4,4,4,0,4,0,92,79,0,0,0,0,0,0,4,0,0,0,0,0,0,0,0,0,0,0,8,3,3,83,0,83,0
"postgresql\src\main\java\org\apache\zeppelin\postgresql\PostgreSqlInterpreter.java",2.42857142857143,12,5.72483276320602,6.47173497008344,7,2.77010277566647,34,11.2857142857143,31,25,0,14,14,39,14,4,10,16,212,142,1,0,1,5,5,0,9,25,5,1,0,0,1,0.338888888888889,0.128205128205128,3,3,0,8,21,8,35,12,23,0
"postgresql\src\main\java\org\apache\zeppelin\postgresql\SqlCompleter.java",3.125,8,5.05346287880892,6.14478834616832,3,2.26039266500314,25,16.625,3,3,4,4,8,8,8,2,6,20,146,95,1,0,1,0,0,0,8,0,0,1,0,0,1,0.148148148148148,0,0,0,0,0,3,3,0,0,0,0
"postgresql\src\test\java\org\apache\zeppelin\postgresql\PostgreSqlInterpreterTest.java",1,1,3.50127162388588,5.53952045863196,12,0,12,11.0833333333333,2,2,0,12,12,12,12,0,12,0,149,119,1,0,1,0,0,0,12,0,0,1,0,0,1,0.153846153846154,0,0,0,0,6,2,2,89,0,89,0
"postgresql\src\test\java\org\apache\zeppelin\postgresql\SqlCompleterTest.java",1,1,5.33588696057371,4.14710783414268,8,0,8,6.5,4,4,0,8,8,8,8,0,8,0,127,90,1,0,1,0,0,0,8,0,0,1,0,0,1,0.148148148148148,0,0,0,0,2,4,4,162,0,162,0
"python\src\main\java\org\apache\zeppelin\python\PythonCondaInterpreter.java",2,12,5.06307852300138,6.31866544396024,19,2.14476105895272,60,8.93333333333333,21,15,7,23,30,54,30,15,15,26,292,210,1,0,1,6,6,0,24,24,6,1,0,0,1,0.282222222222222,0.111111111111111,1,1,0,11,15,3,61,6,55,0
"python\src\main\java\org\apache\zeppelin\python\PythonDockerInterpreter.java",1.78571428571429,4,5.03318954019577,6.27491328488522,7,1.01267477705413,25,8.78571428571429,11,5,0,14,14,37,14,4,10,13,137,89,1,0,1,7,7,0,7,23,7,1,0,0,1,0.271230158730159,0.189189189189189,0,0,0,11,5,3,34,4,30,0
"python\src\main\java\org\apache\zeppelin\python\PythonInterpreter.java",2.16129032258065,12,6.00841803886884,7.27785191401304,14,2.14170228034811,67,10.7741935483871,37,31,0,31,31,57,31,7,24,35,386,258,1,0,1,4,4,0,27,26,4,1,0,0,1,0.371825396825397,0.0701754385964912,4,4,0,16,24,12,52,8,44,1
"python\src\main\java\org\apache\zeppelin\python\PythonInterpreterPandasSql.java",1.5,4,4.28730173725294,4.80114280694141,6,1,12,5.875,8,2,0,8,8,33,8,0,8,6,57,37,1,0,1,5,5,0,3,25,5,1,0,0,1,0.180555555555556,0.151515151515152,1,1,0,6,2,2,11,8,3,1
"python\src\test\java\org\apache\zeppelin\python\PythonCondaInterpreterTest.java",1,1,3.88815450741941,5.72101340630537,8,0,8,9.375,2,2,0,8,8,8,8,2,6,0,85,51,0,0,0,0,0,0,8,0,0,0,0,0,0,0,0,0,0,0,10,2,2,45,0,45,0
"python\src\test\java\org\apache\zeppelin\python\PythonDockerInterpreterTest.java",1,1,3.54659356429494,4.86860681614517,4,0,4,10.5,2,2,0,4,4,4,4,1,3,0,49,29,0,0,0,0,0,0,4,0,0,0,0,0,0,0,0,0,0,0,8,2,2,31,0,31,0
"python\src\test\java\org\apache\zeppelin\python\PythonInterpreterMatplotlibTest.java",1,1,4.56482010129868,5.11398321627372,9,0,9,9.44444444444444,4,4,0,9,9,9,9,0,9,6,100,74,0,0,0,0,0,0,9,0,0,0,0,0,0,0,0,0,0,0,14,4,4,226,0,226,0
"python\src\test\java\org\apache\zeppelin\python\PythonInterpreterPandasSqlTest.java",1,1,4.68955047830483,5.18722450100676,10,0,10,7.9,5,5,0,10,10,10,10,0,10,6,95,67,0,0,0,0,0,0,10,0,0,0,0,0,0,0,0,0,0,0,15,5,5,177,0,177,1
"python\src\test\java\org\apache\zeppelin\python\PythonInterpreterTest.java",1,1,4.60305590733327,5.50104944039979,8,0,8,5.25,4,4,1,7,8,8,8,0,8,6,55,32,0,0,0,0,0,0,8,0,0,0,0,0,0,0,0,0,0,0,13,4,4,53,0,53,0
"r\src\main\java\org\apache\zeppelin\rinterpreter\KnitR.java",1,1,4.87529209568597,4.83808596431053,19,0,19,3.21052631578947,7,1,0,19,19,34,19,0,19,13,85,45,1,0,1,15,15,0,4,15,15,1,0,0,1,0.455555555555556,0.441176470588235,0,0,0,5,1,1,6,6,0,0
"r\src\main\java\org\apache\zeppelin\rinterpreter\RRepl.java",1,1,4.87529209568597,4.83808596431053,19,0,19,3.21052631578947,7,1,0,19,19,34,19,0,19,13,85,45,1,0,1,15,15,0,4,15,15,1,0,0,1,0.455555555555556,0.441176470588235,0,0,0,5,1,1,6,6,0,0
"r\src\main\java\org\apache\zeppelin\rinterpreter\RStatics.java",1,1,4.64824320591592,5.00621321649772,11,0,11,3.45454545454545,4,4,11,0,11,11,11,0,11,8,44,32,0,0,0,0,0,0,11,0,0,0,0,0,0,0,0,0,0,0,1,4,4,7,0,7,0
"scalding\src\main\java\org\apache\zeppelin\scalding\ScaldingInterpreter.java",2.91666666666667,14,5.3130888177152,6.28721159306583,8,3.68461516157236,35,14.4166666666667,15,9,0,12,12,36,12,1,11,15,193,133,1,0,1,6,6,0,6,24,6,1,0,0,1,0.320634920634921,0.166666666666667,2,2,0,7,8,5,18,2,16,0
"scalding\src\test\java\org\apache\zeppelin\scalding\ScaldingInterpreterTest.java",1.5,5,4.11850778046174,5.32263725749642,8,1.20415945787923,15,6.7,3,3,0,10,10,10,10,1,9,1,81,47,0,0,0,0,0,0,10,0,0,0,0,0,0,0,0,0,0,0,9,3,3,74,0,74,0
"scio\src\test\java\org\apache\zeppelin\scio\ScioInterpreterTest.java",1.125,2,4.02698683335929,5.15302418507257,7,0.330718913883074,9,6.875,4,4,0,8,8,8,8,1,7,0,68,36,0,0,0,0,0,0,8,0,0,0,0,0,0,0,0,0,0,0,11,4,4,30,0,30,0
"shell\src\main\java\org\apache\zeppelin\shell\ShellInterpreter.java",1.66666666666667,5,4.88827943209259,5.98982601050209,6,1.24721912892465,15,7.66666666666667,11,5,0,9,9,32,9,0,9,9,84,55,1,0,1,7,7,0,2,23,7,1,0,0,1,0.284126984126984,0.21875,1,1,0,7,4,3,25,8,17,1
"shell\src\main\java\org\apache\zeppelin\shell\security\ShellSecurityImpl.java",3,3,3.27761343681912,4.37486059618544,0,0,3,20,1,1,1,0,1,1,1,0,1,3,23,14,0,0,0,0,0,0,1,0,0,0,0,0,0,0,0,0,0,0,1,1,1,0,0,0,1
"shell\src\test\java\org\apache\zeppelin\shell\ShellInterpreterTest.java",1.6,2,3.89240711859288,4.53705260533353,2,0.489897948556636,8,7.6,3,3,0,5,5,5,5,0,5,0,48,31,0,0,0,0,0,0,5,0,0,0,0,0,0,0,0,0,0,0,4,3,3,52,0,52,0
"spark\src\main\java\org\apache\zeppelin\spark\DepInterpreter.java",2.73684210526316,9,5.58513670868676,6.87961537925848,8,2.07344374774655,52,11.5263157894737,12,6,1,18,19,42,19,6,13,15,235,155,1,0,1,7,7,0,12,23,7,1,0,0,1,0.326862026862027,0.166666666666667,1,1,0,11,4,4,74,10,64,0
"spark\src\main\java\org\apache\zeppelin\spark\PySparkInterpreter.java",3.22222222222222,13,5.98670244723127,7.40789296436551,8,3.23560439523579,87,15.9259259259259,25,19,0,27,27,54,27,7,20,32,474,325,1,1,1,3,3,0,24,27,3,1,1,1,1,0.193333333333333,0.0555555555555556,5,4,1,20,13,10,100,14,86,1
"spark\src\main\java\org\apache\zeppelin\spark\SparkInterpreter.java",4.24074074074074,58,6.46400085078005,8.03512522050528,19,7.99984996429953,229,20.3703703703704,29,23,3,51,54,78,54,19,35,51,1134,768,1,0,1,6,6,0,48,24,6,1,0,0,1,0.341043083900227,0.0769230769230769,3,3,0,24,19,19,337,44,293,1
"spark\src\main\java\org\apache\zeppelin\spark\SparkRInterpreter.java",2.58333333333333,9,5.0095960153902,6.56623244233742,6,2.43099202430247,31,12.4166666666667,12,6,0,12,12,36,12,2,10,13,165,108,1,0,1,6,6,0,6,24,6,1,0,0,1,0.320634920634921,0.166666666666667,2,2,0,14,6,6,78,12,66,1
"spark\src\main\java\org\apache\zeppelin\spark\SparkSqlInterpreter.java",1.83333333333333,6,4.75603790731175,6.10714525293638,9,1.5723301886761,22,7.91666666666667,9,3,0,12,12,35,12,2,10,10,108,69,1,0,1,7,7,0,5,23,7,1,0,0,1,0.264285714285714,0.2,1,1,0,12,2,2,48,13,35,0
"spark\src\main\java\org\apache\zeppelin\spark\SparkVersion.java",1.125,3,4.011307542876,4.81822001856556,15,0.484122918275927,18,4,14,14,1,15,16,16,16,0,16,8,80,59,0,0,0,0,0,0,16,0,0,0,0,0,0,0,0,0,0,0,0,13,3,0,0,0,1
"spark\src\main\java\org\apache\zeppelin\spark\Utils.java",1.8,3,3.89792048967222,4.72199665753634,4,0.748331477354788,18,6.7,1,1,10,0,10,10,10,0,10,25,70,43,0,0,0,0,0,0,10,0,0,0,0,0,0,0,0,0,0,0,0,1,1,0,0,0,1
"spark\src\main\java\org\apache\zeppelin\spark\ZeppelinContext.java",1.64285714285714,11,5.20433139586465,6.52580539088001,48,1.45440920048279,115,6.78571428571429,9,9,2,68,70,70,70,11,59,135,541,336,0,0,0,0,0,0,70,0,0,0,0,0,0,0,0,0,0,0,17,8,8,173,0,173,1
"spark\src\main\java\org\apache\zeppelin\spark\ZeppelinR.java",1.82352941176471,6,5.51725432900732,6.4020850910065,12,1.50431904147581,31,10.6470588235294,19,19,1,16,17,17,17,3,14,21,224,162,0,0,0,0,0,0,17,0,0,0,0,0,0,0,0,0,0,0,5,14,10,31,0,31,1
"spark\src\main\java\org\apache\zeppelin\spark\ZeppelinRContext.java",1,1,4.297470808273,4.23215889136457,10,0,10,2.6,5,5,10,0,10,10,10,0,10,5,33,26,0,0,0,0,0,0,10,0,0,0,0,0,0,0,0,0,0,0,1,4,4,0,0,0,0
"spark\src\main\java\org\apache\zeppelin\spark\dep\SparkDependencyContext.java",2.44444444444444,6,4.84783681817745,6.13688734688621,5,1.89215404065849,22,10.6666666666667,9,9,0,9,9,9,9,2,7,6,107,81,0,0,0,0,0,0,9,0,0,0,0,0,0,0,0,0,0,0,4,9,4,20,0,20,0
"spark\src\main\java\org\apache\zeppelin\spark\dep\SparkDependencyResolver.java",3.53846153846154,8,4.76357520474758,6.86680513552837,2,2.20542633643561,46,17.3076923076923,8,5,2,11,13,19,13,7,6,25,239,168,1,0,1,1,1,0,12,6,1,1,0,0,1,0.201465201465202,0.0526315789473684,0,0,0,0,5,5,6,6,0,0
"spark\src\test\java\org\apache\zeppelin\spark\DepInterpreterTest.java",1,1,4.12192809488736,5.13859355816354,4,0,4,8.5,3,3,0,4,4,4,4,1,3,0,43,30,0,0,0,0,0,0,4,0,0,0,0,0,0,0,0,0,0,0,12,3,3,46,0,46,0
"spark\src\test\java\org\apache\zeppelin\spark\PySparkInterpreterMatplotlibTest.java",1.11111111111111,2,5.45462712007168,5.04517032039793,8,0.314269680527355,10,11.6666666666667,6,6,4,5,9,9,9,1,8,0,140,108,0,0,0,0,0,0,9,0,0,0,0,0,0,0,0,0,0,0,16,6,6,266,0,266,0
"spark\src\test\java\org\apache\zeppelin\spark\PySparkInterpreterTest.java",1.57142857142857,2,5.54274832644612,5.69451969786903,3,0.494871659305394,11,9.71428571428571,6,6,4,3,7,7,7,1,6,0,93,63,0,0,0,0,0,0,7,0,0,0,0,0,0,0,0,0,0,0,14,6,6,63,0,63,0
"spark\src\test\java\org\apache\zeppelin\spark\SparkInterpreterTest.java",1.42105263157895,3,4.70362676701987,5.68428260944536,12,0.590788008437991,27,8.26315789473684,5,5,4,15,19,19,19,0,19,2,182,122,0,0,0,0,0,0,19,0,0,0,0,0,0,0,0,0,0,0,15,5,5,168,0,168,1
"spark\src\test\java\org\apache\zeppelin\spark\SparkSqlInterpreterTest.java",1.66666666666667,3,4.37366068968818,4.91051428693675,3,0.74535599249993,10,16.3333333333333,5,5,2,4,6,6,6,0,6,0,111,72,0,0,0,0,0,0,6,0,0,0,0,0,0,0,0,0,0,0,15,5,5,137,0,137,0
"spark\src\test\java\org\apache\zeppelin\spark\SparkVersionTest.java",1,1,2.12808527889139,3.48532191894242,3,0,3,10,0,0,0,3,3,3,3,0,3,0,35,28,0,0,0,0,0,0,3,0,0,0,0,0,0,0,0,0,0,0,1,0,0,50,0,50,0
"spark\src\test\java\org\apache\zeppelin\spark\dep\SparkDependencyResolverTest.java",1,1,1.58496250072116,3.0087646845732,1,0,1,22,0,0,0,1,1,1,1,0,1,0,25,13,0,0,0,0,0,0,1,0,0,0,0,0,0,0,0,0,0,0,1,0,0,18,0,18,0
"zeppelin-examples\zeppelin-example-clock\src\main\java\org\apache\zeppelin\example\app\clock\Clock.java",1.6,3,4.49468036840891,5.11575809286256,3,0.8,8,9.4,5,4,1,4,5,14,5,0,5,5,55,35,1,0,1,0,0,0,5,9,0,1,0,0,1,0.138888888888889,0,2,2,0,7,3,3,18,4,14,0
"zeppelin-interpreter\src\main\java\org\apache\zeppelin\dep\AbstractDependencyResolver.java",1.28571428571429,3,4.57809785392192,5.21972009880698,5,0.880630571852711,9,8,3,3,0,7,7,7,7,0,7,15,61,41,0,1,0,1,0,1,7,0,0,0,2,2,0,0,0,1,0,1,1,3,3,5,0,5,0
"zeppelin-interpreter\src\main\java\org\apache\zeppelin\dep\Booter.java",1.8,3,3.39274741044878,4.58313028842357,3,0.979795897113271,9,7,0,0,5,0,5,5,5,0,5,3,37,25,0,0,0,0,0,0,5,0,0,0,0,0,0,0,0,0,0,0,1,0,0,1,0,1,1
"zeppelin-interpreter\src\main\java\org\apache\zeppelin\dep\Dependency.java",1.22222222222222,2,3.64696666827365,4.03095213149284,7,0.415739709641549,11,4.22222222222222,3,3,0,9,9,9,9,0,9,3,44,31,0,0,0,0,0,0,9,0,0,0,0,0,0,0,0,0,0,0,0,2,2,0,0,0,0
"zeppelin-interpreter\src\main\java\org\apache\zeppelin\dep\DependencyContext.java",1.875,6,4.75669990924952,5.80837891057829,5,1.61535599791501,15,8.625,8,8,0,8,8,8,8,1,7,4,79,59,0,0,0,0,0,0,8,0,0,0,0,0,0,0,0,0,0,0,3,8,4,17,0,17,0
"zeppelin-interpreter\src\main\java\org\apache\zeppelin\dep\DependencyResolver.java",2.625,5,4.02742684651169,5.86357874643917,3,1.40867845869808,21,12.125,5,2,0,8,8,15,8,1,7,16,104,72,1,0,1,0,0,0,8,7,0,1,0,0,1,0.148148148148148,0,1,1,0,0,2,2,2,2,0,0
"zeppelin-interpreter\src\main\java\org\apache\zeppelin\dep\Repository.java",1.27272727272727,3,3.61570179589942,4.08088616140683,9,0.616575453011388,14,4.63636363636364,10,10,0,11,11,11,11,0,11,6,63,46,0,0,0,0,0,0,11,0,0,0,0,0,0,0,0,0,0,0,0,9,2,0,0,0,0
"zeppelin-interpreter\src\main\java\org\apache\zeppelin\dep\RepositoryListener.java",1,1,3.44246050810239,3.42092090063236,18,0,18,2.94444444444444,1,1,0,18,18,18,18,0,18,17,73,37,1,0,1,0,0,0,18,0,0,1,0,0,1,0.157894736842105,0,0,0,0,0,1,1,0,0,0,0
"zeppelin-interpreter\src\main\java\org\apache\zeppelin\dep\RepositorySystemFactory.java",1,1,3.88017992267574,3.34144607116552,1,0,1,7,0,0,1,0,1,1,1,0,1,0,24,15,0,0,0,0,0,0,1,0,0,0,0,0,0,0,0,0,0,0,1,0,0,0,0,0,0
"zeppelin-interpreter\src\main\java\org\apache\zeppelin\dep\TransferListener.java",2,5,4.64768784441614,5.62913338785203,5,1.34164078649987,20,7.7,4,4,0,10,10,10,10,4,6,11,88,64,1,0,1,0,0,0,10,0,0,1,0,0,1,0.151515151515152,0,0,0,0,0,3,3,0,0,0,0
"zeppelin-interpreter\src\main\java\org\apache\zeppelin\display\AngularObject.java",1.25,3,4.65558993842966,5.43650675347482,17,0.622494979899437,25,5.3,6,6,0,20,20,20,20,1,19,14,117,81,0,1,0,0,0,0,20,0,0,0,1,1,0,0,0,1,0,1,3,5,3,4,0,4,0
"zeppelin-interpreter\src\main\java\org\apache\zeppelin\display\AngularObjectRegistry.java",1.58823529411765,4,3.90045124903372,4.76571388447751,10,0.844276476141607,27,7,5,5,0,17,17,17,17,4,13,35,126,84,0,1,0,1,0,1,17,0,0,0,1,1,0,0,0,0,0,0,3,3,2,7,0,7,0
"zeppelin-interpreter\src\main\java\org\apache\zeppelin\display\AngularObjectWatcher.java",0.666666666666667,1,2.7527152789797,2.68401728082985,3,0.471404520791032,2,2.33333333333333,1,1,0,3,3,3,3,0,3,6,10,7,0,1,0,4,0,4,3,0,0,0,4,4,0,0,0,4,0,4,1,1,1,0,0,0,0
"zeppelin-interpreter\src\main\java\org\apache\zeppelin\display\GUI.java",1.63636363636364,4,4.17509434793842,4.61410027177111,7,0.979120874024455,18,5.36363636363636,2,2,0,11,11,11,11,1,10,13,63,45,0,0,0,0,0,0,11,0,0,0,0,0,0,0,0,0,0,0,2,2,1,15,0,15,0
"zeppelin-interpreter\src\main\java\org\apache\zeppelin\display\Input.java",2.7037037037037,23,4.74105457264431,6.26164562696655,19,4.56082200855175,73,12.2222222222222,9,9,12,15,27,27,27,5,22,42,377,291,0,0,0,0,0,0,27,0,0,0,0,0,0,0,0,0,0,0,1,7,3,7,0,7,0
"zeppelin-interpreter\src\main\java\org\apache\zeppelin\helium\Application.java",0.818181818181818,1,3.94983197346525,4.22588540546485,11,0.385694607919935,9,4.18181818181818,1,1,0,11,11,11,11,2,9,7,56,37,0,1,0,3,0,3,11,0,0,0,4,4,0,0,0,5,0,5,5,1,1,9,0,9,0
"zeppelin-interpreter\src\main\java\org\apache\zeppelin\helium\ApplicationContext.java",1,1,3.29345505252806,3.40001040704056,5,0,5,4.6,5,5,0,5,5,5,5,0,5,5,30,20,0,0,0,0,0,0,5,0,0,0,0,0,0,0,0,0,0,0,2,5,3,0,0,0,0
"zeppelin-interpreter\src\main\java\org\apache\zeppelin\helium\ApplicationException.java",1,1,2.0588138903312,2.19715972342415,3,0,3,2.66666666666667,0,0,0,3,3,3,3,0,3,2,10,6,1,0,1,0,0,0,3,0,0,1,0,0,1,0.125,0,0,0,0,0,0,0,0,0,0,0
"zeppelin-interpreter\src\main\java\org\apache\zeppelin\helium\ApplicationLoader.java",4.4,10,4.8437117594485,6.09824845076724,1,3.07245829914744,22,19.8,4,4,1,4,5,5,5,1,4,13,138,92,0,0,0,0,0,0,5,0,0,0,0,0,0,0,0,0,0,0,13,3,3,34,0,34,0
"zeppelin-interpreter\src\main\java\org\apache\zeppelin\helium\ClassLoaderApplication.java",1.8,3,3.5220552088742,3.99501295066531,3,0.979795897113271,9,7.4,3,2,0,5,5,14,5,0,5,7,43,27,1,0,1,0,0,0,5,9,0,1,0,0,1,0.138888888888889,0,2,2,0,2,2,2,10,6,4,0
"zeppelin-interpreter\src\main\java\org\apache\zeppelin\helium\HeliumAppAngularObjectRegistry.java",1,1,3.63027535488198,3.56237881293526,5,0,5,3.8,3,3,0,5,5,5,5,0,5,7,24,16,0,0,0,0,0,0,5,0,0,0,0,0,0,0,0,0,0,0,2,3,2,16,0,16,0
"zeppelin-interpreter\src\main\java\org\apache\zeppelin\helium\HeliumPackage.java",1.09090909090909,2,4.18281731512102,4.18507319910183,10,0.287479787288034,12,4.63636363636364,8,8,0,11,11,11,11,0,11,9,69,42,0,0,0,0,0,0,11,0,0,0,0,0,0,0,0,0,0,0,1,8,2,0,0,0,0
"zeppelin-interpreter\src\main\java\org\apache\zeppelin\interpreter\ClassloaderInterpreter.java",1.89473684210526,3,4.78077181780862,4.29720240818524,3,0.446593756538872,36,10.8421052631579,8,2,0,19,19,49,19,0,19,29,229,141,1,0,1,0,0,0,19,30,0,1,0,0,1,0.158333333333333,0,15,15,0,6,2,2,28,28,0,1
"zeppelin-interpreter\src\main\java\org\apache\zeppelin\interpreter\Constants.java",0,0,2.40563906222957,0,0,0,0,0,4,4,0,0,0,0,0,0,0,0,6,5,0,0,0,0,0,0,0,0,0,0,0,0,0,0,0,0,0,0,0,3,1,0,0,0,0
"zeppelin-interpreter\src\main\java\org\apache\zeppelin\interpreter\Interpreter.java",1.26666666666667,7,5.50950976774019,5.89960319802898,26,1.45907124188262,38,4.66666666666667,6,6,4,26,30,30,30,0,30,35,238,152,0,3,0,313,0,313,30,0,0,0,46,59,0,0,0,85,0,85,11,6,6,31,0,31,1
"zeppelin-interpreter\src\main\java\org\apache\zeppelin\interpreter\InterpreterContext.java",1,1,5.05111606494258,5.20741822112444,23,0,23,5.34782608695652,16,16,3,20,23,23,23,0,23,42,141,76,0,0,0,0,0,0,23,0,0,0,0,0,0,0,0,0,0,0,9,13,8,2,0,2,0
"zeppelin-interpreter\src\main\java\org\apache\zeppelin\interpreter\InterpreterContextRunner.java",1.2,3,3.27280432733462,3.30245643889288,4,0.979795897113271,6,4.8,2,2,0,5,5,5,5,0,5,3,30,18,0,1,0,3,0,3,5,0,0,0,3,3,0,0,0,0,0,0,0,2,1,0,0,0,0
"zeppelin-interpreter\src\main\java\org\apache\zeppelin\interpreter\InterpreterException.java",1,1,2.40563906222957,2.25,2,0,2,3,0,0,0,2,2,2,2,0,2,2,8,5,1,0,1,0,0,0,2,0,0,1,0,0,1,0.111111111111111,0,0,0,0,0,0,0,0,0,0,0
"zeppelin-interpreter\src\main\java\org\apache\zeppelin\interpreter\InterpreterGroup.java",1.47826086956522,4,4.99894891908744,5.7884440247761,18,0.97220346847817,34,6.34782608695652,8,8,3,20,23,23,23,3,20,17,157,112,1,0,1,0,0,0,23,0,0,1,0,0,1,0.159722222222222,0,0,0,0,5,6,6,9,0,9,0
"zeppelin-interpreter\src\main\java\org\apache\zeppelin\interpreter\InterpreterHookRegistry.java",1.85714285714286,3,3.30014727930925,3.9875658970661,2,0.63887656499994,13,8,3,3,0,7,7,7,7,0,7,14,67,42,0,0,0,0,0,0,7,0,0,0,0,0,0,0,0,0,0,0,1,3,2,0,0,0,1
"zeppelin-interpreter\src\main\java\org\apache\zeppelin\interpreter\InterpreterOption.java",1.11111111111111,3,4.72612167697477,4.83911237181557,25,0.415739709641549,30,3.66666666666667,12,12,1,26,27,27,27,0,27,13,113,82,0,0,0,0,0,0,27,0,0,0,0,0,0,0,0,0,0,0,0,7,2,0,0,0,0
"zeppelin-interpreter\src\main\java\org\apache\zeppelin\interpreter\InterpreterOutput.java",2,12,5.35810083929488,5.58806950528506,12,2.27636073191798,44,9.40909090909091,11,11,0,22,22,22,22,2,20,17,224,159,1,0,1,0,0,0,22,0,0,1,0,0,1,0.159420289855072,0,0,0,0,6,5,4,25,0,25,0
"zeppelin-interpreter\src\main\java\org\apache\zeppelin\interpreter\InterpreterOutputChangeWatcher.java",3.6,11,4.51531953111478,5.5873655203232,2,3.77359245282264,18,15.6,6,6,0,5,5,5,5,0,5,3,86,63,1,0,1,0,0,0,5,0,0,1,0,0,1,0.138888888888889,0,0,0,0,1,4,4,0,0,0,0
"zeppelin-interpreter\src\main\java\org\apache\zeppelin\interpreter\InterpreterProperty.java",1.35714285714286,5,3.48925273449308,3.99949995719251,12,1.04246567995189,19,4.28571428571429,4,4,0,14,14,14,14,0,14,11,67,46,0,0,0,0,0,0,14,0,0,0,0,0,0,0,0,0,0,0,0,4,1,0,0,0,0
"zeppelin-interpreter\src\main\java\org\apache\zeppelin\interpreter\InterpreterPropertyBuilder.java",1,1,3.28679019882711,3.43824580816205,3,0,3,4.33333333333333,1,1,0,3,3,3,3,0,3,8,16,10,0,0,0,0,0,0,3,0,0,0,0,0,0,0,0,0,0,0,1,1,1,8,0,8,0
"zeppelin-interpreter\src\main\java\org\apache\zeppelin\interpreter\InterpreterResult.java",1.44444444444444,4,4.58522910243775,4.61496485962179,7,0.955813918560292,13,5.55555555555556,3,3,0,9,9,9,9,0,9,12,70,43,0,0,0,0,0,0,9,0,0,0,0,0,0,0,0,0,0,0,4,3,3,12,0,12,0
"zeppelin-interpreter\src\main\java\org\apache\zeppelin\interpreter\InterpreterResultMessage.java",1,1,3.01057093426848,3.1333807190554,4,0,4,3.25,2,2,0,4,4,4,4,0,4,2,17,12,0,0,0,0,0,0,4,0,0,0,0,0,0,0,0,0,0,0,1,2,2,0,0,0,0
"zeppelin-interpreter\src\main\java\org\apache\zeppelin\interpreter\InterpreterResultMessageOutput.java",2.23809523809524,6,5.23580395760542,5.95111427261725,10,1.60073679180682,47,8.33333333333333,9,9,0,21,21,21,21,2,19,20,190,131,1,0,1,0,0,0,21,0,0,1,0,0,1,0.159090909090909,0,0,0,0,6,6,5,10,0,10,0
"zeppelin-interpreter\src\main\java\org\apache\zeppelin\interpreter\InterpreterRunner.java",2,2,2.41938194564637,2.8073549220576,0,0,2,3,2,2,0,1,1,1,1,0,1,0,9,5,0,0,0,0,0,0,1,0,0,0,0,0,0,0,0,0,0,0,0,2,1,0,0,0,0
"zeppelin-interpreter\src\main\java\org\apache\zeppelin\interpreter\InterpreterUtils.java",3,3,2.32192809488736,2.95281953111478,0,0,3,9,0,0,1,0,1,1,1,0,1,1,11,7,0,0,0,0,0,0,1,0,0,0,0,0,0,0,0,0,0,0,0,0,0,0,0,0,0
"zeppelin-interpreter\src\main\java\org\apache\zeppelin\interpreter\LazyOpenInterpreter.java",1.16,3,4.62795050874202,4.8163038961955,22,0.463033476111609,29,3.96,8,2,0,25,25,33,25,0,25,22,128,69,1,0,1,22,22,0,3,8,22,1,0,0,1,0.369444444444444,0.666666666666667,0,0,0,5,1,1,45,45,0,1
"zeppelin-interpreter\src\main\java\org\apache\zeppelin\interpreter\RemoteZeppelinServerResource.java",1,1,3.70346518960165,3.33496250072116,6,0,6,3,3,3,0,6,6,6,6,0,6,3,26,17,0,0,0,0,0,0,6,0,0,0,0,0,0,0,0,0,0,0,1,2,2,0,0,0,0
"zeppelin-interpreter\src\main\java\org\apache\zeppelin\interpreter\remote\AppendOutputBuffer.java",1,1,2.84837391201437,2.99526620570692,5,0,5,3.6,4,4,0,5,5,5,5,0,5,4,24,18,0,0,0,0,0,0,5,0,0,0,0,0,0,0,0,0,0,0,0,3,1,0,0,0,0
"zeppelin-interpreter\src\main\java\org\apache\zeppelin\interpreter\remote\AppendOutputRunner.java",3,7,4.30015301669771,5.42943557445637,2,2.82842712474619,9,16.3333333333333,6,6,0,3,3,3,3,0,3,6,59,42,0,0,0,0,0,0,3,0,0,0,0,0,0,0,0,0,0,0,2,5,3,9,0,9,0
"zeppelin-interpreter\src\main\java\org\apache\zeppelin\interpreter\remote\ClientFactory.java",1.4,2,3.91767238961449,4.67037300063627,3,0.489897948556636,7,6.4,3,3,0,5,5,5,5,0,5,6,41,26,1,0,1,0,0,0,5,0,0,1,0,0,1,0.138888888888889,0,0,0,0,3,2,2,0,0,0,0
"zeppelin-interpreter\src\main\java\org\apache\zeppelin\interpreter\remote\InterpreterContextRunnerPool.java",2,4,3.82453340688191,4.2220491104666,2,1.09544511501033,10,8,2,2,0,5,5,5,5,0,5,7,44,29,0,0,0,0,0,0,5,0,0,0,0,0,0,0,0,0,0,0,2,2,2,7,0,7,0
"zeppelin-interpreter\src\main\java\org\apache\zeppelin\interpreter\remote\RemoteAngularObject.java",1.33333333333333,2,3.72944619490526,4.05042151147581,2,0.471404520791032,4,5.66666666666667,7,1,0,3,3,23,3,0,3,11,21,11,1,0,1,0,0,0,3,20,0,1,0,0,1,0.125,0,1,1,0,3,1,1,22,12,10,0
"zeppelin-interpreter\src\main\java\org\apache\zeppelin\interpreter\remote\RemoteAngularObjectRegistry.java",2.5,5,3.95220392932647,4.94180234279266,3,1.80277563773199,15,11.5,7,2,0,6,6,20,6,2,4,20,74,48,1,0,1,1,1,0,5,14,1,1,0,0,1,0.494444444444444,0.05,0,0,0,6,2,2,52,27,25,1
"zeppelin-interpreter\src\main\java\org\apache\zeppelin\interpreter\remote\RemoteEventClient.java",1,1,3.08505510275648,2.62351664121802,2,0,2,3,1,1,0,2,2,2,2,0,2,2,10,6,0,0,0,0,0,0,2,0,0,0,0,0,0,0,0,0,0,0,1,1,1,2,0,2,0
"zeppelin-interpreter\src\main\java\org\apache\zeppelin\interpreter\remote\RemoteInterpreter.java",2.69230769230769,7,5.37502848175872,6.77347705206654,10,1.83490160644255,70,15.3846153846154,24,18,1,25,26,54,26,5,21,66,429,291,1,0,1,2,2,0,24,28,2,1,0,0,1,0.515555555555556,0.037037037037037,7,7,0,22,12,6,180,14,166,1
"zeppelin-interpreter\src\main\java\org\apache\zeppelin\interpreter\remote\RemoteInterpreterContextRunner.java",1,1,2.72548055699787,2.50325833477565,2,0,2,3,2,0,0,2,2,6,2,0,2,2,9,5,1,0,1,1,1,0,1,4,1,1,0,0,1,0.15,0.166666666666667,0,0,0,1,0,0,5,3,2,0
"zeppelin-interpreter\src\main\java\org\apache\zeppelin\interpreter\remote\RemoteInterpreterEventClient.java",1.73684210526316,5,5.41165538499202,5.87849261970511,13,1.20708894117681,33,10.9473684210526,5,5,0,19,19,19,19,1,18,48,217,138,0,0,0,0,0,0,19,0,0,0,0,0,0,0,0,0,0,0,12,5,4,59,0,59,1
"zeppelin-interpreter\src\main\java\org\apache\zeppelin\interpreter\remote\RemoteInterpreterEventPoller.java",5.36363636363636,26,5.02889048861867,6.75920279196311,4,6.99704778359777,59,31.8181818181818,7,7,0,11,11,11,11,6,5,21,361,252,1,0,1,0,0,0,11,0,0,1,0,0,1,0.152777777777778,0,0,0,0,23,4,4,150,0,150,1
"zeppelin-interpreter\src\main\java\org\apache\zeppelin\interpreter\remote\RemoteInterpreterManagedProcess.java",2.22222222222222,11,5.01843025496147,5.80793239138798,7,3.11903752169293,20,13,15,9,0,9,9,26,9,0,9,22,173,108,1,0,1,4,4,0,5,17,4,1,0,0,1,0.202380952380952,0.153846153846154,1,1,0,6,7,5,24,7,17,1
"zeppelin-interpreter\src\main\java\org\apache\zeppelin\interpreter\remote\RemoteInterpreterProcess.java",1.76190476190476,7,5.29184586238423,5.7478586691682,11,1.7969487870584,37,7.80952380952381,6,6,0,21,21,21,21,0,21,27,172,109,0,1,0,9,0,9,21,0,0,0,2,2,0,0,0,1,0,1,7,5,5,13,0,13,0
"zeppelin-interpreter\src\main\java\org\apache\zeppelin\interpreter\remote\RemoteInterpreterRunningProcess.java",1,1,3.88815450741941,4.03890976555739,6,0,6,4,9,3,0,6,6,22,6,0,6,7,34,16,1,0,1,5,5,0,1,16,5,1,0,0,1,0.162698412698413,0.227272727272727,0,0,0,3,2,2,9,4,5,1
"zeppelin-interpreter\src\main\java\org\apache\zeppelin\interpreter\remote\RemoteInterpreterServer.java",2.46511627906977,8,6.69325760532713,7.28989694867095,22,2.00405214165679,106,13.9302325581395,15,15,1,42,43,43,43,11,32,96,849,505,1,2,1,1,0,1,43,0,0,1,1,2,1,0.162878787878788,0,4,0,4,50,14,13,304,0,304,1
"zeppelin-interpreter\src\main\java\org\apache\zeppelin\interpreter\remote\RemoteInterpreterUtils.java",3,5,3.41829583405449,4.20149641829268,1,2,6,14.5,1,1,2,0,2,2,2,0,2,4,32,21,0,0,0,0,0,0,2,0,0,0,0,0,0,0,0,0,0,0,0,1,1,0,0,0,1
"zeppelin-interpreter\src\main\java\org\apache\zeppelin\interpreter\thrift\InterpreterCompletion.java",2.24137931034483,8,6.05568481393146,5.77825186305442,16,1.92363112841122,65,7.3448275862069,8,8,0,29,29,29,29,2,27,21,375,252,0,0,0,0,0,0,29,0,0,0,0,0,0,0,0,0,0,0,3,8,4,2,0,2,0
"zeppelin-interpreter\src\main\java\org\apache\zeppelin\interpreter\thrift\RemoteApplicationResult.java",2.13793103448276,8,6.12789359159915,6.00372058086636,17,1.90686849140669,62,7.24137931034483,10,10,0,29,29,29,29,2,27,21,372,254,0,0,0,0,0,0,29,0,0,0,0,0,0,0,0,0,0,0,3,7,4,2,0,2,1
"zeppelin-interpreter\src\main\java\org\apache\zeppelin\interpreter\thrift\RemoteInterpreterContext.java",3.203125,29,6.02759590044543,6.34499976459191,44,5.90068769164875,205,10.4375,22,22,0,64,64,64,64,2,62,42,1040,721,0,0,0,0,0,0,64,0,0,0,0,0,0,0,0,0,0,0,3,22,4,2,0,2,0
"zeppelin-interpreter\src\main\java\org\apache\zeppelin\interpreter\thrift\RemoteInterpreterEvent.java",2.24137931034483,8,6.1394246236609,5.89734201444236,16,1.92363112841122,65,7.3448275862069,8,8,0,29,29,29,29,2,27,21,375,252,0,0,0,0,0,0,29,0,0,0,0,0,0,0,0,0,0,0,4,8,5,3,0,3,0
"zeppelin-interpreter\src\main\java\org\apache\zeppelin\interpreter\thrift\RemoteInterpreterEventType.java",3.8,15,4.40267361311432,3.85538854220753,4,5.6,19,8,15,15,1,4,5,5,5,1,4,3,57,23,0,0,0,0,0,0,5,0,0,0,0,0,0,0,0,0,0,0,0,14,1,0,0,0,0
"zeppelin-interpreter\src\main\java\org\apache\zeppelin\interpreter\thrift\RemoteInterpreterResult.java",2.66666666666667,14,6.25336155226814,6.1616743537724,24,3.19722101554181,112,8.54761904761905,12,12,0,42,42,42,42,2,40,28,616,422,0,0,0,0,0,0,42,0,0,0,0,0,0,0,0,0,0,0,4,12,5,4,0,4,0
"zeppelin-interpreter\src\main\java\org\apache\zeppelin\interpreter\thrift\RemoteInterpreterResultMessage.java",2.24137931034483,8,6.06048602489961,5.86134509068768,16,1.92363112841122,65,7.3448275862069,8,8,0,29,29,29,29,2,27,21,375,252,0,0,0,0,0,0,29,0,0,0,0,0,0,0,0,0,0,0,3,8,4,2,0,2,0
"zeppelin-interpreter\src\main\java\org\apache\zeppelin\interpreter\thrift\RemoteInterpreterService.java",0,0,7.31577488630783,0,0,0,0,0,0,0,0,0,0,0,0,0,0,0,18294,12370,0,0,0,0,0,0,0,0,0,0,0,0,0,0,0,0,0,0,0,0,0,0,0,0,1
"zeppelin-interpreter\src\main\java\org\apache\zeppelin\interpreter\thrift\ZeppelinServerResourceParagraphRunner.java",2.24137931034483,8,6.08311619426518,5.86134509068767,16,1.92363112841122,65,7.3448275862069,8,8,0,29,29,29,29,2,27,21,375,252,0,0,0,0,0,0,29,0,0,0,0,0,0,0,0,0,0,0,3,8,4,2,0,2,0
"zeppelin-interpreter\src\main\java\org\apache\zeppelin\interpreter\util\InterpreterOutputStream.java",1.55555555555556,2,4.01914380898394,3.66866305275371,4,0.496903994999953,14,4.66666666666667,8,2,0,9,9,14,9,1,8,9,52,31,2,0,2,5,5,0,4,5,5,2,0,0,1,0.344444444444444,0.714285714285714,1,1,0,1,2,2,20,10,10,0
"zeppelin-interpreter\src\main\java\org\apache\zeppelin\interpreter\util\LogOutputStream.java",1.7,5,4.43229424394886,4.50481820262139,6,1.34536240470737,17,5.8,6,6,0,10,10,10,10,3,7,8,70,51,1,1,1,5,0,5,10,0,0,1,1,1,1,0.151515151515152,0,1,0,1,0,1,1,0,0,0,0
"zeppelin-interpreter\src\main\java\org\apache\zeppelin\resource\ByteBufferInputStream.java",1.75,2,3.19715972342415,3.56769644400213,1,0.433012701892219,7,6,1,1,1,3,4,4,4,0,4,5,27,18,1,0,1,0,0,0,4,0,0,1,0,0,1,0.133333333333333,0,0,0,0,0,1,1,0,0,0,0
"zeppelin-interpreter\src\main\java\org\apache\zeppelin\resource\DistributedResourcePool.java",2,4,3.65791359150889,4.13979815190989,4,1.30930734141595,14,7.85714285714286,3,1,0,7,7,13,7,0,7,13,61,36,1,0,1,3,3,0,4,6,3,1,0,0,1,0.577777777777778,0.230769230769231,2,2,0,3,0,0,17,9,8,0
"zeppelin-interpreter\src\main\java\org\apache\zeppelin\resource\LocalResourcePool.java",1,1,3.93632315046287,3.99993836382373,9,0,9,3.66666666666667,2,2,0,9,9,9,9,0,9,15,46,27,0,1,0,3,0,3,9,0,0,0,1,1,0,0,0,0,0,0,3,2,2,32,0,32,0
"zeppelin-interpreter\src\main\java\org\apache\zeppelin\resource\RemoteResource.java",1.16666666666667,2,3.86346518960165,3.95909437135033,5,0.372677996249965,7,3.83333333333333,5,1,0,6,6,14,6,0,6,6,28,17,1,0,1,2,2,0,4,8,2,1,0,0,1,0.533333333333333,0.142857142857143,0,0,0,2,0,0,9,9,0,1
"zeppelin-interpreter\src\main\java\org\apache\zeppelin\resource\Resource.java",1.4,3,4.07771544722551,5.10726542674538,7,0.66332495807108,14,6.4,4,4,2,8,10,10,10,0,10,8,70,52,0,1,0,2,0,2,10,0,0,0,1,1,0,0,0,0,0,0,2,2,2,2,0,2,1
"zeppelin-interpreter\src\main\java\org\apache\zeppelin\resource\ResourceId.java",1.33333333333333,3,3.33839688690994,3.68728322879462,7,0.666666666666667,12,5,4,4,0,9,9,9,9,1,8,9,53,36,0,0,0,0,0,0,9,0,0,0,0,0,0,0,0,0,0,0,0,4,1,0,0,0,0
"zeppelin-interpreter\src\main\java\org\apache\zeppelin\resource\ResourcePoolUtils.java",6.25,14,3.82306798227366,5.32418481953771,2,5.53962995154008,25,23.75,1,1,4,0,4,4,4,0,4,6,98,69,0,0,0,0,0,0,4,0,0,0,0,0,0,0,0,0,0,0,7,1,1,49,0,49,0
"zeppelin-interpreter\src\main\java\org\apache\zeppelin\resource\ResourceSet.java",2.55555555555556,3,3.68163377068352,4.11039979324017,2,0.831479419283098,23,7.66666666666667,0,0,0,9,9,9,9,1,8,9,71,53,1,0,1,0,0,0,9,0,0,1,0,0,1,0.15,0,0,0,0,2,0,0,10,0,10,0
"zeppelin-interpreter\src\main\java\org\apache\zeppelin\resource\WellKnownResourceName.java",1,1,2.66353275480426,1.75,4,0,4,1.5,3,3,0,4,4,4,4,0,4,2,11,6,0,0,0,0,0,0,4,0,0,0,0,0,0,0,0,0,0,0,0,3,2,0,0,0,0
"zeppelin-interpreter\src\main\java\org\apache\zeppelin\scheduler\ExecutorFactory.java",1.71428571428571,3,3.72850211574263,3.86928478081117,3,0.699854212223765,12,6,3,3,1,6,7,7,7,0,7,4,47,31,0,0,0,0,0,0,7,0,0,0,0,0,0,0,0,0,0,0,0,3,3,0,0,0,0
"zeppelin-interpreter\src\main\java\org\apache\zeppelin\scheduler\FIFOScheduler.java",1.875,4,4.49759893097358,5.11555992890524,4,1.05326872164704,15,13,7,7,0,8,8,8,8,0,8,6,120,79,0,0,0,0,0,0,8,0,0,0,0,0,0,0,0,0,0,0,3,5,5,3,0,3,0
"zeppelin-interpreter\src\main\java\org\apache\zeppelin\scheduler\Job.java",1.03225806451613,4,5.45134252781043,5.63438184220652,28,0.860752520266215,32,4.41935483870968,12,12,1,30,31,31,31,3,28,22,165,122,0,1,0,65,0,65,31,0,0,0,11,11,0,0,0,1,0,1,3,9,5,10,0,10,1
"zeppelin-interpreter\src\main\java\org\apache\zeppelin\scheduler\JobProgressPoller.java",3.33333333333333,8,3.57661764490867,3.8743143482002,2,3.29983164553722,10,10.3333333333333,5,5,0,3,3,3,3,0,3,4,39,26,1,0,1,0,0,0,3,0,0,1,0,0,1,0.125,0,0,0,0,2,2,2,3,0,3,0
"zeppelin-interpreter\src\main\java\org\apache\zeppelin\scheduler\ParallelScheduler.java",1.77777777777778,4,4.97839662898976,4.96083014991232,5,1.03040205505508,16,8.77777777777778,8,8,0,9,9,9,9,0,9,8,138,94,0,0,0,0,0,0,9,0,0,0,0,0,0,0,0,0,0,0,4,5,4,6,0,6,0
"zeppelin-interpreter\src\main\java\org\apache\zeppelin\scheduler\RemoteScheduler.java",2.11111111111111,6,5.90037087080271,5.19641309907153,4,1.52347880008912,19,10.6666666666667,10,10,0,9,9,9,9,0,9,11,321,218,0,0,0,0,0,0,9,0,0,0,0,0,0,0,0,0,0,0,5,7,5,7,0,7,0
"zeppelin-interpreter\src\main\java\org\apache\zeppelin\scheduler\SchedulerFactory.java",1.8,4,4.60701061939915,4.90057819013875,4,0.871779788708135,18,8.4,5,5,1,9,10,10,10,0,10,14,93,56,0,0,0,0,0,0,10,0,0,0,0,0,0,0,0,0,0,0,7,5,5,25,0,25,0
"zeppelin-interpreter\src\main\java\org\apache\zeppelin\user\AuthenticationInfo.java",1.09090909090909,2,3.70442521941587,3.8761431250852,10,0.287479787288034,12,3.45454545454545,5,5,1,10,11,11,11,0,11,7,46,31,0,0,0,0,0,0,11,0,0,0,0,0,0,0,0,0,0,0,1,5,4,0,0,0,0
"zeppelin-interpreter\src\main\java\org\apache\zeppelin\user\Credentials.java",2.25,4,4.36275879995416,5.69849844111563,2,0.968245836551854,18,11.25,5,5,0,8,8,8,8,2,6,10,97,75,0,0,0,0,0,0,8,0,0,0,0,0,0,0,0,0,0,0,2,5,5,4,0,4,0
"zeppelin-interpreter\src\main\java\org\apache\zeppelin\user\CredentialsInfoSaving.java",0,0,2.32192809488736,0,0,0,0,0,1,1,0,0,0,0,0,0,0,0,3,2,0,0,0,0,0,0,0,0,0,0,0,0,0,0,0,0,0,0,0,1,1,0,0,0,0
"zeppelin-interpreter\src\main\java\org\apache\zeppelin\user\UserCredentials.java",1,1,3.40726822961739,3.30196144106837,5,0,5,3.4,1,1,0,5,5,5,5,0,5,5,21,12,0,0,0,0,0,0,5,0,0,0,0,0,0,0,0,0,0,0,1,1,1,0,0,0,0
"zeppelin-interpreter\src\main\java\org\apache\zeppelin\user\UsernamePassword.java",1,1,2.78273152052189,2.52517118635505,6,0,6,3.66666666666667,2,2,0,6,6,6,6,0,6,4,27,16,0,0,0,0,0,0,6,0,0,0,0,0,0,0,0,0,0,0,0,2,1,0,0,0,0
"zeppelin-interpreter\src\test\java\org\apache\zeppelin\dep\BooterTest.java",1,1,2.64160416786859,3.78834133965675,3,0,3,4.33333333333333,0,0,0,3,3,3,3,0,3,0,18,10,0,0,0,0,0,0,3,0,0,0,0,0,0,0,0,0,0,0,1,0,0,6,0,6,0
"zeppelin-interpreter\src\test\java\org\apache\zeppelin\dep\DependencyResolverTest.java",1,1,4.27214015980211,4.68091280496178,6,0,6,6.66666666666667,6,6,2,4,6,6,6,0,6,0,55,40,0,0,0,0,0,0,6,0,0,0,0,0,0,0,0,0,0,0,2,6,4,36,0,36,1
"zeppelin-interpreter\src\test\java\org\apache\zeppelin\display\AngularObjectRegistryTest.java",1,1,2.12808527889139,4.15571361782294,3,0,3,21,0,0,0,3,3,3,3,0,3,0,68,53,0,0,0,0,0,0,3,0,0,0,0,0,0,0,0,0,0,0,2,0,0,155,0,155,0
"zeppelin-interpreter\src\test\java\org\apache\zeppelin\display\AngularObjectTest.java",1,1,2.40563906222957,3.96168711284127,3,0,3,25.3333333333333,0,0,0,3,3,3,3,0,3,0,81,38,0,0,0,0,0,0,3,0,0,0,0,0,0,0,0,0,0,0,1,0,0,133,0,133,0
"zeppelin-interpreter\src\test\java\org\apache\zeppelin\display\InputTest.java",1,1,3.09579525500093,4.28320307540385,4,0,4,17.25,0,0,0,4,4,4,4,0,4,0,75,55,0,0,0,0,0,0,4,0,0,0,0,0,0,0,0,0,0,0,2,0,0,57,0,57,0
"zeppelin-interpreter\src\test\java\org\apache\zeppelin\helium\ApplicationLoaderTest.java",1,1,4.17947057079725,5.33460458665208,5,0,5,8.4,1,1,0,5,5,5,5,0,5,5,48,25,0,0,0,0,0,0,5,0,0,0,0,0,0,0,0,0,0,0,9,1,1,34,0,34,0
"zeppelin-interpreter\src\test\java\org\apache\zeppelin\helium\MockApplication1.java",1,1,3.50689059560852,3.07781953111478,5,0,5,3.4,3,2,0,5,5,12,5,0,5,2,23,15,1,0,1,2,2,0,3,7,2,1,0,0,1,0.199074074074074,0.166666666666667,0,0,0,2,0,0,2,2,0,0
"zeppelin-interpreter\src\test\java\org\apache\zeppelin\interpreter\InterpreterContextTest.java",1,1,1.58496250072116,2.42257976184249,1,0,1,7,0,0,0,1,1,1,1,0,1,0,10,7,0,0,0,0,0,0,1,0,0,0,0,0,0,0,0,0,0,0,1,0,0,19,0,19,0
"zeppelin-interpreter\src\test\java\org\apache\zeppelin\interpreter\InterpreterHookRegistryTest.java",1,1,2.52164063634332,3.99089279118436,2,0,2,17,0,0,0,2,2,2,2,0,2,0,38,33,0,0,0,0,0,0,2,0,0,0,0,0,0,0,0,0,0,0,2,0,0,86,0,86,1
"zeppelin-interpreter\src\test\java\org\apache\zeppelin\interpreter\InterpreterOutputChangeWatcherTest.java",1.8,5,4.16197817967955,5.01700400449596,4,1.6,9,10.6,4,4,0,5,5,5,5,1,4,2,62,50,0,0,0,0,0,0,5,0,0,0,0,0,0,0,0,0,0,0,1,3,2,5,0,5,0
"zeppelin-interpreter\src\test\java\org\apache\zeppelin\interpreter\InterpreterOutputTest.java",1,1,4.21817193947184,4.03608744926082,13,0,13,7.92307692307692,3,3,0,13,13,13,13,0,13,6,120,94,0,0,0,0,0,0,13,0,0,0,0,0,0,0,0,0,0,0,4,1,1,134,0,134,0
"zeppelin-interpreter\src\test\java\org\apache\zeppelin\interpreter\InterpreterResultTest.java",1,1,2.61749246118476,3.4479120109048,6,0,6,9.33333333333333,0,0,0,6,6,6,6,0,6,0,63,51,0,0,0,0,0,0,6,0,0,0,0,0,0,0,0,0,0,0,3,0,0,79,0,79,0
"zeppelin-interpreter\src\test\java\org\apache\zeppelin\interpreter\InterpreterTest.java",1,1,1.92192809488736,3.40229218908241,2,0,2,9.5,0,0,0,2,2,2,2,0,2,0,23,18,0,0,0,0,0,0,2,0,0,0,0,0,0,0,0,0,0,0,2,0,0,14,0,14,0
"zeppelin-interpreter\src\test\java\org\apache\zeppelin\interpreter\LazyOpenInterpreterTest.java",1,1,2.52164063634332,4.01531953111478,1,0,1,10,1,1,0,1,1,1,1,0,1,0,13,10,0,0,0,0,0,0,1,0,0,0,0,0,0,0,0,0,0,0,5,1,1,26,0,26,0
"zeppelin-interpreter\src\test\java\org\apache\zeppelin\interpreter\remote\AppendOutputRunnerTest.java",2,5,5.27138191206993,5.63469617392887,5,1.5,16,13.875,5,5,0,8,8,8,8,2,6,4,154,109,0,0,0,0,0,0,8,0,0,0,0,0,0,0,0,0,0,0,5,2,2,21,0,21,0
"zeppelin-interpreter\src\test\java\org\apache\zeppelin\interpreter\remote\RemoteAngularObjectTest.java",1,1,4.91703885032562,5.20370566155311,8,0,8,13.25,9,9,0,8,8,8,8,0,8,8,128,84,0,0,0,0,0,0,8,0,0,0,0,0,0,0,0,0,0,0,13,9,7,122,0,122,0
"zeppelin-interpreter\src\test\java\org\apache\zeppelin\interpreter\remote\RemoteInterpreterOutputTestStream.java",1.07142857142857,2,4.77277650897242,5.17388534580085,13,0.257539376818856,15,7,3,3,0,14,14,14,14,2,12,18,118,64,0,0,0,0,0,0,14,0,0,0,0,0,0,0,0,0,0,0,13,3,3,89,0,89,0
"zeppelin-interpreter\src\test\java\org\apache\zeppelin\interpreter\remote\RemoteInterpreterProcessTest.java",1.75,3,3.72192809488736,4.9178351881608,2,0.82915619758885,7,19,2,2,0,4,4,4,4,0,4,1,87,58,0,0,0,0,0,0,4,0,0,0,0,0,0,0,0,0,0,0,8,1,1,86,0,86,0
"zeppelin-interpreter\src\test\java\org\apache\zeppelin\interpreter\remote\RemoteInterpreterServerTest.java",2.33333333333333,5,3.41829583405449,4.22122668212554,2,1.88561808316413,7,10.6666666666667,0,0,0,3,3,3,3,0,3,0,37,23,0,0,0,0,0,0,3,0,0,0,0,0,0,0,0,0,0,0,2,0,0,14,0,14,0
"zeppelin-interpreter\src\test\java\org\apache\zeppelin\interpreter\remote\RemoteInterpreterTest.java",1.35,4,4.73836939519727,6.45070547554241,16,0.792148975887743,27,29.8,3,3,0,20,20,20,20,4,16,6,620,327,0,0,0,0,0,0,20,0,0,0,0,0,0,0,0,0,0,0,20,3,3,339,0,339,0
"zeppelin-interpreter\src\test\java\org\apache\zeppelin\interpreter\remote\RemoteInterpreterUtilsTest.java",1,1,2,2.32192809488736,1,0,1,3,0,0,0,1,1,1,1,0,1,0,6,3,0,0,0,0,0,0,1,0,0,0,0,0,0,0,0,0,0,0,1,0,0,1,0,1,0
"zeppelin-interpreter\src\test\java\org\apache\zeppelin\interpreter\remote\mock\MockInterpreterA.java",1.2,2,4.2963379801223,5.23581288716701,8,0.4,12,3.7,7,1,0,10,10,33,10,0,10,8,48,25,1,0,1,7,7,0,3,23,7,1,0,0,1,0.298015873015873,0.212121212121212,1,1,0,7,1,1,18,6,12,0
"zeppelin-interpreter\src\test\java\org\apache\zeppelin\interpreter\remote\mock\MockInterpreterAngular.java",1.75,7,4.25914905593354,5.43144599317476,7,1.98431348329844,14,6.75,7,1,0,8,8,32,8,0,8,8,64,37,1,0,1,6,6,0,2,24,6,1,0,0,1,0.233333333333333,0.1875,1,1,0,6,1,1,35,2,33,0
"zeppelin-interpreter\src\test\java\org\apache\zeppelin\interpreter\remote\mock\MockInterpreterB.java",2,8,4.3236131161872,5.44732335226379,7,2.0976176963403,20,6.8,6,0,0,10,10,33,10,0,10,8,78,49,1,0,1,7,7,0,3,23,7,1,0,0,1,0.298015873015873,0.212121212121212,1,1,0,9,0,0,6,4,2,0
"zeppelin-interpreter\src\test\java\org\apache\zeppelin\interpreter\remote\mock\MockInterpreterEnv.java",1.22222222222222,3,4.1956756628093,4.84580603481889,8,0.628539361054709,11,3.44444444444444,6,0,0,9,9,31,9,0,9,7,41,21,1,0,1,8,8,0,1,22,8,1,0,0,1,0.255555555555556,0.258064516129032,0,0,0,6,0,0,9,2,7,0
"zeppelin-interpreter\src\test\java\org\apache\zeppelin\interpreter\remote\mock\MockInterpreterOutputStream.java",1.3,4,4.2963379801223,5.01281633980595,9,0.9,13,3.6,7,1,0,10,10,33,10,0,10,8,47,24,1,0,1,7,7,0,3,23,7,1,0,0,1,0.298015873015873,0.212121212121212,1,1,0,8,1,1,13,2,11,0
"zeppelin-interpreter\src\test\java\org\apache\zeppelin\interpreter\remote\mock\MockInterpreterResourcePool.java",2.125,10,4.25914905593354,5.25882098604496,7,2.97647022494766,17,7.625,7,1,0,8,8,32,8,0,8,8,70,46,1,0,1,6,6,0,2,24,6,1,0,0,1,0.233333333333333,0.1875,1,1,0,6,1,1,4,2,2,1
"zeppelin-interpreter\src\test\java\org\apache\zeppelin\resource\DistributedResourcePoolTest.java",1,1,4.68354236243323,5.83274580401297,5,0,5,29.4,9,9,0,5,5,5,5,0,5,0,166,101,0,0,0,0,0,0,5,0,0,0,0,0,0,0,0,0,0,0,15,9,6,159,0,159,1
"zeppelin-interpreter\src\test\java\org\apache\zeppelin\resource\LocalResourcePoolTest.java",1,1,1.58496250072116,3.82640457983067,1,0,1,15,0,0,0,1,1,1,1,0,1,0,18,15,0,0,0,0,0,0,1,0,0,0,0,0,0,0,0,0,0,0,3,0,0,21,0,21,0
"zeppelin-interpreter\src\test\java\org\apache\zeppelin\resource\ResourceSetTest.java",1,1,1.92192809488736,3.40762840819649,2,0,2,9.5,0,0,0,2,2,2,2,0,2,0,23,18,0,0,0,0,0,0,2,0,0,0,0,0,0,0,0,0,0,0,3,0,0,44,0,44,0
"zeppelin-interpreter\src\test\java\org\apache\zeppelin\resource\ResourceTest.java",1,1,2.32192809488736,3.09579525500093,1,0,1,4,0,0,0,1,1,1,1,0,1,0,7,4,0,0,0,0,0,0,1,0,0,0,0,0,0,0,0,0,0,0,1,0,0,5,0,5,0
"zeppelin-interpreter\src\test\java\org\apache\zeppelin\scheduler\FIFOSchedulerTest.java",1,1,3.45656476213095,4.51604042352511,5,0,5,11.8,1,1,0,5,5,5,5,0,5,0,63,56,1,0,1,0,0,0,5,0,0,1,0,0,1,0.138888888888889,0,0,0,0,5,1,1,48,0,48,0
"zeppelin-interpreter\src\test\java\org\apache\zeppelin\scheduler\ParallelSchedulerTest.java",1,1,3.27761343681912,4.33607589833736,3,0,3,9.33333333333333,1,1,0,3,3,3,3,0,3,0,33,27,1,0,1,0,0,0,3,0,0,1,0,0,1,0.125,0,0,0,0,5,1,1,22,0,22,0
"zeppelin-interpreter\src\test\java\org\apache\zeppelin\scheduler\RemoteSchedulerTest.java",1.5,3,4.59882200868171,6.0824804967046,7,0.806225774829855,15,24,4,4,0,10,10,10,10,0,10,18,259,128,0,0,0,0,0,0,10,0,0,0,0,0,0,0,0,0,0,0,10,2,2,47,0,47,0
"zeppelin-interpreter\src\test\java\org\apache\zeppelin\scheduler\SleepingJob.java",1.71428571428571,4,4.25123532973497,4.69049639331371,5,1.16057691494799,12,5.57142857142857,18,6,0,7,7,33,7,0,7,5,53,39,1,0,1,5,5,0,2,26,5,1,0,0,1,0.164874551971326,0.151515151515152,1,1,0,1,1,1,3,3,0,0
"zeppelin-interpreter\src\test\java\org\apache\zeppelin\user\CredentialsTest.java",1,1,2,3.93572765949304,1,0,1,11,0,0,0,1,1,1,1,0,1,0,14,11,0,0,0,0,0,0,1,0,0,0,0,0,0,0,0,0,0,0,3,0,0,20,0,20,0
"zeppelin-server\src\main\java\org\apache\zeppelin\realm\ActiveDirectoryGroupRealm.java",3.18181818181818,8,4.58410830070144,6.43012542282239,5,2.40522846460417,35,14.6363636363636,6,6,0,11,11,11,11,7,4,15,169,117,1,0,1,0,0,0,11,0,0,1,0,0,1,0.152777777777778,0,0,0,0,0,6,4,0,0,0,1
"zeppelin-server\src\main\java\org\apache\zeppelin\realm\LdapGroupRealm.java",3.5,6,3.52164063634332,5.42705611540758,1,2.5,7,20.5,1,1,0,2,2,2,2,0,2,6,44,27,1,0,1,0,0,0,2,0,0,1,0,0,1,0.111111111111111,0,0,0,0,0,1,1,0,0,0,0
"zeppelin-server\src\main\java\org\apache\zeppelin\realm\LdapRealm.java",2.28070175438596,15,5.63475988025455,7.3624674697548,33,2.83928818584476,130,9.36842105263158,37,37,1,56,57,57,57,14,43,57,585,394,1,0,1,0,0,0,57,0,0,1,0,0,1,0.163793103448276,0,0,0,0,0,33,6,0,0,0,1
"zeppelin-server\src\main\java\org\apache\zeppelin\realm\PamRealm.java",1.5,2,4.22017552146434,4.84841338819821,2,0.5,6,7.25,2,2,0,4,4,4,4,2,2,4,35,20,1,0,1,0,0,0,4,0,0,1,0,0,1,0.133333333333333,0,0,0,0,2,2,2,3,0,3,0
"zeppelin-server\src\main\java\org\apache\zeppelin\realm\UserPrincipal.java",1,1,3.05656476213095,2.82188819552618,4,0,4,3,1,1,0,4,4,4,4,0,4,1,17,10,0,0,0,0,0,0,4,0,0,0,0,0,0,0,0,0,0,0,0,1,1,0,0,0,0
"zeppelin-server\src\main\java\org\apache\zeppelin\realm\ZeppelinHubRealm.java",1.7,4,4.83993524196126,6.31737374365188,6,1.00498756211209,17,8.9,11,11,0,10,10,10,10,6,4,13,110,82,1,0,1,0,0,0,10,0,0,1,0,0,1,0.151515151515152,0,0,0,0,6,11,5,10,0,10,0
"zeppelin-server\src\main\java\org\apache\zeppelin\rest\ConfigurationsRestApi.java",1,1,3.48418371977919,4.59092541618178,4,0,4,9.25,1,1,0,4,4,4,4,0,4,2,46,17,0,0,0,0,0,0,4,0,0,0,0,0,0,0,0,0,0,0,4,1,1,18,0,18,0
"zeppelin-server\src\main\java\org\apache\zeppelin\rest\CredentialRestApi.java",1.5,2,4.51720105367963,4.98617331618965,3,0.5,9,8,4,4,0,6,6,6,6,0,6,5,60,39,0,0,0,0,0,0,6,0,0,0,0,0,0,0,0,0,0,0,5,4,4,41,0,41,0
"zeppelin-server\src\main\java\org\apache\zeppelin\rest\GetUserList.java",4.28571428571429,7,3.58128952435415,6.16923322698724,0,1.82946406783796,30,23.8571428571429,1,1,0,7,7,7,7,0,7,15,170,128,0,0,0,0,0,0,7,0,0,0,0,0,0,0,0,0,0,0,2,1,1,9,0,9,1
"zeppelin-server\src\main\java\org\apache\zeppelin\rest\HeliumRestApi.java",2,4,4.46345525381691,5.33772859094481,4,1,20,9.1,4,4,0,10,10,10,10,0,10,16,114,63,0,0,0,0,0,0,10,0,0,0,0,0,0,0,0,0,0,0,8,4,4,59,0,59,1
"zeppelin-server\src\main\java\org\apache\zeppelin\rest\InterpreterRestApi.java",2.15384615384615,5,4.53248488265165,5.64040791730056,6,1.29175812490359,28,10.9230769230769,3,3,0,13,13,13,13,0,13,20,178,95,0,0,0,0,0,0,13,0,0,0,0,0,0,0,0,0,0,0,10,3,3,156,0,156,0
"zeppelin-server\src\main\java\org\apache\zeppelin\rest\LoginRestApi.java",3.66666666666667,9,3.6818808028034,5.42937999737659,2,3.77123616632825,11,17,1,1,0,3,3,3,3,0,3,6,59,40,0,0,0,0,0,0,3,0,0,0,0,0,0,0,0,0,0,0,5,1,1,24,0,24,1
"zeppelin-server\src\main\java\org\apache\zeppelin\rest\NotebookRepoRestApi.java",1.8,5,4.21952828229955,5.18588502853881,4,1.6,9,8.8,4,4,0,5,5,5,5,0,5,4,57,37,0,0,0,0,0,0,5,0,0,0,0,0,0,0,0,0,0,0,8,4,4,58,0,58,0
"zeppelin-server\src\main\java\org\apache\zeppelin\rest\NotebookResponse.java",1,1,1.55665670746282,1.45914791702724,2,0,2,2,1,1,0,2,2,2,2,0,2,1,7,5,0,0,0,0,0,0,2,0,0,0,0,0,0,0,0,0,0,0,0,1,1,0,0,0,0
"zeppelin-server\src\main\java\org\apache\zeppelin\rest\NotebookRestApi.java",1.75609756097561,6,4.81359770938795,6.467533018382,22,1.05415525780363,72,11.9756097560976,6,6,0,41,41,41,41,9,32,64,589,380,0,0,0,0,0,0,41,0,0,0,0,0,0,0,0,0,0,0,22,5,5,440,0,440,1
"zeppelin-server\src\main\java\org\apache\zeppelin\rest\SecurityRestApi.java",6,15,3.6818808028034,5.87554031996236,1,6.37704215656966,18,29.3333333333333,1,1,0,3,3,3,3,0,3,2,96,73,0,0,0,0,0,0,3,0,0,0,0,0,0,0,0,0,0,0,8,1,1,40,0,40,1
"zeppelin-server\src\main\java\org\apache\zeppelin\rest\ZeppelinRestApi.java",1,1,2.72192809488736,3.10689059560852,3,0,3,2.66666666666667,0,0,0,3,3,3,3,0,3,0,14,6,0,0,0,0,0,0,3,0,0,0,0,0,0,0,0,0,0,0,3,0,0,6,0,6,0
"zeppelin-server\src\main\java\org\apache\zeppelin\rest\exception\BadRequestException.java",1,1,2.73957226198672,3.21287868934203,4,0,4,3,0,0,1,3,4,4,4,1,3,4,14,9,1,0,1,0,0,0,4,0,0,1,0,0,1,0.133333333333333,0,0,0,0,1,0,0,5,0,5,0
"zeppelin-server\src\main\java\org\apache\zeppelin\rest\exception\ForbiddenException.java",1,1,3.01687569576656,3.12581458369391,4,0,4,3,2,2,1,3,4,4,4,1,3,4,16,11,1,0,1,0,0,0,4,0,0,1,0,0,1,0.133333333333333,0,0,0,0,1,1,1,3,0,3,0
"zeppelin-server\src\main\java\org\apache\zeppelin\rest\exception\NotFoundException.java",1,1,2.92585301456128,3.31642803184602,5,0,5,3,1,1,1,4,5,5,5,1,4,5,18,12,1,0,1,0,0,0,5,0,0,1,0,0,1,0.138888888888889,0,0,0,0,1,0,0,5,0,5,0
"zeppelin-server\src\main\java\org\apache\zeppelin\rest\message\CronRequest.java",1,1,1.91829583405449,2,2,0,2,2.5,1,1,0,2,2,2,2,0,2,0,8,5,0,0,0,0,0,0,2,0,0,0,0,0,0,0,0,0,0,0,0,1,1,0,0,0,0
"zeppelin-server\src\main\java\org\apache\zeppelin\rest\message\NewInterpreterSettingRequest.java",1,1,3.59306920777189,3.82687488186464,6,0,6,2.83333333333333,5,5,0,6,6,6,6,0,6,0,24,17,0,0,0,0,0,0,6,0,0,0,0,0,0,0,0,0,0,0,1,5,4,0,0,0,0
"zeppelin-server\src\main\java\org\apache\zeppelin\rest\message\NewNoteRequest.java",1,1,2.91829583405449,3,3,0,3,2.66666666666667,2,2,0,3,3,3,3,0,3,0,12,8,0,0,0,0,0,0,3,0,0,0,0,0,0,0,0,0,0,0,0,2,2,0,0,0,0
"zeppelin-server\src\main\java\org\apache\zeppelin\rest\message\NewParagraphRequest.java",1,1,2.95021206491475,3.12192809488736,4,0,4,2.75,3,3,0,4,4,4,4,0,4,0,16,11,0,0,0,0,0,0,4,0,0,0,0,0,0,0,0,0,0,0,0,3,2,0,0,0,0
"zeppelin-server\src\main\java\org\apache\zeppelin\rest\message\NotebookRepoSettingsRequest.java",1.33333333333333,2,2.68258873050183,3.00623892865339,2,0.471404520791032,4,4.33333333333333,3,3,1,2,3,3,3,0,3,1,18,13,0,0,0,0,0,0,3,0,0,0,0,0,0,0,0,0,0,0,0,3,3,0,0,0,0
"zeppelin-server\src\main\java\org\apache\zeppelin\rest\message\RestartInterpreterRequest.java",1,1,1.91829583405449,2,2,0,2,2.5,1,1,0,2,2,2,2,0,2,0,8,5,0,0,0,0,0,0,2,0,0,0,0,0,0,0,0,0,0,0,0,1,1,0,0,0,0
"zeppelin-server\src\main\java\org\apache\zeppelin\rest\message\RunParagraphWithParametersRequest.java",1,1,2.52192809488736,2.58496250072116,2,0,2,2.5,1,1,0,2,2,2,2,0,2,0,8,5,0,0,0,0,0,0,2,0,0,0,0,0,0,0,0,0,0,0,0,1,1,0,0,0,0
"zeppelin-server\src\main\java\org\apache\zeppelin\rest\message\UpdateInterpreterSettingRequest.java",1,1,3.3502090290999,3.25162916738782,4,0,4,3.75,3,3,0,4,4,4,4,0,4,3,20,14,0,0,0,0,0,0,4,0,0,0,0,0,0,0,0,0,0,0,1,3,3,0,0,0,0
"zeppelin-server\src\main\java\org\apache\zeppelin\server\CorsFilter.java",2,5,4.43063240949075,4.89236033855428,3,1.73205080756888,8,8.25,1,1,0,4,4,4,4,1,3,7,39,26,0,0,0,0,0,0,4,0,0,0,0,0,0,0,0,0,0,0,2,1,1,5,0,5,1
"zeppelin-server\src\main\java\org\apache\zeppelin\server\JsonExclusionStrategy.java",1,1,3,2.58496250072116,2,0,2,3,0,0,0,2,2,2,2,0,2,2,8,5,0,0,0,0,0,0,2,0,0,0,0,0,0,0,0,0,0,0,0,0,0,0,0,0,0
"zeppelin-server\src\main\java\org\apache\zeppelin\server\JsonResponse.java",1.26666666666667,3,4.37734253514122,4.86185339521774,12,0.573488351136175,19,4.66666666666667,5,5,0,15,15,15,15,0,15,15,78,58,0,0,0,0,0,0,15,0,0,0,0,0,0,0,0,0,0,0,1,4,4,0,0,0,0
"zeppelin-server\src\main\java\org\apache\zeppelin\server\ZeppelinServer.java",2,4,5.63500699801522,7.02415214604224,4,1,20,21.4,13,13,7,3,10,10,10,6,4,13,231,170,1,0,1,0,0,0,10,0,0,1,0,0,1,0.151515151515152,0,0,0,0,28,12,12,139,0,139,1
"zeppelin-server\src\main\java\org\apache\zeppelin\socket\NotebookServer.java",3.22115384615385,56,6.3959149966358,7.05607260680431,38,5.54519322471348,335,15.75,6,6,0,104,104,104,104,69,35,332,1817,1190,1,0,1,0,0,0,104,0,0,1,0,0,1,0.165079365079365,0,0,0,0,42,6,4,1365,0,1365,1
"zeppelin-server\src\main\java\org\apache\zeppelin\socket\NotebookSocket.java",1,1,4.26256475429959,4.51364474540986,9,0,9,3.55555555555556,5,5,0,9,9,9,9,0,9,9,42,28,1,0,1,0,0,0,9,0,0,1,0,0,1,0.15,0,0,0,0,1,4,3,0,0,0,0
"zeppelin-server\src\main\java\org\apache\zeppelin\socket\NotebookWebSocketCreator.java",1.5,2,3.68354236243323,3.86576463717902,1,0.5,3,6.5,2,2,0,2,2,2,2,0,2,3,17,11,0,0,0,0,0,0,2,0,0,0,0,0,0,0,0,0,0,0,3,2,2,9,0,9,0
"zeppelin-server\src\main\java\org\apache\zeppelin\types\InterpreterSettingsList.java",1,1,2.8073549220576,2.85101872309423,1,0,1,7,4,4,0,1,1,1,1,0,1,4,13,10,0,0,0,0,0,0,1,0,0,0,0,0,0,0,0,0,0,0,0,3,2,0,0,0,0
"zeppelin-server\src\main\java\org\apache\zeppelin\utils\CommandLineUtils.java",4,4,2,3.57246945877014,0,0,4,13,0,0,1,0,1,1,1,0,1,1,15,8,0,0,0,0,0,0,1,0,0,0,0,0,0,0,0,0,0,0,1,0,0,1,0,1,0
"zeppelin-server\src\main\java\org\apache\zeppelin\utils\ExceptionUtils.java",1,1,3.51108540818043,3.60385618977472,2,0,2,3,0,0,2,0,2,2,2,0,2,3,8,5,0,0,0,0,0,0,2,0,0,0,0,0,0,0,0,0,0,0,1,0,0,7,0,7,0
"zeppelin-server\src\main\java\org\apache\zeppelin\utils\InterpreterBindingUtils.java",6,6,2.58496250072116,4.21478494777018,0,0,6,25,0,0,1,0,1,1,1,0,1,2,27,19,0,0,0,0,0,0,1,0,0,0,0,0,0,0,0,0,0,0,4,0,0,22,0,22,0
"zeppelin-server\src\main\java\org\apache\zeppelin\utils\SecurityUtils.java",3.33333333333333,9,4.32484872960213,6.00334941143028,1,2.62466929133727,20,13.5,4,4,6,0,6,6,6,0,6,3,87,64,0,0,0,0,0,0,6,0,0,0,0,0,0,0,0,0,0,0,2,3,3,3,0,3,1
"zeppelin-server\src\test\java\com\webautomation\ScreenCaptureHtmlUnitDriver.java",2.33333333333333,8,5.17188003464094,6.55163785156273,5,2.0138409955991,28,11.25,4,4,1,11,12,12,12,1,11,24,142,104,1,0,1,0,0,0,12,0,0,1,0,0,1,0.153846153846154,0,0,0,0,0,4,3,0,0,0,1
"zeppelin-server\src\test\java\org\apache\zeppelin\AbstractZeppelinIT.java",1.25,2,4.79734317563639,5.95698369395149,9,0.433012701892219,15,6.5,5,5,1,11,12,12,12,12,0,16,85,58,0,1,0,0,0,0,12,0,0,0,5,5,0,0,0,0,0,0,1,2,2,8,0,8,1
"zeppelin-server\src\test\java\org\apache\zeppelin\CommandExecutor.java",2.5,4,4.19590927087361,5.0860510225372,1,1.5,5,13,3,3,2,0,2,2,2,0,2,8,35,25,0,0,0,0,0,0,2,0,0,0,0,0,0,0,0,0,0,0,3,2,2,7,0,7,0
"zeppelin-server\src\test\java\org\apache\zeppelin\ProcessData.java",3.27272727272727,14,4.86307075422367,6.15740711174601,5,3.69498207870938,36,15.9090909090909,10,10,1,10,11,11,11,1,10,17,194,134,0,0,0,0,0,0,11,0,0,0,0,0,0,0,0,0,0,0,2,4,3,4,0,4,1
"zeppelin-server\src\test\java\org\apache\zeppelin\WebDriverManager.java",7.66666666666667,12,3.64022392894185,5.76107307353102,0,3.68178700572909,23,40.3333333333333,2,2,3,0,3,3,3,1,2,8,125,93,0,0,0,0,0,0,3,0,0,0,0,0,0,0,0,0,0,0,4,2,2,4,0,4,1
"zeppelin-server\src\test\java\org\apache\zeppelin\ZeppelinITUtils.java",1.75,4,3.625,4.62346518960165,3,1.29903810567666,7,6.5,1,1,4,0,4,4,4,0,4,5,29,18,0,0,0,0,0,0,4,0,0,0,0,0,0,0,0,0,0,0,4,1,1,4,0,4,1
"zeppelin-server\src\test\java\org\apache\zeppelin\display\AngularObjectBuilder.java",1,1,2.84535093662244,2.9398290174664,1,0,1,4,0,0,1,0,1,1,1,0,1,4,6,3,0,0,0,0,0,0,1,0,0,0,0,0,0,0,0,0,0,0,1,0,0,6,0,6,0
"zeppelin-server\src\test\java\org\apache\zeppelin\integration\AuthenticationIT.java",3.14285714285714,5,4.44035104292869,5.72047768515672,2,1.55182578445717,22,21.4285714285714,10,5,2,5,7,19,7,3,4,10,178,97,1,0,1,0,0,0,7,12,0,1,0,0,1,0.145833333333333,0,0,0,0,4,5,3,93,62,31,1
"zeppelin-server\src\test\java\org\apache\zeppelin\integration\InterpreterIT.java",2.33333333333333,3,3.94770277922009,4.43134188505509,0,0.471404520791032,7,10.6666666666667,7,2,0,3,3,15,3,0,3,1,39,25,1,0,1,0,0,0,3,12,0,1,0,0,1,0.125,0,0,0,0,1,2,2,11,6,5,1
"zeppelin-server\src\test\java\org\apache\zeppelin\integration\ParagraphActionsIT.java",2.9375,4,3.89243496473293,5.06764990463562,0,0.428478412525065,47,30.75,7,2,0,16,16,28,16,0,16,14,512,310,1,0,1,0,0,0,16,12,0,1,0,0,1,0.156862745098039,0,0,0,0,2,2,2,481,436,45,1
"zeppelin-server\src\test\java\org\apache\zeppelin\integration\SparkParagraphIT.java",3.66666666666667,5,4.01414676142273,4.71190518412409,0,1.24721912892465,22,26.3333333333333,7,2,0,6,6,18,6,0,6,10,169,88,1,0,1,0,0,0,6,12,0,1,0,0,1,0.142857142857143,0,0,0,0,1,2,2,121,116,5,1
"zeppelin-server\src\test\java\org\apache\zeppelin\integration\ZeppelinIT.java",2.8,4,4.0220552088742,5.01816791956519,0,0.748331477354788,14,31.8,7,2,0,5,5,17,5,0,5,4,169,112,1,0,1,0,0,0,5,12,0,1,0,0,1,0.138888888888889,0,0,0,0,2,2,2,219,198,21,1
"zeppelin-server\src\test\java\org\apache\zeppelin\interpreter\mock\MockInterpreter1.java",1,1,4.43363498214804,4.71451343664454,9,0,9,2.66666666666667,7,1,0,9,9,31,9,0,9,7,35,17,1,0,1,8,8,0,1,22,8,1,0,0,1,0.255555555555556,0.258064516129032,0,0,0,6,1,1,9,2,7,0
"zeppelin-server\src\test\java\org\apache\zeppelin\realm\PamRealmTest.java",1,1,2.58496250072116,4.58110828021432,2,0,2,9,0,0,1,1,2,2,2,0,2,1,20,17,0,0,0,0,0,0,2,0,0,0,0,0,0,0,0,0,0,0,1,0,0,5,0,5,0
"zeppelin-server\src\test\java\org\apache\zeppelin\rest\AbstractTestRestApi.java",2.20588235294118,15,5.36157603652323,6.99086709214295,19,2.6654589248902,75,11.3235294117647,12,12,21,13,34,34,34,31,3,33,427,298,0,1,0,0,0,0,34,0,0,0,10,10,0,0,0,0,0,0,6,8,6,30,0,30,1
"zeppelin-server\src\test\java\org\apache\zeppelin\rest\ConfigurationsRestApiTest.java",1,1,3.61687460595622,4.68349449602532,4,0,4,8.75,13,1,2,2,4,31,4,0,4,0,42,23,1,0,1,0,0,0,4,27,0,1,0,0,1,0.133333333333333,0,0,0,0,0,1,1,6,6,0,0
"zeppelin-server\src\test\java\org\apache\zeppelin\rest\CredentialsRestApiTest.java",1,1,4.44554356815624,5.36850573958143,8,0,8,8.5,14,2,2,6,8,35,8,0,8,2,76,62,1,0,1,0,0,0,8,27,0,1,0,0,1,0.148148148148148,0,0,0,0,1,2,2,30,30,0,0
"zeppelin-server\src\test\java\org\apache\zeppelin\rest\InterpreterRestApiTest.java",1.55555555555556,5,4.55239376198541,6.45251269098474,15,1.25707872210942,28,12.2777777777778,14,2,3,15,18,45,18,0,18,4,239,181,1,0,1,0,0,0,18,27,0,1,0,0,1,0.157894736842105,0,0,0,0,11,2,2,172,68,104,1
"zeppelin-server\src\test\java\org\apache\zeppelin\rest\NotebookRepoRestApiTest.java",1.625,6,4.42968260664445,5.0169929540859,7,1.65359456941537,13,7.375,14,2,2,6,8,35,8,2,6,1,66,53,1,0,1,0,0,0,8,27,0,1,0,0,1,0.148148148148148,0,0,0,0,1,2,2,11,9,2,0
"zeppelin-server\src\test\java\org\apache\zeppelin\rest\NotebookRestApiTest.java",1,1,3.99958123064606,5.69024725561931,8,0,8,13.375,14,2,2,6,8,35,8,0,8,0,119,94,1,0,1,0,0,0,8,27,0,1,0,0,1,0.148148148148148,0,0,0,0,10,2,2,120,34,86,1
"zeppelin-server\src\test\java\org\apache\zeppelin\rest\NotebookSecurityRestApiTest.java",1.1875,3,4.12514097167753,5.66273848451504,14,0.526634360823522,19,7.875,13,1,2,14,16,43,16,8,8,28,137,105,1,0,1,0,0,0,16,27,0,1,0,0,1,0.156862745098039,0,0,0,0,3,1,1,67,61,6,0
"zeppelin-server\src\test\java\org\apache\zeppelin\rest\SecurityRestApiTest.java",1,1,3.91612694658828,4.77227012895255,4,0,4,9.5,14,2,2,2,4,31,4,0,4,0,47,29,1,0,1,0,0,0,4,27,0,1,0,0,1,0.133333333333333,0,0,0,0,0,2,2,14,14,0,0
"zeppelin-server\src\test\java\org\apache\zeppelin\rest\ZeppelinRestApiTest.java",1.59259259259259,4,4.28777092573701,6.33617359701793,19,0.991043567426641,43,18.3333333333333,14,2,2,25,27,54,27,3,24,3,523,436,1,0,1,0,0,0,27,27,0,1,0,0,1,0.160714285714286,0,0,0,0,8,2,2,443,102,341,1
"zeppelin-server\src\test\java\org\apache\zeppelin\rest\ZeppelinSparkClusterTest.java",2.41666666666667,5,4.36129435352146,5.56682867482259,6,1.55232800084976,29,27.1666666666667,14,2,2,10,12,39,12,2,10,3,340,278,1,0,1,0,0,0,12,27,0,1,0,0,1,0.153846153846154,0,0,0,0,11,2,2,378,6,372,1
"zeppelin-server\src\test\java\org\apache\zeppelin\security\SecurityUtilsTest.java",1,1,3.07515428857955,4.10894446924651,9,0,9,3.88888888888889,0,0,0,9,9,9,9,0,9,0,46,20,0,0,0,0,0,0,9,0,0,0,0,0,0,0,0,0,0,0,2,0,0,45,0,45,1
"zeppelin-server\src\test\java\org\apache\zeppelin\server\CorsFilterTest.java",1,1,3.375,4.94422586115357,2,0,2,19.5,2,2,0,2,2,2,2,0,2,0,47,34,0,0,0,0,0,0,2,0,0,0,0,0,0,0,0,0,0,0,1,2,2,10,0,10,0
"zeppelin-server\src\test\java\org\apache\zeppelin\socket\NotebookServerTest.java",1.53846153846154,5,4.56842109406551,6.37706970099754,10,1.15127919593044,20,18.3076923076923,17,5,2,11,13,40,13,1,12,1,257,180,1,0,1,0,0,0,13,27,0,1,0,0,1,0.154761904761905,0,0,0,0,18,5,5,343,2,341,1
"zeppelin-server\src\test\java\org\apache\zeppelin\ticket\TicketContainerTest.java",1,1,3.28103611255342,3.66692790692528,5,0,5,4.2,1,1,0,5,5,5,5,0,5,0,29,18,0,0,0,0,0,0,5,0,0,0,0,0,0,0,0,0,0,0,1,1,1,16,0,16,0
"zeppelin-zengine\src\main\java\org\apache\zeppelin\conf\ZeppelinConfiguration.java",1.9016393442623,9,6.19472861622363,6.27650981823626,40,1.69575089062108,116,6.24590163934426,4,4,1,60,61,61,61,5,56,37,611,354,1,0,1,0,0,0,61,0,0,1,0,0,1,0.163978494623656,0,0,0,0,4,3,3,28,0,28,1
"zeppelin-zengine\src\main\java\org\apache\zeppelin\helium\Helium.java",3,8,5.14633991538895,6.46025209496285,6,2.3263199921512,51,13.7058823529412,8,8,0,17,17,17,17,2,15,14,243,181,0,0,0,0,0,0,17,0,0,0,0,0,0,0,0,0,0,0,20,8,7,81,0,81,1
"zeppelin-zengine\src\main\java\org\apache\zeppelin\helium\HeliumApplicationFactory.java",1.72727272727273,4,5.87257021097386,5.80000526915974,14,1.05234880934457,38,6,5,5,0,22,22,22,22,3,19,44,341,218,0,0,0,0,0,0,22,0,0,0,0,0,0,0,0,0,0,0,18,4,4,58,0,58,0
"zeppelin-zengine\src\main\java\org\apache\zeppelin\helium\HeliumConf.java",1.11111111111111,2,4.05817193947184,4.3298915040398,8,0.314269680527354,10,3.44444444444444,3,3,0,9,9,9,9,0,9,7,36,24,0,0,0,0,0,0,9,0,0,0,0,0,0,0,0,0,0,0,1,3,2,3,0,3,1
"zeppelin-zengine\src\main\java\org\apache\zeppelin\helium\HeliumLocalRegistry.java",2.66666666666667,5,4.14291467335425,4.79282807490197,1,1.6996731711976,8,10.6666666666667,4,2,0,3,3,6,3,1,2,4,37,27,1,0,1,1,1,0,2,3,1,1,0,0,1,0.194444444444444,0.166666666666667,0,0,0,1,2,2,4,4,0,1
"zeppelin-zengine\src\main\java\org\apache\zeppelin\helium\HeliumPackageSearchResult.java",1,1,3.05747607628993,2.92192809488736,4,0,4,3.5,3,3,0,4,4,4,4,0,4,3,19,14,0,0,0,0,0,0,4,0,0,0,0,0,0,0,0,0,0,0,1,2,2,0,0,0,0
"zeppelin-zengine\src\main\java\org\apache\zeppelin\helium\HeliumPackageSuggestion.java",1,1,2.92192809488736,3.85428587198725,3,0,3,4.33333333333333,1,1,0,3,3,3,3,0,3,1,16,9,0,0,0,0,0,0,3,0,0,0,0,0,0,0,0,0,0,0,1,1,1,0,0,0,0
"zeppelin-zengine\src\main\java\org\apache\zeppelin\helium\HeliumRegistry.java",0.75,1,2.66883888985043,2.60480746350287,4,0.433012701892219,3,2.75,2,2,0,4,4,4,4,0,4,2,15,11,0,1,0,2,0,2,4,0,0,0,2,2,0,0,0,0,0,0,0,2,1,0,0,0,0
"zeppelin-zengine\src\main\java\org\apache\zeppelin\helium\HeliumRegistrySerializer.java",1.5,2,3.62192809488736,5.16160298925106,1,0.5,3,15,1,1,0,2,2,2,2,0,2,7,36,21,0,0,0,0,0,0,2,0,0,0,0,0,0,0,0,0,0,0,1,1,1,2,0,2,0
"zeppelin-zengine\src\main\java\org\apache\zeppelin\helium\HeliumVisualizationFactory.java",3.35714285714286,17,5.21133028654442,6.89898237243789,8,4.31950960935453,47,20.7857142857143,17,17,0,14,14,14,14,7,7,20,310,211,0,0,0,0,0,0,14,0,0,0,0,0,0,0,0,0,0,0,4,13,7,12,0,12,0
"zeppelin-zengine\src\main\java\org\apache\zeppelin\helium\NpmPackage.java",0,0,2.28103611255342,0,0,0,0,0,3,3,0,0,0,0,0,0,0,0,5,4,0,0,0,0,0,0,0,0,0,0,0,0,0,0,0,0,0,0,0,3,2,0,0,0,0
"zeppelin-zengine\src\main\java\org\apache\zeppelin\helium\WebpackResult.java",0,0,1.66449777920046,0,0,0,0,0,2,2,0,0,0,0,0,0,0,0,4,3,0,0,0,0,0,0,0,0,0,0,0,0,0,0,0,0,0,0,0,2,1,0,0,0,0
"zeppelin-zengine\src\main\java\org\apache\zeppelin\interpreter\InterpreterFactory.java",4.23076923076923,12,5.13940849392836,6.82306845850361,4,3.88594798163541,55,21.6153846153846,11,11,0,13,13,13,13,6,7,56,296,197,0,0,0,0,0,0,13,0,0,0,0,0,0,0,0,0,0,0,19,7,6,115,0,115,0
"zeppelin-zengine\src\main\java\org\apache\zeppelin\interpreter\InterpreterInfo.java",1.375,4,3.70242604099094,4.09673431925676,7,0.992156741649222,11,4.75,4,4,0,8,8,8,8,0,8,7,45,30,0,0,0,0,0,0,8,0,0,0,0,0,0,0,0,0,0,0,0,3,2,0,0,0,0
"zeppelin-zengine\src\main\java\org\apache\zeppelin\interpreter\InterpreterInfoSaving.java",0,0,3.02698683335929,0,0,0,0,0,3,3,0,0,0,0,0,0,0,0,5,4,0,0,0,0,0,0,0,0,0,0,0,0,0,0,0,0,0,0,0,3,2,0,0,0,0
"zeppelin-zengine\src\main\java\org\apache\zeppelin\interpreter\InterpreterSetting.java",1.64864864864865,5,5.54154088457995,6.22551299643134,27,1.27800977486885,61,6.10810810810811,18,18,0,37,37,37,37,2,35,41,254,181,0,0,0,0,0,0,37,0,0,0,0,0,0,0,0,0,0,0,8,16,9,23,0,23,0
"zeppelin-zengine\src\main\java\org\apache\zeppelin\interpreter\InterpreterSettingManager.java",3.22448979591837,18,5.75770491906059,7.52618040389479,18,3.16398938388302,158,16.1428571428571,17,17,0,49,49,49,49,18,31,89,813,581,0,0,0,0,0,0,49,0,0,0,0,0,0,0,0,0,0,0,21,16,9,190,0,190,1
"zeppelin-zengine\src\main\java\org\apache\zeppelin\interpreter\install\InstallInterpreter.java",4,22,4.21065813893671,5.75398235497458,4,5.59761854124889,48,15.8333333333333,7,7,3,9,12,12,12,2,10,15,209,148,0,0,0,0,0,0,12,0,0,0,0,0,0,0,0,0,0,0,5,7,4,19,0,19,0
"zeppelin-zengine\src\main\java\org\apache\zeppelin\notebook\ApplicationState.java",1.36363636363636,3,4.43180374671664,4.08086932641756,8,0.642824346533225,15,4.27272727272727,4,4,0,11,11,11,11,0,11,6,62,37,0,0,0,0,0,0,11,0,0,0,0,0,0,0,0,0,0,0,2,4,3,5,0,5,0
"zeppelin-zengine\src\main\java\org\apache\zeppelin\notebook\Folder.java",1.73913043478261,5,4.95586608569048,5.44470238586341,14,1.18752176380414,40,6.08695652173913,9,9,1,22,23,23,23,0,23,12,151,115,0,0,0,0,0,0,23,0,0,0,0,0,0,0,0,0,0,0,2,9,5,8,0,8,0
"zeppelin-zengine\src\main\java\org\apache\zeppelin\notebook\FolderView.java",2,4,4.6188254042485,5.19412092127571,7,1.11803398874989,32,8.5,3,3,0,16,16,16,16,4,12,16,143,109,0,0,0,0,0,0,16,0,0,0,0,0,0,0,0,0,0,0,2,3,2,44,0,44,0
"zeppelin-zengine\src\main\java\org\apache\zeppelin\notebook\Note.java",2.3125,8,6.2681647957156,7.02065353358952,24,1.43478003540612,148,9.078125,19,19,0,64,64,64,64,10,54,72,612,433,0,0,0,0,0,0,64,0,0,0,0,0,0,0,0,0,0,0,28,13,10,162,0,162,1
"zeppelin-zengine\src\main\java\org\apache\zeppelin\notebook\NoteInfo.java",1,1,3.45415932126911,3.48973971320997,8,0,8,3.625,3,3,0,8,8,8,8,0,8,7,34,25,0,0,0,0,0,0,8,0,0,0,0,0,0,0,0,0,0,0,1,3,2,3,0,3,0
"zeppelin-zengine\src\main\java\org\apache\zeppelin\notebook\Notebook.java",2.84444444444444,12,6.46675593022869,7.31200508990635,16,2.73215873587621,128,14.4444444444444,15,15,0,45,45,45,45,6,39,76,725,525,0,0,0,0,0,0,45,0,0,0,0,0,0,0,0,0,0,0,34,12,12,256,0,256,1
"zeppelin-zengine\src\main\java\org\apache\zeppelin\notebook\NotebookAuthorization.java",2.16,3,4.44493998985173,5.83328039154932,7,0.833306666239986,54,10.24,7,7,3,22,25,25,25,5,20,35,265,195,0,0,0,0,0,0,25,0,0,0,0,0,0,0,0,0,0,0,3,7,6,14,0,14,0
"zeppelin-zengine\src\main\java\org\apache\zeppelin\notebook\NotebookAuthorizationInfoSaving.java",0,0,2.15563906222957,0,0,0,0,0,1,1,0,0,0,0,0,0,0,0,3,2,0,0,0,0,0,0,0,0,0,0,0,0,0,0,0,0,0,0,0,1,1,0,0,0,0
"zeppelin-zengine\src\main\java\org\apache\zeppelin\notebook\NotebookImportDeserializer.java",3,3,3.39274741044878,4.2824842613426,0,0,3,11,1,1,0,1,1,1,1,0,1,4,19,8,0,0,0,0,0,0,1,0,0,0,0,0,0,0,0,0,0,0,0,1,1,0,0,0,0
"zeppelin-zengine\src\main\java\org\apache\zeppelin\notebook\Paragraph.java",1.83333333333333,10,6.21287103522772,7.44162514825306,42,1.62446572413483,110,8.23333333333333,28,16,3,57,60,85,60,14,46,44,531,379,1,0,1,6,6,0,54,25,6,1,0,0,1,0.228152492668622,0.0705882352941176,0,0,0,31,13,10,227,29,198,1
"zeppelin-zengine\src\main\java\org\apache\zeppelin\notebook\repo\AzureNotebookRepo.java",2.07142857142857,7,4.70561837209963,6.40517624292449,8,1.70981560051226,29,9.92857142857143,5,5,0,14,14,14,14,2,12,29,157,109,0,0,0,0,0,0,14,0,0,0,0,0,0,0,0,0,0,0,11,5,4,17,0,17,0
"zeppelin-zengine\src\main\java\org\apache\zeppelin\notebook\repo\GitNotebookRepo.java",2.11111111111111,4,4.59767803184602,6.08775335915844,4,1.19670329047433,19,10.3333333333333,7,3,0,9,9,19,9,0,9,19,104,72,1,0,1,3,3,0,6,10,3,1,0,0,1,0.330891330891331,0.157894736842105,3,3,0,4,3,3,17,9,8,1
"zeppelin-zengine\src\main\java\org\apache\zeppelin\notebook\repo\NotebookRepoSettingsInfo.java",1,1,3.50325833477565,0.91829583405449,1,0,1,3,4,4,1,0,1,1,1,0,1,0,12,8,0,0,0,0,0,0,1,0,0,0,0,0,0,0,0,0,0,0,1,4,3,0,0,0,0
"zeppelin-zengine\src\main\java\org\apache\zeppelin\notebook\repo\NotebookRepoSync.java",2.70967741935484,9,5.13879567104271,6.72733037254928,10,2.12805451644783,84,12.1290322580645,9,9,0,31,31,31,31,8,23,74,400,274,0,0,0,0,0,0,31,0,0,0,0,0,0,0,0,0,0,0,11,7,4,69,0,69,0
"zeppelin-zengine\src\main\java\org\apache\zeppelin\notebook\repo\NotebookRepoWithSettings.java",1,1,3.65110722583548,3.0792258015191,4,0,4,3,4,4,1,3,4,4,4,2,2,2,38,28,0,0,0,0,0,0,4,0,0,0,0,0,0,0,0,0,0,0,1,4,3,2,0,2,0
"zeppelin-zengine\src\main\java\org\apache\zeppelin\notebook\repo\S3NotebookRepo.java",2.2,6,4.69925287272349,6.60496252175486,9,1.68126936172247,33,11.2,5,5,0,15,15,15,15,3,12,30,186,118,0,0,0,0,0,0,15,0,0,0,0,0,0,0,0,0,0,0,10,5,4,17,0,17,0
"zeppelin-zengine\src\main\java\org\apache\zeppelin\notebook\repo\VFSNotebookRepo.java",2.57894736842105,8,4.8875554292622,6.60688145787825,10,2.03433137790397,49,10.7368421052632,4,4,0,19,19,19,19,7,12,30,221,152,0,1,0,3,0,3,19,0,0,0,2,2,0,0,0,3,0,3,14,4,4,21,0,21,1
"zeppelin-zengine\src\main\java\org\apache\zeppelin\notebook\repo\zeppelinhub\ZeppelinHubRepo.java",3,7,5.09693815586198,6.37552065412372,5,1.84390889145858,60,12.9,12,12,0,20,20,20,20,5,15,37,283,202,0,0,0,0,0,0,20,0,0,0,0,0,0,0,0,0,0,0,12,12,8,80,0,80,1
"zeppelin-zengine\src\main\java\org\apache\zeppelin\notebook\repo\zeppelinhub\model\Instance.java",0,0,2.25162916738782,0,0,0,0,0,3,3,0,0,0,0,0,0,0,0,5,4,0,0,0,0,0,0,0,0,0,0,0,0,0,0,0,0,0,0,0,2,1,0,0,0,0
"zeppelin-zengine\src\main\java\org\apache\zeppelin\notebook\repo\zeppelinhub\model\UserSessionContainer.java",1.5,2,3.00972396591296,3.24441382957761,1,0.5,3,6,2,2,0,2,2,2,2,0,2,3,22,16,0,0,0,0,0,0,2,0,0,0,0,0,0,0,0,0,0,0,1,2,2,2,0,2,0
"zeppelin-zengine\src\main\java\org\apache\zeppelin\notebook\repo\zeppelinhub\model\UserTokenContainer.java",2.09090909090909,7,4.16539512988634,4.86434772924552,5,1.67628081041689,23,7.63636363636364,5,5,2,9,11,11,11,1,10,12,91,62,0,0,0,0,0,0,11,0,0,0,0,0,0,0,0,0,0,0,2,5,5,5,0,5,0
"zeppelin-zengine\src\main\java\org\apache\zeppelin\notebook\repo\zeppelinhub\rest\ZeppelinhubRestApiHandler.java",2.30769230769231,6,4.45873036761477,6.1322300416573,3,1.26397513270423,30,11.6153846153846,9,9,1,12,13,13,13,6,7,23,162,112,0,0,0,0,0,0,13,0,0,0,0,0,0,0,0,0,0,0,0,7,3,0,0,0,1
"zeppelin-zengine\src\main\java\org\apache\zeppelin\notebook\repo\zeppelinhub\security\Authentication.java",1.94117647058824,7,4.82671489484018,6.32033394059874,10,1.55187128920858,33,8.47058823529412,18,18,2,15,17,17,17,9,8,16,166,123,0,0,0,0,0,0,17,0,0,0,0,0,0,0,0,0,0,0,1,15,5,13,0,13,1
"zeppelin-zengine\src\main\java\org\apache\zeppelin\notebook\repo\zeppelinhub\websocket\Client.java",1.625,3,4.22976448478587,4.35165638507765,5,0.85695682505013,13,5.125,6,6,3,5,8,8,8,1,7,12,49,33,0,0,0,0,0,0,8,0,0,0,0,0,0,0,0,0,0,0,4,4,4,21,0,21,0
"zeppelin-zengine\src\main\java\org\apache\zeppelin\notebook\repo\zeppelinhub\websocket\ZeppelinClient.java",2.29166666666667,5,5.19981548766797,6.59217388169934,7,1.17186342586877,55,10.5416666666667,12,12,2,22,24,24,24,12,12,34,277,200,0,0,0,0,0,0,24,0,0,0,0,0,0,0,0,0,0,0,13,11,11,55,0,55,1
"zeppelin-zengine\src\main\java\org\apache\zeppelin\notebook\repo\zeppelinhub\websocket\ZeppelinhubClient.java",2,6,5.10250852397045,6.24984855677858,11,1.38013111868471,42,9,9,9,2,19,21,21,21,10,11,27,202,152,0,0,0,0,0,0,21,0,0,0,0,0,0,0,0,0,0,0,12,8,8,49,0,49,0
"zeppelin-zengine\src\main\java\org\apache\zeppelin\notebook\repo\zeppelinhub\websocket\listener\WatcherWebsocket.java",1.5,4,4.65938730353305,5.328284430221,5,1.11803398874989,9,5.5,4,4,1,5,6,6,6,0,6,9,44,28,0,0,0,0,0,0,6,0,0,0,0,0,0,0,0,0,0,0,6,4,4,8,0,8,0
"zeppelin-zengine\src\main\java\org\apache\zeppelin\notebook\repo\zeppelinhub\websocket\listener\ZeppelinWebsocket.java",1.33333333333333,3,4.38202144653675,4.65994871906663,5,0.74535599249993,8,4.66666666666667,3,3,0,6,6,6,6,0,6,10,38,23,0,0,0,0,0,0,6,0,0,0,0,0,0,0,0,0,0,0,1,3,3,10,0,10,0
"zeppelin-zengine\src\main\java\org\apache\zeppelin\notebook\repo\zeppelinhub\websocket\listener\ZeppelinhubWebsocket.java",1.33333333333333,2,4.50774291452531,4.91076789280579,6,0.471404520791032,12,3.77777777777778,3,3,1,8,9,9,9,3,6,11,44,28,0,0,0,0,0,0,9,0,0,0,0,0,0,0,0,0,0,0,2,3,3,7,0,7,0
"zeppelin-zengine\src\main\java\org\apache\zeppelin\notebook\repo\zeppelinhub\websocket\protocol\ZeppelinHubOp.java",1,1,3.16992500144231,0,2,0,2,0,7,7,0,2,2,2,2,0,2,1,9,1,0,0,0,0,0,0,2,0,0,0,0,0,0,0,0,0,0,0,0,7,1,0,0,0,0
"zeppelin-zengine\src\main\java\org\apache\zeppelin\notebook\repo\zeppelinhub\websocket\protocol\ZeppelinhubMessage.java",1.5,3,3.98166151210176,4.2284996955472,4,0.763762615825973,9,5.66666666666667,6,6,3,3,6,6,6,2,4,10,42,31,0,0,0,0,0,0,6,0,0,0,0,0,0,0,0,0,0,0,3,4,4,0,0,0,0
"zeppelin-zengine\src\main\java\org\apache\zeppelin\notebook\repo\zeppelinhub\websocket\scheduler\SchedulerService.java",1.33333333333333,2,3.56808432434471,4.00031053013493,4,0.471404520791032,8,4,2,2,2,4,6,6,6,1,5,7,28,19,0,0,0,0,0,0,6,0,0,0,0,0,0,0,0,0,0,0,0,2,2,0,0,0,0
"zeppelin-zengine\src\main\java\org\apache\zeppelin\notebook\repo\zeppelinhub\websocket\scheduler\ZeppelinHeartbeat.java",1,1,3.37744375108173,2.60845859334435,3,0,3,3.33333333333333,2,2,1,2,3,3,3,1,2,2,15,10,0,0,0,0,0,0,3,0,0,0,0,0,0,0,0,0,0,0,2,2,2,1,0,1,0
"zeppelin-zengine\src\main\java\org\apache\zeppelin\notebook\repo\zeppelinhub\websocket\scheduler\ZeppelinHubHeartbeat.java",1.33333333333333,2,3.19715972342415,3.56307418942857,2,0.471404520791032,4,4,2,2,1,2,3,3,3,1,2,2,17,12,0,0,0,0,0,0,3,0,0,0,0,0,0,0,0,0,0,0,3,2,2,7,0,7,0
"zeppelin-zengine\src\main\java\org\apache\zeppelin\notebook\repo\zeppelinhub\websocket\session\ZeppelinhubSession.java",1.6,3,3.67114993907019,3.71953943154317,3,0.8,8,5,4,4,1,4,5,5,5,1,4,5,31,21,0,0,0,0,0,0,5,0,0,0,0,0,0,0,0,0,0,0,0,4,4,0,0,0,0
"zeppelin-zengine\src\main\java\org\apache\zeppelin\notebook\repo\zeppelinhub\websocket\utils\ZeppelinhubUtils.java",1.5,2,3.80459652970245,5.11984650065562,5,0.5,15,7.9,1,1,10,0,10,10,10,0,10,14,82,55,0,0,0,0,0,0,10,0,0,0,0,0,0,0,0,0,0,0,6,1,1,53,0,53,0
"zeppelin-zengine\src\main\java\org\apache\zeppelin\notebook\socket\Message.java",1,1,6.31663775462681,3.94477383502948,5,0,5,4,6,6,0,5,5,5,5,0,5,5,101,23,0,0,0,0,0,0,5,0,0,0,0,0,0,0,0,0,0,0,1,6,4,0,0,0,0
"zeppelin-zengine\src\main\java\org\apache\zeppelin\notebook\socket\WatcherMessage.java",1,1,3.0867609164414,3.0792258015191,3,0,3,3.66666666666667,4,4,1,2,3,3,3,1,2,2,36,27,0,0,0,0,0,0,3,0,0,0,0,0,0,0,0,0,0,0,1,4,2,2,0,2,0
"zeppelin-zengine\src\main\java\org\apache\zeppelin\notebook\utility\IdHashes.java",2.5,4,2.75,4.91677031724377,1,1.5,5,13,1,1,2,0,2,2,2,1,1,1,31,25,0,0,0,0,0,0,2,0,0,0,0,0,0,0,0,0,0,0,0,0,0,0,0,0,1
"zeppelin-zengine\src\main\java\org\apache\zeppelin\search\LuceneSearch.java",2.73684210526316,11,5.01015074330212,6.39189316654646,3,2.148245434943,52,12.2631578947368,9,9,2,17,19,19,19,9,10,44,251,178,0,0,0,0,0,0,19,0,0,0,0,0,0,0,0,0,0,0,3,9,6,22,0,22,1
"zeppelin-zengine\src\main\java\org\apache\zeppelin\ticket\TicketContainer.java",2.5,3,3.50997373189762,3.31216601272384,0,0.5,5,10.5,2,2,0,2,2,2,2,0,2,3,33,25,0,0,0,0,0,0,2,0,0,0,0,0,0,0,0,0,0,0,1,2,2,2,0,2,0
"zeppelin-zengine\src\main\java\org\apache\zeppelin\util\Util.java",1,1,3.18989809546429,2.94770277922009,1,0,1,4,2,2,1,0,1,1,1,0,1,0,15,8,0,0,0,0,0,0,1,0,0,0,0,0,0,0,0,0,0,0,0,2,2,0,0,0,1
"zeppelin-zengine\src\main\java\org\apache\zeppelin\util\WatcherSecurityKey.java",1,1,2.84535093662244,2,2,0,2,2,2,2,1,1,2,2,2,1,1,0,8,6,0,0,0,0,0,0,2,0,0,0,0,0,0,0,0,0,0,0,0,2,1,0,0,0,0
"zeppelin-zengine\src\test\java\org\apache\zeppelin\conf\ZeppelinConfigurationTest.java",1,1,3.12311504249792,4.52337029252353,8,0,8,5.125,0,0,0,8,8,8,8,0,8,0,51,34,0,0,0,0,0,0,8,0,0,0,0,0,0,0,0,0,0,0,2,0,0,24,0,24,0
"zeppelin-zengine\src\test\java\org\apache\zeppelin\display\AngularObjectBuilder.java",1,1,2.84535093662244,2.9398290174664,1,0,1,4,0,0,1,0,1,1,1,0,1,4,5,3,0,0,0,0,0,0,1,0,0,0,0,0,0,0,0,0,0,0,1,0,0,6,0,6,0
"zeppelin-zengine\src\test\java\org\apache\zeppelin\helium\HeliumApplicationFactoryTest.java",2.625,7,5.13288044667772,6.63921342448578,3,1.86664806538351,21,26.25,11,11,0,8,8,8,8,0,8,1,231,158,0,0,0,0,0,0,8,0,0,0,0,0,0,0,0,0,0,0,33,11,10,304,0,304,0
"zeppelin-zengine\src\test\java\org\apache\zeppelin\helium\HeliumLocalRegistryTest.java",1,1,3.41829583405449,4.68684372419718,3,0,3,7.66666666666667,1,1,0,3,3,3,3,0,3,0,29,15,0,0,0,0,0,0,3,0,0,0,0,0,0,0,0,0,0,0,3,1,1,14,0,14,0
"zeppelin-zengine\src\test\java\org\apache\zeppelin\helium\HeliumTest.java",1,1,3.78494182743764,4.9510318124649,4,0,4,13,2,2,0,4,4,4,4,0,4,0,60,32,0,0,0,0,0,0,4,0,0,0,0,0,0,0,0,0,0,0,4,2,1,59,0,59,1
"zeppelin-zengine\src\test\java\org\apache\zeppelin\helium\HeliumTestApplication.java",1.33333333333333,2,3.5,3.71907957062417,2,0.471404520791032,4,4.66666666666667,2,1,0,3,3,11,3,0,3,3,19,11,1,0,1,1,1,0,2,8,1,1,0,0,1,0.148148148148148,0.0909090909090909,1,1,0,4,1,1,10,5,5,1
"zeppelin-zengine\src\test\java\org\apache\zeppelin\helium\HeliumTestRegistry.java",1,1,3.6818808028034,3.39214722366453,3,0,3,3,3,1,0,3,3,6,3,0,3,3,13,8,1,0,1,1,1,0,2,3,1,1,0,0,1,0.194444444444444,0.166666666666667,0,0,0,1,1,1,3,3,0,1
"zeppelin-zengine\src\test\java\org\apache\zeppelin\helium\HeliumVisualizationFactoryTest.java",1.125,2,3.9302252658009,5.31680667859492,7,0.330718913883074,9,16.25,3,3,0,8,8,8,8,0,8,1,143,67,0,0,0,0,0,0,8,0,0,0,0,0,0,0,0,0,0,0,4,3,3,76,0,76,0
"zeppelin-zengine\src\test\java\org\apache\zeppelin\interpreter\InterpreterFactoryTest.java",1.9375,3,4.89355486196935,6.66709676218252,8,0.966226552108769,31,18.1875,11,11,0,16,16,16,16,0,16,3,321,261,0,0,0,0,0,0,16,0,0,0,0,0,0,0,0,0,0,0,29,9,9,630,0,630,0
"zeppelin-zengine\src\test\java\org\apache\zeppelin\interpreter\InterpreterSettingTest.java",1,1,2.74638409170775,4.88286103976625,9,0,9,26.1111111111111,0,0,0,9,9,9,9,0,9,0,246,191,0,0,0,0,0,0,9,0,0,0,0,0,0,0,0,0,0,0,7,0,0,352,0,352,0
"zeppelin-zengine\src\test\java\org\apache\zeppelin\interpreter\install\InstallInterpreterTest.java",1,1,3.78714396069814,4.70127244401959,5,0,5,6.4,3,3,0,5,5,5,5,0,5,0,42,30,0,0,0,0,0,0,5,0,0,0,0,0,0,0,0,0,0,0,3,3,2,9,0,9,0
"zeppelin-zengine\src\test\java\org\apache\zeppelin\interpreter\mock\MockInterpreter1.java",1.4,5,4.49887110712615,5.01965621313712,9,1.2,14,4.4,8,2,0,10,10,33,10,0,10,8,56,32,1,0,1,7,7,0,3,23,7,1,0,0,1,0.298015873015873,0.212121212121212,1,1,0,7,1,1,19,2,17,0
"zeppelin-zengine\src\test\java\org\apache\zeppelin\interpreter\mock\MockInterpreter11.java",1,1,4.49887110712615,4.72243539408604,10,0,10,2.9,8,2,0,10,10,32,10,0,10,7,41,22,1,0,1,8,8,0,2,22,8,1,0,0,1,0.283333333333333,0.25,0,0,0,6,1,1,9,2,7,0
"zeppelin-zengine\src\test\java\org\apache\zeppelin\interpreter\mock\MockInterpreter2.java",1.4,5,4.49887110712615,5.01965621313712,9,1.2,14,4.4,8,2,0,10,10,33,10,0,10,8,56,32,1,0,1,7,7,0,3,23,7,1,0,0,1,0.298015873015873,0.212121212121212,1,1,0,7,1,1,19,2,17,0
"zeppelin-zengine\src\test\java\org\apache\zeppelin\notebook\FolderTest.java",1,1,4.70354175191251,4.62629708086882,10,0,10,9.8,13,13,0,10,10,10,10,0,10,0,132,102,0,0,0,0,0,0,10,0,0,0,0,0,0,0,0,0,0,0,11,8,6,148,0,148,0
"zeppelin-zengine\src\test\java\org\apache\zeppelin\notebook\FolderViewTest.java",1.0625,2,5.1912401086292,5.07214420094646,15,0.242061459137964,17,10.875,23,23,0,16,16,16,16,1,15,0,227,182,0,0,0,0,0,0,16,0,0,0,0,0,0,0,0,0,0,0,12,18,8,198,0,198,0
"zeppelin-zengine\src\test\java\org\apache\zeppelin\notebook\NoteInterpreterLoaderTest.java",1.57142857142857,5,4.375,5.53888402783207,6,1.39970842444753,11,16.4285714285714,5,5,0,7,7,7,7,1,6,1,128,109,0,0,0,0,0,0,7,0,0,0,0,0,0,0,0,0,0,0,15,5,5,282,0,282,0
"zeppelin-zengine\src\test\java\org\apache\zeppelin\notebook\NoteTest.java",1,1,4.42245267605278,5.44791246228972,10,0,10,10,10,10,0,10,10,10,10,0,10,0,131,101,0,0,0,0,0,0,10,0,0,0,0,0,0,0,0,0,0,0,17,5,5,205,0,205,0
"zeppelin-zengine\src\test\java\org\apache\zeppelin\notebook\NotebookTest.java",2.21621621621622,9,5.21084949829826,6.80692892044311,19,1.75738034670366,82,22.0810810810811,13,13,0,37,37,37,37,2,35,6,867,728,0,0,0,0,0,0,37,0,0,0,0,0,0,0,0,0,0,0,34,12,11,1432,0,1432,1
"zeppelin-zengine\src\test\java\org\apache\zeppelin\notebook\ParagraphTest.java",1,1,2.98476961870674,6.17454758801421,8,0,8,14.625,0,0,0,8,8,8,8,0,8,0,127,106,0,0,0,0,0,0,8,0,0,0,0,0,0,0,0,0,0,0,22,0,0,121,0,121,0
"zeppelin-zengine\src\test\java\org\apache\zeppelin\notebook\repo\GitNotebookRepoTest.java",1.3,3,4.72220406005742,5.82822218875679,8,0.640312423743285,13,20.4,7,7,0,10,10,10,10,1,9,2,222,196,0,0,0,0,0,0,10,0,0,0,0,0,0,0,0,0,0,0,9,7,5,403,0,403,1
"zeppelin-zengine\src\test\java\org\apache\zeppelin\notebook\repo\NotebookRepoSyncInitializationTest.java",1,1,4.18833990115858,5.02869110671365,8,0,8,9.125,9,9,0,8,8,8,8,0,8,0,91,75,0,0,0,0,0,0,8,0,0,0,0,0,0,0,0,0,0,0,5,9,2,69,0,69,0
"zeppelin-zengine\src\test\java\org\apache\zeppelin\notebook\repo\NotebookRepoSyncTest.java",1.58333333333333,5,5.40215202382922,6.049130438803,9,1.18731723739792,19,20,15,15,1,11,12,12,12,0,12,5,268,211,0,0,0,0,0,0,12,0,0,0,0,0,0,0,0,0,0,0,18,14,12,404,0,404,0
"zeppelin-zengine\src\test\java\org\apache\zeppelin\notebook\repo\VFSNotebookRepoTest.java",1.66666666666667,4,5.35817028995473,6.54593151643307,4,1.10554159678513,10,14.3333333333333,11,11,0,6,6,6,6,0,6,1,119,94,0,0,0,0,0,0,6,0,0,0,0,0,0,0,0,0,0,0,23,10,9,96,0,96,0
"zeppelin-zengine\src\test\java\org\apache\zeppelin\notebook\repo\mock\VFSNotebookRepoMock.java",1,1,2.44643934467102,3.61947057079725,2,0,2,4.5,4,0,1,1,2,15,2,1,1,2,11,8,1,0,1,0,0,0,2,13,0,1,0,0,1,0.111111111111111,0,0,0,0,2,0,0,6,2,4,0
"zeppelin-zengine\src\test\java\org\apache\zeppelin\notebook\repo\zeppelinhub\ZeppelinHubRepoTest.java",1,1,4.4234876505448,4.73631160799197,8,0,8,10.125,6,6,0,8,8,8,8,1,7,0,96,78,0,0,0,0,0,0,8,0,0,0,0,0,0,0,0,0,0,0,5,6,4,89,0,89,0
"zeppelin-zengine\src\test\java\org\apache\zeppelin\notebook\repo\zeppelinhub\websocket\ZeppelinClientTest.java",1.28571428571429,2,4.44022392894185,5.38310771882005,5,0.451753951452626,9,10.1428571428571,5,5,0,7,7,7,7,1,6,1,84,67,0,0,0,0,0,0,7,0,0,0,0,0,0,0,0,0,0,0,4,4,4,72,0,72,0
"zeppelin-zengine\src\test\java\org\apache\zeppelin\notebook\repo\zeppelinhub\websocket\ZeppelinhubClientTest.java",1.2,2,4.51839711669891,4.74395955940975,4,0.4,6,6.4,7,7,0,5,5,5,5,1,4,0,49,34,0,0,0,0,0,0,5,0,0,0,0,0,0,0,0,0,0,0,4,6,4,26,0,26,0
"zeppelin-zengine\src\test\java\org\apache\zeppelin\notebook\repo\zeppelinhub\websocket\mock\MockEchoWebsocketServer.java",1.25,2,3.89240711859288,4.30525579311239,3,0.433012701892219,5,6.5,2,2,0,4,4,4,4,0,4,2,31,23,0,0,0,0,0,0,4,0,0,0,0,0,0,0,0,0,0,0,1,2,2,0,0,0,0
"zeppelin-zengine\src\test\java\org\apache\zeppelin\notebook\repo\zeppelinhub\websocket\mock\MockEventServlet.java",1,1,2.58496250072116,2.25162916738782,1,0,1,4,0,0,0,1,1,1,1,0,1,1,7,3,1,0,1,0,0,0,1,0,0,1,0,0,1,0.0833333333333333,0,0,0,0,1,0,0,0,0,0,0
"zeppelin-zengine\src\test\java\org\apache\zeppelin\notebook\repo\zeppelinhub\websocket\mock\MockEventSocket.java",1,1,4.16197817967955,3.88122700430148,4,0,4,4.5,2,2,0,4,4,4,4,0,4,5,25,17,1,0,1,0,0,0,4,0,0,1,0,0,1,0.133333333333333,0,0,0,0,1,2,2,0,0,0,0
"zeppelin-zengine\src\test\java\org\apache\zeppelin\notebook\repo\zeppelinhub\websocket\protocol\ZeppelinhubMessageTest.java",1,1,2.64160416786859,4.17697162068806,3,0,3,6.33333333333333,1,1,0,3,3,3,3,0,3,0,25,18,0,0,0,0,0,0,3,0,0,0,0,0,0,0,0,0,0,0,2,1,1,18,0,18,0
"zeppelin-zengine\src\test\java\org\apache\zeppelin\search\LuceneSearchTest.java",1.19047619047619,3,4.94595138272263,5.63070122980528,18,0.499432784842929,25,7.28571428571429,5,5,1,20,21,21,21,7,14,14,165,135,0,0,0,0,0,0,21,0,0,0,0,0,0,0,0,0,0,0,9,3,3,46,0,46,1
