relName,AvgWMC,CCMax,CDE,CIE,NTM,SDMC,WMC,AvgSLOC,NA.,NAIMP,NCM,NIM,NLM,NM,NMIMP,NMNpub,Nmpub,NumPara,loc,stms,AID,CLD,DIT,DP,DPA,DPD,NMA,NMI,NMO,NOA,NOC,NOD,NOP,PII,SIX,SP,SPA,SPD,CBO,DAC,DACquote,ICP,IHICP,NIHICP,bug,bugDensity
angular\src\main\java\org\apache\zeppelin\angular\AngularInterpreter.java,1.0,1,4.2595141995289705,4.83420945944805,9,0.0,9,2.77777777777778,5,0,0,9,9,23,9,0,9,7,38,17,1,0,1,8,8,0,1,14,8,1,0,0,1,0.246212121212121,0.34782608695652195,0,0,0,7,0,0,10,2,8,0,0.0
cassandra\src\main\java\org\apache\zeppelin\cassandra\CassandraInterpreter.java,1.1,2,5.5526712777623795,6.02682006667056,9,0.3,11,6.1,79,74,0,10,10,23,10,0,10,7,271,108,1,0,1,9,9,0,1,13,9,1,0,0,1,0.256734006734007,0.39130434782608703,0,0,0,6,74,7,22,17,5,0,0.0
cassandra\src\main\java\org\apache\zeppelin\cassandra\ParsingException.java,1.0,1,1.92192809488736,1.5,1,0.0,1,3.0,0,0,0,1,1,1,1,0,1,1,5,3,1,0,1,0,0,0,1,0,0,1,0,0,1,0.0833333333333333,0.0,0,0,0,0,0,0,0,0,0,0,0.0
cassandra\src\test\java\org\apache\zeppelin\cassandra\CassandraInterpreterTest.java,1.05555555555556,3,4.569531309030401,5.57634172457514,35,0.32867109906109,38,9.91666666666667,5,5,4,32,36,36,36,2,34,3,404,228,0,0,0,0,0,0,36,0,0,0,0,0,0,0.0,0.0,0,0,0,5,5,5,165,0,165,0,0.0
cassandra\src\test\java\org\apache\zeppelin\cassandra\InterpreterLogicTest.java,1.0,1,4.77664355526808,6.1373495480750595,17,0.0,17,7.52941176470588,5,5,0,17,17,17,17,2,15,2,153,106,0,0,0,0,0,0,17,0,0,0,0,0,0,0.0,0.0,0,0,0,4,5,5,14,0,14,0,0.0
flink\src\main\java\org\apache\zeppelin\flink\FlinkInterpreter.java,2.55,9,5.77224359518743,6.820283926221981,7,1.98683164863055,51,10.5,12,7,1,19,20,35,20,9,11,14,238,168,1,0,1,7,7,0,13,15,7,1,0,0,1,0.260822510822511,0.2,1,1,0,6,7,7,26,10,16,0,0.0
flink\src\test\java\org\apache\zeppelin\flink\FlinkInterpreterTest.java,1.0,1,3.61687460595622,4.28383649621957,6,0.0,6,5.83333333333333,2,2,2,4,6,6,6,0,6,0,45,32,0,0,0,0,0,0,6,0,0,0,0,0,0,0.0,0.0,0,0,0,5,2,2,43,0,43,0,0.0
geode\src\main\java\org\apache\zeppelin\geode\GeodeOqlInterpreter.java,2.0,7,5.62676150110718,6.127791682093509,11,1.5894388284780498,38,7.5263157894736805,20,15,0,19,19,35,19,7,12,24,177,119,1,0,1,6,6,0,13,16,6,1,0,0,1,0.301226551226551,0.17142857142857096,2,2,0,7,11,5,21,8,13,0,0.0
geode\src\test\java\org\apache\zeppelin\geode\GeodeOqlInterpreterTest.java,1.0,1,4.10282742609841,6.026683596103691,11,0.0,11,7.0,1,1,1,10,11,11,11,2,9,4,95,66,0,0,0,0,0,0,11,0,0,0,0,0,0,0.0,0.0,0,0,0,5,1,1,38,0,38,0,0.0
hive\src\main\java\org\apache\zeppelin\hive\HiveInterpreter.java,2.18181818181818,8,5.16021826492481,5.82959954378106,7,2.0368505911280104,24,11.0,13,8,0,11,11,28,11,1,10,13,149,87,1,1,1,6,5,1,6,17,5,1,1,1,1,0.28528138528138497,0.178571428571429,3,3,0,7,7,5,21,8,13,1,0.006711409395973154
hive\src\test\java\org\apache\zeppelin\hive\HiveInterpreterTest.java,6.0,6,23.3765340266823,25.09999620309,317,0.0,317,18.7029545013838,13,0,0,317,317,343,317,0,317,373,1158,518,2,0,2,1,1,0,316,26,1,2,0,0,1,0.45679012345679,0.0714285714285714,0,0,0,9,0,0,17,2,15,0,0.0
ignite\src\main\java\org\apache\zeppelin\ignite\IgniteInterpreter.java,2.76470588235294,8,5.50522968132745,6.86898561344471,6,1.95626931156658,47,11.294117647058801,14,9,0,17,17,31,17,7,10,13,226,154,1,0,1,8,8,0,9,14,8,1,0,0,1,0.31287878787878803,0.258064516129032,0,0,0,9,9,6,33,11,22,1,0.004424778761061947
ignite\src\main\java\org\apache\zeppelin\ignite\IgniteInterpreterUtils.java,3.0,3,2.3219280948873595,3.5743577621291296,0,0.0,3,10.0,0,0,1,0,1,1,1,0,1,1,12,8,0,0,0,0,0,0,1,0,0,0,0,0,0,0.0,0.0,0,0,0,2,0,0,3,0,3,0,0.0
ignite\src\main\java\org\apache\zeppelin\ignite\IgniteSqlInterpreter.java,2.44444444444444,8,4.9549003376291205,5.66611393915593,5,2.16595429884644,22,9.888888888888891,11,6,0,9,9,27,9,0,9,12,115,69,1,0,1,4,4,0,5,18,4,1,0,0,1,0.282828282828283,0.148148148148148,4,4,0,9,6,5,18,6,12,1,0.008695652173913044
ignite\src\test\java\org\apache\zeppelin\ignite\IgniteInterpreterTest.java,1.0,1,3.94770277922009,5.281196548896821,4,0.0,4,8.25,4,4,0,4,4,4,4,0,4,0,44,33,0,0,0,0,0,0,4,0,0,0,0,0,0,0.0,0.0,0,0,0,5,4,4,17,0,17,0,0.0
ignite\src\test\java\org\apache\zeppelin\ignite\IgniteSqlInterpreterTest.java,1.0,1,4.03740119765411,5.49783814230525,4,0.0,4,9.0,4,4,0,4,4,4,4,0,4,0,47,37,0,0,0,0,0,0,4,0,0,0,0,0,0,0.0,0.0,0,0,0,6,4,4,25,0,25,0,0.0
ignite\src\test\java\org\apache\zeppelin\ignite\Person.java,1.0,1,3.11583409216322,2.45680178177503,5,0.0,5,3.2,2,2,0,5,5,5,5,0,5,4,22,14,0,0,0,0,0,0,5,0,0,0,0,0,0,0.0,0.0,0,0,0,0,1,1,0,0,0,0,0.0
kylin\src\main\java\org\apache\zeppelin\kylin\KylinInterpreter.java,1.6363636363636398,5,5.07390073652105,6.14597939477999,8,1.22643068756655,18,8.54545454545455,15,10,0,11,11,27,11,2,9,11,127,83,1,1,1,7,6,1,5,16,6,1,1,1,1,0.22979797979798,0.222222222222222,1,1,0,5,10,3,33,24,9,1,0.007874015748031496
kylin\src\test\java\KylinInterpreterTest.java,6.0,6,19.238296620009198,19.946600874400197,29,0.0,29,18.641414141414103,15,0,0,29,29,53,29,0,29,14,122,56,3,0,3,1,1,0,28,24,1,3,0,0,2,0.6105555555555561,0.0769230769230769,0,0,0,8,0,0,11,2,9,1,0.00819672131147541
lens\src\main\java\org\apache\zeppelin\lens\ExecutionDetail.java,1.0,1,3.30869496956284,3.27761343681912,4,0.0,4,3.5,3,3,0,4,4,4,4,0,4,3,19,14,0,0,0,0,0,0,4,0,0,0,0,0,0,0.0,0.0,0,0,0,0,3,3,0,0,0,0,0.0
lens\src\main\java\org\apache\zeppelin\lens\LensBootstrap.java,1.0,1,2.75,3.7192945256669803,2,0.0,2,5.5,0,0,0,2,2,2,2,0,2,0,13,10,1,0,1,0,0,0,2,0,0,1,0,0,1,0.111111111111111,0.0,0,0,0,1,0,0,0,0,0,0,0.0
lens\src\main\java\org\apache\zeppelin\lens\LensInterpreter.java,3.05,8,5.6297428613461795,6.673845044442411,6,2.26881026090769,61,15.3,23,18,2,18,20,37,20,10,10,27,362,239,1,1,1,6,5,1,15,17,5,1,1,1,1,0.232007575757576,0.135135135135135,3,3,0,10,16,8,53,5,48,1,0.0027624309392265192
lens\src\main\java\org\apache\zeppelin\lens\LensJLineShellComponent.java,1.3636363636363602,4,5.29573050968082,5.964237294886599,16,0.7100226978096958,30,5.5,13,13,0,22,22,22,22,7,15,4,142,98,1,0,1,0,0,0,22,0,0,1,0,0,1,0.159420289855072,0.0,0,0,0,1,11,6,0,0,0,1,0.007042253521126761
lens\src\main\java\org\apache\zeppelin\lens\LensSimpleExecutionStrategy.java,2.0,3,3.97057309581168,4.37362491854011,2,0.8944271909999159,10,9.2,1,1,0,5,5,5,5,2,3,5,49,32,0,0,0,0,0,0,5,0,0,0,0,0,0,0.0,0.0,0,0,0,0,1,1,0,0,0,0,0.0
lens\src\test\java\org\apache\zeppelin\lens\LensInterpreterTest.java,1.0,1,3.83659166810898,4.18903971407372,3,0.0,3,6.33333333333333,0,0,0,3,3,3,3,0,3,0,33,22,0,0,0,0,0,0,3,0,0,0,0,0,0,0.0,0.0,0,0,0,4,0,0,9,0,9,0,0.0
markdown\src\main\java\org\apache\zeppelin\markdown\Markdown.java,1.11111111111111,2,4.44336562664418,5.23408944755692,8,0.314269680527354,10,3.3333333333333304,6,1,0,9,9,24,9,0,9,8,44,23,1,0,1,7,7,0,2,15,7,1,0,0,1,0.264790764790765,0.29166666666666696,1,1,0,7,1,1,15,2,13,0,0.0
markdown\src\test\java\org\apache\zeppelin\markdown\MarkdownTest.java,1.0,1,2.94770277922009,4.05595815161512,3,0.0,3,3.6666666666666696,0,0,0,3,3,3,3,0,3,0,16,9,0,0,0,0,0,0,3,0,0,0,0,0,0,0.0,0.0,0,0,0,2,0,0,8,0,8,1,0.0625
phoenix\src\main\java\org\apache\zeppelin\phoenix\PhoenixInterpreter.java,2.07692307692308,9,5.30243366691368,6.150970831323559,8,2.12897730816893,27,9.30769230769231,26,21,0,13,13,30,13,2,11,14,166,103,1,0,1,5,5,0,8,17,5,1,0,0,1,0.290572390572391,0.166666666666667,3,3,0,7,20,5,25,12,13,0,0.0
phoenix\src\test\java\org\apache\zeppelin\phoenix\PhoenixInterpreterTest.java,1.0,1,3.49903587334606,5.438951552683481,10,0.0,10,11.3,2,2,0,10,10,10,10,0,10,0,127,101,1,0,1,0,0,0,10,0,0,1,0,0,1,0.15151515151515196,0.0,0,0,0,5,2,2,68,0,68,0,0.0
postgresql\src\main\java\org\apache\zeppelin\postgresql\PostgreSqlInterpreter.java,2.42857142857143,12,5.56539917985617,6.459026774812171,7,2.77010277566647,34,11.142857142857098,30,25,0,14,14,31,14,4,10,16,210,140,1,0,1,5,5,0,9,17,5,1,0,0,1,0.29242424242424203,0.161290322580645,3,3,0,8,21,8,44,12,32,1,0.004761904761904762
postgresql\src\main\java\org\apache\zeppelin\postgresql\SqlCompleter.java,3.125,8,5.02956571914172,6.13175280595729,3,2.26039266500314,25,16.625,3,3,4,4,8,8,8,2,6,20,146,95,1,0,1,0,0,0,8,0,0,1,0,0,1,0.148148148148148,0.0,0,0,0,0,3,3,0,0,0,0,0.0
postgresql\src\test\java\org\apache\zeppelin\postgresql\PostgreSqlInterpreterTest.java,1.0,1,3.5012716238858803,5.44320399272148,12,0.0,12,11.0,2,2,0,12,12,12,12,0,12,0,148,118,1,0,1,0,0,0,12,0,0,1,0,0,1,0.153846153846154,0.0,0,0,0,5,2,2,86,0,86,0,0.0
postgresql\src\test\java\org\apache\zeppelin\postgresql\SqlCompleterTest.java,1.0,1,5.33251051255682,4.14710783414268,8,0.0,8,6.5,4,4,0,8,8,8,8,0,8,0,127,90,1,0,1,0,0,0,8,0,0,1,0,0,1,0.148148148148148,0.0,0,0,0,2,4,4,162,0,162,0,0.0
shell\src\main\java\org\apache\zeppelin\shell\ShellInterpreter.java,1.22222222222222,3,4.586295766479191,5.56379435286736,8,0.628539361054709,11,4.44444444444444,7,2,0,9,9,24,9,0,9,9,55,34,1,0,1,7,7,0,2,15,7,1,0,0,1,0.264790764790765,0.29166666666666696,1,1,0,6,1,1,15,2,13,1,0.01818181818181818
spark\src\main\java\org\apache\zeppelin\spark\DepInterpreter.java,2.5,6,5.586522225,6.67163818705837,8,1.76776695296637,40,10.0625,10,5,0,16,16,31,16,5,11,11,188,126,1,0,1,7,7,0,9,15,7,1,0,0,1,0.303679653679654,0.22580645161290303,1,1,0,10,5,5,30,9,21,0,0.0
spark\src\main\java\org\apache\zeppelin\spark\PySparkInterpreter.java,2.60869565217391,10,5.88022816205585,7.1065771360634695,10,2.29818700633087,60,12.3478260869565,23,18,0,23,23,40,23,6,17,21,340,226,1,0,1,5,5,0,18,17,5,1,0,0,1,0.23365231259968103,0.125,2,2,0,15,14,9,61,11,50,0,0.0
spark\src\main\java\org\apache\zeppelin\spark\SparkInterpreter.java,3.6666666666666696,22,6.0981150392628,7.76614409424499,15,4.37393565696995,121,17.0909090909091,18,13,3,30,33,49,33,8,25,33,616,418,1,0,1,6,6,0,27,16,6,1,0,0,1,0.307178932178932,0.12244897959183698,3,3,0,16,13,13,71,24,47,1,0.0016233766233766235
spark\src\main\java\org\apache\zeppelin\spark\SparkSqlInterpreter.java,1.8333333333333302,6,4.96460031299517,5.9844209624644105,9,1.5723301886761,22,7.5,8,3,0,12,12,27,12,2,10,9,119,69,1,0,1,7,7,0,5,15,7,1,0,0,1,0.244949494949495,0.25925925925925897,1,1,0,13,2,2,39,12,27,0,0.0
spark\src\main\java\org\apache\zeppelin\spark\SparkVersion.java,1.13333333333333,3,4.6343450667058095,4.46421959996205,14,0.49888765156985904,17,2.93333333333333,14,14,1,14,15,15,15,0,15,6,60,32,0,0,0,0,0,0,15,0,0,0,0,0,0,0.0,0.0,0,0,0,0,13,1,0,0,0,1,0.016666666666666666
spark\src\main\java\org\apache\zeppelin\spark\ZeppelinContext.java,1.59322033898305,11,5.04021167379607,6.35490710476251,43,1.54172085305313,94,6.3728813559322,8,8,2,57,59,59,59,10,49,114,386,252,1,0,1,0,0,0,59,0,0,1,0,0,1,0.163888888888889,0.0,0,0,0,9,7,7,145,0,145,1,0.0025906735751295338
spark\src\main\java\org\apache\zeppelin\spark\dep\Booter.java,1.5,3,2.94770277922009,4.36789869187301,3,0.8660254037844392,6,6.5,0,0,4,0,4,4,4,0,4,2,28,18,0,0,0,0,0,0,4,0,0,0,0,0,0,0.0,0.0,0,0,0,1,0,0,1,0,1,0,0.0
spark\src\main\java\org\apache\zeppelin\spark\dep\Dependency.java,1.22222222222222,2,3.6469666682736497,4.01467362738357,7,0.415739709641549,11,4.2222222222222205,3,3,0,9,9,9,9,0,9,3,44,31,0,0,0,0,0,0,9,0,0,0,0,0,0,0.0,0.0,0,0,0,0,2,2,0,0,0,0,0.0
spark\src\main\java\org\apache\zeppelin\spark\dep\DependencyContext.java,2.3333333333333304,6,4.79617687060086,6.07226766382429,5,1.82574185835055,21,10.2222222222222,9,9,0,9,9,9,9,2,7,6,103,78,0,0,0,0,0,0,9,0,0,0,0,0,0,0.0,0.0,0,0,0,4,9,4,19,0,19,0,0.0
spark\src\main\java\org\apache\zeppelin\spark\dep\DependencyResolver.java,3.3333333333333304,8,5.3668137581631505,6.950070021193709,3,2.1499353995462798,50,16.466666666666697,9,9,2,13,15,15,15,7,8,28,268,191,0,0,0,0,0,0,15,0,0,0,0,0,0,0.0,0.0,0,0,0,1,9,9,5,0,5,0,0.0
spark\src\main\java\org\apache\zeppelin\spark\dep\Repository.java,1.0,1,2.7086949695628397,2.77218546051167,6,0.0,6,3.3333333333333304,3,3,0,6,6,6,6,0,6,2,25,18,0,0,0,0,0,0,6,0,0,0,0,0,0,0.0,0.0,0,0,0,0,2,1,0,0,0,0,0.0
spark\src\main\java\org\apache\zeppelin\spark\dep\RepositoryListener.java,1.0,1,3.44246050810239,3.42092090063236,18,0.0,18,2.94444444444444,1,1,0,18,18,18,18,0,18,17,73,37,1,0,1,0,0,0,18,0,0,1,0,0,1,0.157894736842105,0.0,0,0,0,0,1,1,0,0,0,0,0.0
spark\src\main\java\org\apache\zeppelin\spark\dep\RepositorySystemFactory.java,1.0,1,3.8801799226757403,3.34144607116552,1,0.0,1,7.0,0,0,1,0,1,1,1,0,1,0,24,15,0,0,0,0,0,0,1,0,0,0,0,0,0,0.0,0.0,0,0,0,1,0,0,0,0,0,0,0.0
spark\src\main\java\org\apache\zeppelin\spark\dep\TransferListener.java,2.0,5,4.66489440108416,5.62913338785203,5,1.34164078649987,20,7.7,4,4,0,10,10,10,10,4,6,11,88,64,1,0,1,0,0,0,10,0,0,1,0,0,1,0.15151515151515196,0.0,0,0,0,0,3,3,0,0,0,0,0.0
spark\src\test\java\org\apache\zeppelin\spark\DepInterpreterTest.java,2.0,5,4.12192809488736,5.34353779189334,3,1.73205080756888,8,10.25,4,4,0,4,4,4,4,1,3,1,50,39,0,0,0,0,0,0,4,0,0,0,0,0,0,0.0,0.0,0,0,0,11,4,4,41,0,41,0,0.0
spark\src\test\java\org\apache\zeppelin\spark\SparkInterpreterTest.java,1.75,5,4.19590927087361,5.7335884241035595,7,1.16368667031408,21,7.58333333333333,3,3,1,11,12,12,12,1,11,1,106,73,0,0,0,0,0,0,12,0,0,0,0,0,0,0.0,0.0,0,0,0,9,3,3,83,0,83,1,0.009433962264150943
spark\src\test\java\org\apache\zeppelin\spark\SparkSqlInterpreterTest.java,2.1666666666666696,3,4.15239127762987,4.524178161369719,2,0.8975274678557509,13,15.333333333333302,4,4,0,6,6,6,6,0,6,1,103,63,0,0,0,0,0,0,6,0,0,0,0,0,0,0.0,0.0,0,0,0,12,4,4,108,0,108,1,0.009708737864077669
spark\src\test\java\org\apache\zeppelin\spark\SparkVersionTest.java,1.0,1,1.5849625007211599,3.14024886397161,1,0.0,1,18.0,0,0,0,1,1,1,1,0,1,0,21,18,0,0,0,0,0,0,1,0,0,0,0,0,0,0.0,0.0,0,0,0,1,0,0,30,0,30,1,0.047619047619047616
spark\src\test\java\org\apache\zeppelin\spark\dep\DependencyResolverTest.java,1.0,1,1.5849625007211599,3.0087646845732006,1,0.0,1,22.0,0,0,0,1,1,1,1,0,1,0,25,13,0,0,0,0,0,0,1,0,0,0,0,0,0,0.0,0.0,0,0,0,1,0,0,18,0,18,0,0.0
tajo\src\main\java\org\apache\zeppelin\tajo\TajoInterpreter.java,2.0,8,5.136765869465379,5.735864481633429,8,2.0449494325821798,22,9.63636363636364,11,6,0,11,11,27,11,1,10,12,131,77,1,1,1,7,6,1,5,16,6,1,1,1,1,0.28535353535353497,0.222222222222222,2,2,0,7,6,5,17,4,13,0,0.0
tajo\src\test\java\org\apache\zeppelin\tajo\TajoInterpreterTest.java,1.33333333333333,2,2.94770277922009,4.495558266341099,2,0.471404520791032,4,7.0,0,0,0,3,3,3,3,0,3,1,25,17,0,0,0,0,0,0,3,0,0,0,0,0,0,0.0,0.0,0,0,0,4,0,0,15,0,15,0,0.0
tajo\src\test\java\org\apache\zeppelin\tajo\TesterConnection.java,1.08474576271186,3,5.27390100635255,5.51290252054343,55,0.333859586501563,64,3.77966101694915,10,10,0,59,59,59,59,2,57,54,289,156,0,0,0,0,0,0,59,0,0,0,0,0,0,0.0,0.0,0,0,0,2,6,5,4,0,4,0,0.0
tajo\src\test\java\org\apache\zeppelin\tajo\TesterDatabaseMetaData.java,1.0,1,4.695115751490611,5.18008724912624,176,0.0,176,3.1875,0,0,0,176,176,176,176,0,176,95,739,353,0,0,0,0,0,0,176,0,0,0,0,0,0,0.0,0.0,0,0,0,1,0,0,2,0,2,0,0.0
tajo\src\test\java\org\apache\zeppelin\tajo\TesterResultSet.java,1.04615384615385,3,5.25826663377828,5.45239577326903,189,0.27348290514817303,204,3.6820512820512796,7,7,0,195,195,195,195,1,194,278,922,496,0,0,0,0,0,0,195,0,0,0,0,0,0,0.0,0.0,0,0,0,2,1,1,1,0,1,1,0.0010845986984815619
tajo\src\test\java\org\apache\zeppelin\tajo\TesterResultSetMetaData.java,1.0,1,3.7472916699279906,4.0420664861022,24,0.0,24,3.1666666666666696,1,1,0,24,24,24,24,0,24,22,102,54,0,0,0,0,0,0,24,0,0,0,0,0,0,0.0,0.0,0,0,0,0,1,1,0,0,0,0,0.0
tajo\src\test\java\org\apache\zeppelin\tajo\TesterStatement.java,1.21276595744681,6,4.7995888672241,5.23504702434167,42,0.797233787029583,57,4.38297872340426,14,14,0,47,47,47,47,1,46,31,266,157,0,0,0,0,0,0,47,0,0,0,0,0,0,0.0,0.0,0,0,0,2,3,3,10,0,10,0,0.0
tajo\src\test\java\org\apache\zeppelin\tajo\TesterTajoInterpreter.java,1.0,1,2.75,2.75,2,0.0,2,3.5,11,0,0,2,2,27,2,0,2,1,10,5,2,0,2,1,1,0,1,25,1,2,0,0,1,0.45726495726495703,0.0740740740740741,0,0,0,1,0,0,2,2,0,0,0.0
zeppelin-interpreter\src\main\java\org\apache\zeppelin\display\AngularObject.java,1.33333333333333,3,4.543588851822481,5.227288215832651,12,0.6992058987801011,20,5.8,5,5,0,15,15,15,15,1,14,12,96,63,0,1,0,0,0,0,15,0,0,0,1,1,0,0.0,0.0,1,0,1,3,4,3,4,0,4,0,0.0
zeppelin-interpreter\src\main\java\org\apache\zeppelin\display\AngularObjectRegistry.java,1.53333333333333,3,3.9442436655431603,4.81351479760053,8,0.618241233033047,23,7.06666666666667,5,5,0,15,15,15,15,4,11,24,114,77,0,1,0,1,0,1,15,0,0,0,1,1,0,0.0,0.0,0,0,0,3,3,2,6,0,6,0,0.0
zeppelin-interpreter\src\main\java\org\apache\zeppelin\display\AngularObjectWatcher.java,0.666666666666667,1,2.7527152789797,2.68401728082985,3,0.471404520791032,2,2.3333333333333304,1,1,0,3,3,3,3,0,3,6,10,7,0,1,0,4,0,4,3,0,0,0,4,4,0,0.0,0.0,4,0,4,1,1,1,0,0,0,0,0.0
zeppelin-interpreter\src\main\java\org\apache\zeppelin\display\GUI.java,1.22222222222222,2,3.85029981096937,4.052511812795919,7,0.415739709641549,11,4.0,2,2,0,9,9,9,9,0,9,8,40,28,0,0,0,0,0,0,9,0,0,0,0,0,0,0.0,0.0,0,0,0,2,2,1,7,0,7,0,0.0
zeppelin-interpreter\src\main\java\org\apache\zeppelin\display\Input.java,2.53846153846154,23,4.343241469847141,6.0665816589174195,19,4.567702412093389,66,11.8846153846154,6,6,11,15,26,26,26,4,22,38,339,256,0,0,0,0,0,0,26,0,0,0,0,0,0,0.0,0.0,0,0,0,1,4,2,6,0,6,0,0.0
zeppelin-interpreter\src\main\java\org\apache\zeppelin\interpreter\ClassloaderInterpreter.java,1.89473684210526,3,4.7307700930664405,4.266173052847581,3,0.44659375653887196,36,10.7894736842105,7,2,0,19,19,41,19,0,19,29,228,140,1,0,1,0,0,0,19,22,0,1,0,0,1,0.158333333333333,0.0,15,15,0,6,2,2,28,28,0,1,0.0043859649122807015
zeppelin-interpreter\src\main\java\org\apache\zeppelin\interpreter\Interpreter.java,1.0,4,5.15047381560583,5.5008470923510195,19,1.0444659357341899,22,3.59090909090909,5,5,4,18,22,22,22,0,22,21,126,87,0,2,0,178,0,178,22,0,0,0,27,31,0,0.0,0.0,53,0,53,8,5,5,12,0,12,0,0.0
zeppelin-interpreter\src\main\java\org\apache\zeppelin\interpreter\InterpreterContext.java,1.0,1,4.105323427421371,4.24364054335906,9,0.0,9,4.66666666666667,8,8,0,9,9,9,9,0,9,8,52,34,0,0,0,0,0,0,9,0,0,0,0,0,0,0.0,0.0,0,0,0,2,8,5,0,0,0,0,0.0
zeppelin-interpreter\src\main\java\org\apache\zeppelin\interpreter\InterpreterContextRunner.java,1.2,3,3.2728043273346206,3.30245643889288,4,0.9797958971132711,6,4.8,2,2,0,5,5,5,5,0,5,3,30,18,0,1,0,3,0,3,5,0,0,0,3,3,0,0.0,0.0,0,0,0,0,2,1,0,0,0,0,0.0
zeppelin-interpreter\src\main\java\org\apache\zeppelin\interpreter\InterpreterException.java,1.0,1,2.40563906222957,2.25,2,0.0,2,3.0,0,0,0,2,2,2,2,0,2,2,8,5,1,0,1,0,0,0,2,0,0,1,0,0,1,0.111111111111111,0.0,0,0,0,0,0,0,0,0,0,0,0.0
zeppelin-interpreter\src\main\java\org\apache\zeppelin\interpreter\InterpreterGroup.java,1.88888888888889,4,3.6887218755408697,4.90980869743496,5,1.19670329047433,17,7.888888888888889,2,2,1,8,9,9,9,1,8,4,75,54,1,0,1,0,0,0,9,0,0,1,0,0,1,0.15,0.0,0,0,0,2,2,2,1,0,1,1,0.013333333333333334
zeppelin-interpreter\src\main\java\org\apache\zeppelin\interpreter\InterpreterProperty.java,1.0,1,2.5917932260775,2.45134643324939,5,0.0,5,3.6,2,2,0,5,5,5,5,0,5,4,22,15,0,0,0,0,0,0,5,0,0,0,0,0,0,0.0,0.0,0,0,0,0,2,1,0,0,0,0,0.0
zeppelin-interpreter\src\main\java\org\apache\zeppelin\interpreter\InterpreterPropertyBuilder.java,1.0,1,3.10869496956284,3.3005590923909502,2,0.0,2,3.5,1,1,0,2,2,2,2,0,2,3,10,7,0,0,0,0,0,0,2,0,0,0,0,0,0,0.0,0.0,0,0,0,1,1,1,3,0,3,0,0.0
zeppelin-interpreter\src\main\java\org\apache\zeppelin\interpreter\InterpreterResult.java,1.6363636363636398,3,4.15773493913086,4.57259784712201,7,0.88139633771206,18,6.81818181818182,3,3,0,11,11,11,11,4,7,12,94,62,0,0,0,0,0,0,11,0,0,0,0,0,0,0.0,0.0,0,0,0,2,3,3,3,0,3,0,0.0
zeppelin-interpreter\src\main\java\org\apache\zeppelin\interpreter\InterpreterUtils.java,3.0,3,2.3219280948873595,2.9528195311147796,0,0.0,3,9.0,0,0,1,0,1,1,1,0,1,1,11,7,0,0,0,0,0,0,1,0,0,0,0,0,0,0.0,0.0,0,0,0,0,0,0,0,0,0,0,0.0
zeppelin-interpreter\src\main\java\org\apache\zeppelin\interpreter\LazyOpenInterpreter.java,1.1578947368421102,3,4.66206933441396,4.694170622516059,17,0.48808518397345796,22,4.05263157894737,7,2,0,19,19,25,19,0,19,11,100,55,1,0,1,16,16,0,3,6,16,1,0,0,1,0.367424242424242,0.64,0,0,0,5,1,1,28,28,0,0,0.0
zeppelin-interpreter\src\main\java\org\apache\zeppelin\interpreter\remote\ClientFactory.java,1.5,2,3.86230087635729,4.46070893005574,2,0.5,6,7.25,3,3,0,4,4,4,4,0,4,5,37,24,1,0,1,0,0,0,4,0,0,1,0,0,1,0.133333333333333,0.0,0,0,0,3,2,2,0,0,0,0,0.0
zeppelin-interpreter\src\main\java\org\apache\zeppelin\interpreter\remote\InterpreterContextRunnerPool.java,2.0,4,3.82453340688191,4.22341166002859,2,1.09544511501033,10,8.0,2,2,0,5,5,5,5,0,5,7,44,29,0,0,0,0,0,0,5,0,0,0,0,0,0,0.0,0.0,0,0,0,2,2,2,7,0,7,0,0.0
zeppelin-interpreter\src\main\java\org\apache\zeppelin\interpreter\remote\RemoteAngularObject.java,1.33333333333333,2,3.7294461949052597,3.8928966084191097,2,0.471404520791032,4,5.0,6,1,0,3,3,18,3,0,3,11,19,11,1,0,1,0,0,0,3,15,0,1,0,0,1,0.125,0.0,1,1,0,2,1,1,17,10,7,0,0.0
zeppelin-interpreter\src\main\java\org\apache\zeppelin\interpreter\remote\RemoteAngularObjectRegistry.java,2.8333333333333304,4,4.0653115322251,5.20645777332358,1,1.21335164821342,17,12.333333333333302,7,2,0,6,6,18,6,2,4,14,79,52,1,0,1,1,1,0,5,12,1,1,0,0,1,0.497863247863248,0.0555555555555556,0,0,0,9,2,2,36,15,21,1,0.012658227848101266
zeppelin-interpreter\src\main\java\org\apache\zeppelin\interpreter\remote\RemoteInterpreter.java,2.41176470588235,7,5.19187589336513,6.160456024254481,8,1.68239407600883,41,14.764705882352901,15,10,0,17,17,35,17,4,13,36,274,161,1,0,1,4,4,0,13,18,4,1,0,0,1,0.38203463203463206,0.11428571428571402,6,6,0,15,8,5,132,14,118,1,0.0036496350364963502
zeppelin-interpreter\src\main\java\org\apache\zeppelin\interpreter\remote\RemoteInterpreterContextRunner.java,1.0,1,2.72548055699787,2.50325833477565,2,0.0,2,3.0,2,0,0,2,2,6,2,0,2,2,9,5,1,0,1,1,1,0,1,4,1,1,0,0,1,0.15,0.166666666666667,0,0,0,1,0,0,5,3,2,0,0.0
zeppelin-interpreter\src\main\java\org\apache\zeppelin\interpreter\remote\RemoteInterpreterEventPoller.java,2.8333333333333304,11,3.88204510813686,5.35737737664248,4,3.67045259092421,17,12.833333333333302,4,4,0,6,6,6,6,1,5,6,84,56,1,0,1,0,0,0,6,0,0,1,0,0,1,0.14285714285714302,0.0,0,0,0,11,3,3,47,0,47,1,0.011904761904761904
zeppelin-interpreter\src\main\java\org\apache\zeppelin\interpreter\remote\RemoteInterpreterProcess.java,2.13333333333333,7,5.42930273092441,6.1372093257230595,10,2.06128331116537,32,10.8666666666667,13,13,0,15,15,15,15,0,15,24,180,123,0,0,0,0,0,0,15,0,0,0,0,0,0,0.0,0.0,0,0,0,7,10,9,16,0,16,1,0.005555555555555556
zeppelin-interpreter\src\main\java\org\apache\zeppelin\interpreter\remote\RemoteInterpreterServer.java,2.0,8,5.844780609959201,6.80556111478073,17,1.7759071354792602,52,10.3461538461538,9,9,1,25,26,26,26,4,22,45,363,203,1,0,1,0,0,0,26,0,0,1,0,0,1,0.160493827160494,0.0,0,0,0,25,8,8,128,0,128,1,0.0027548209366391185
zeppelin-interpreter\src\main\java\org\apache\zeppelin\interpreter\remote\RemoteInterpreterUtils.java,1.5,2,2.8073549220576,3.76140632972184,1,0.5,3,9.5,0,0,2,0,2,2,2,0,2,3,21,15,0,0,0,0,0,0,2,0,0,0,0,0,0,0.0,0.0,0,0,0,0,0,0,0,0,0,1,0.047619047619047616
zeppelin-interpreter\src\main\java\org\apache\zeppelin\interpreter\thrift\RemoteInterpreterContext.java,3.05555555555556,23,6.03605880620025,6.23795324408,36,4.96064760806067,165,9.962962962962962,18,18,0,54,54,54,54,2,52,36,850,587,0,0,0,0,0,0,54,0,0,0,0,0,0,0.0,0.0,0,0,0,3,18,4,2,0,2,0,0.0
zeppelin-interpreter\src\main\java\org\apache\zeppelin\interpreter\thrift\RemoteInterpreterEvent.java,2.24137931034483,8,6.1394246236609105,5.89734201444237,16,1.92363112841122,65,7.3448275862068995,8,8,0,29,29,29,29,2,27,21,375,252,0,0,0,0,0,0,29,0,0,0,0,0,0,0.0,0.0,0,0,0,4,8,5,3,0,3,0,0.0
zeppelin-interpreter\src\main\java\org\apache\zeppelin\interpreter\thrift\RemoteInterpreterEventType.java,2.0,6,3.6416041678685898,2.7395722619867198,4,2.0,10,4.4,6,6,1,4,5,5,5,1,4,3,30,14,0,0,0,0,0,0,5,0,0,0,0,0,0,0.0,0.0,0,0,0,0,5,1,0,0,0,0,0.0
zeppelin-interpreter\src\main\java\org\apache\zeppelin\interpreter\thrift\RemoteInterpreterResult.java,2.84090909090909,17,6.03104525224793,6.1123506711944495,28,3.89021605977554,125,9.27272727272727,14,14,0,44,44,44,44,2,42,30,660,453,0,0,0,0,0,0,44,0,0,0,0,0,0,0.0,0.0,0,0,0,3,14,4,2,0,2,0,0.0
zeppelin-interpreter\src\main\java\org\apache\zeppelin\interpreter\thrift\RemoteInterpreterService.java,0.0,0,7.182329210930019,0.0,0,0.0,0,0.0,0,0,0,0,0,0,0,0,0,0,9767,6568,0,0,0,0,0,0,0,0,0,0,0,0,0,0.0,0.0,0,0,0,0,0,0,0,0,0,0,0.0
zeppelin-interpreter\src\main\java\org\apache\zeppelin\scheduler\ExecutorFactory.java,1.7142857142857097,3,3.66470700551471,3.86928478081117,3,0.699854212223765,12,6.0,3,3,1,6,7,7,7,0,7,4,47,31,0,0,0,0,0,0,7,0,0,0,0,0,0,0.0,0.0,0,0,0,0,3,3,0,0,0,0,0.0
zeppelin-interpreter\src\main\java\org\apache\zeppelin\scheduler\FIFOScheduler.java,1.7142857142857097,4,4.2072117677593,4.846704306515731,4,1.03015750727543,12,12.5714285714286,6,6,0,7,7,7,7,0,7,5,102,67,0,0,0,0,0,0,7,0,0,0,0,0,0,0.0,0.0,0,0,0,3,4,4,2,0,2,0,0.0
zeppelin-interpreter\src\main\java\org\apache\zeppelin\scheduler\Job.java,1.06666666666667,4,5.46172758183909,5.69180037625061,27,0.7717224601860151,32,4.43333333333333,12,12,1,29,30,30,30,5,25,18,166,119,0,1,0,31,0,31,30,0,0,0,8,8,0,0.0,0.0,1,0,1,3,8,4,10,0,10,1,0.006024096385542169
zeppelin-interpreter\src\main\java\org\apache\zeppelin\scheduler\JobProgressPoller.java,3.3333333333333304,8,3.57661764490867,3.83825300251472,2,3.2998316455372203,10,10.0,5,5,0,3,3,3,3,0,3,4,38,25,1,0,1,0,0,0,3,0,0,1,0,0,1,0.125,0.0,0,0,0,2,2,2,3,0,3,0,0.0
zeppelin-interpreter\src\main\java\org\apache\zeppelin\scheduler\ParallelScheduler.java,1.625,4,4.79828505065459,4.66097972656195,5,0.9921567416492221,13,8.0,7,7,0,8,8,8,8,0,8,7,121,82,0,0,0,0,0,0,8,0,0,0,0,0,0,0.0,0.0,0,0,0,4,4,3,5,0,5,0,0.0
zeppelin-interpreter\src\main\java\org\apache\zeppelin\scheduler\RemoteScheduler.java,2.0,6,5.8476752619701395,4.869913450487821,4,1.58113883008419,16,9.875,9,9,0,8,8,8,8,0,8,9,296,200,0,0,0,0,0,0,8,0,0,0,0,0,0,0.0,0.0,0,0,0,5,6,5,6,0,6,0,0.0
zeppelin-interpreter\src\main\java\org\apache\zeppelin\scheduler\SchedulerFactory.java,1.8,4,4.553692365959559,4.816006297897821,4,0.871779788708135,18,8.2,5,5,1,9,10,10,10,0,10,13,91,56,0,0,0,0,0,0,10,0,0,0,0,0,0,0.0,0.0,0,0,0,7,5,5,24,0,24,0,0.0
zeppelin-interpreter\src\test\java\org\apache\zeppelin\display\AngularObjectRegistryTest.java,1.0,1,1.5849625007211599,4.0794946452625,1,0.0,1,35.0,0,0,0,1,1,1,1,0,1,0,38,27,0,0,0,0,0,0,1,0,0,0,0,0,0,0.0,0.0,0,0,0,2,0,0,41,0,41,0,0.0
zeppelin-interpreter\src\test\java\org\apache\zeppelin\display\AngularObjectTest.java,1.0,1,2.25162916738782,4.1230474446981695,2,0.0,2,19.0,0,0,0,2,2,2,2,0,2,0,42,28,0,0,0,0,0,0,2,0,0,0,0,0,0,0.0,0.0,0,0,0,1,0,0,23,0,23,0,0.0
zeppelin-interpreter\src\test\java\org\apache\zeppelin\display\InputTest.java,1.0,1,3.12192809488736,2.25162916738782,3,0.0,3,2.0,0,0,0,3,3,3,3,0,3,0,11,4,0,0,0,0,0,0,3,0,0,0,0,0,0,0.0,0.0,0,0,0,0,0,0,0,0,0,0,0.0
zeppelin-interpreter\src\test\java\org\apache\zeppelin\interpreter\InterpreterResultTest.java,1.0,1,2.5219280948873597,3.09687613509166,5,0.0,5,12.4,0,0,0,5,5,5,5,0,5,0,68,46,0,0,0,0,0,0,5,0,0,0,0,0,0,0.0,0.0,0,0,0,3,0,0,72,0,72,0,0.0
zeppelin-interpreter\src\test\java\org\apache\zeppelin\interpreter\InterpreterTest.java,1.0,1,2.12808527889139,3.15827310552028,3,0.0,3,8.33333333333333,0,0,0,3,3,3,3,0,3,0,30,23,0,0,0,0,0,0,3,0,0,0,0,0,0,0.0,0.0,0,0,0,2,0,0,21,0,21,0,0.0
zeppelin-interpreter\src\test\java\org\apache\zeppelin\interpreter\remote\RemoteAngularObjectTest.java,1.0,1,4.77361567779338,5.1152175958227994,8,0.0,8,12.125,8,8,0,8,8,8,8,0,8,7,115,83,0,0,0,0,0,0,8,0,0,0,0,0,0,0.0,0.0,0,0,0,11,8,6,115,0,115,0,0.0
zeppelin-interpreter\src\test\java\org\apache\zeppelin\interpreter\remote\RemoteInterpreterProcessTest.java,1.0,1,2.25162916738782,3.77010291595648,2,0.0,2,15.5,0,0,0,2,2,2,2,0,2,0,35,26,0,0,0,0,0,0,2,0,0,0,0,0,0,0.0,0.0,0,0,0,4,0,0,51,0,51,1,0.02857142857142857
zeppelin-interpreter\src\test\java\org\apache\zeppelin\interpreter\remote\RemoteInterpreterServerTest.java,2.3333333333333304,5,3.4182958340544904,4.22122668212554,2,1.8856180831641298,7,10.6666666666667,0,0,0,3,3,3,3,0,3,0,37,23,0,0,0,0,0,0,3,0,0,0,0,0,0,0.0,0.0,0,0,0,2,0,0,12,0,12,0,0.0
zeppelin-interpreter\src\test\java\org\apache\zeppelin\interpreter\remote\RemoteInterpreterTest.java,1.54545454545455,4,4.12364569622771,6.0530610362493205,8,0.98752549920002,17,37.0,2,2,0,11,11,11,11,0,11,0,422,203,0,0,0,0,0,0,11,0,0,0,0,0,0,0.0,0.0,0,0,0,15,2,2,289,0,289,1,0.002369668246445498
zeppelin-interpreter\src\test\java\org\apache\zeppelin\interpreter\remote\RemoteInterpreterUtilsTest.java,1.0,1,2.0,2.3219280948873595,1,0.0,1,3.0,0,0,0,1,1,1,1,0,1,0,6,3,0,0,0,0,0,0,1,0,0,0,0,0,0,0.0,0.0,0,0,0,1,0,0,1,0,1,0,0.0
zeppelin-interpreter\src\test\java\org\apache\zeppelin\interpreter\remote\mock\MockInterpreterA.java,1.2,2,4.50424785528517,5.18172767886974,8,0.4,12,3.7,6,1,0,10,10,25,10,0,10,8,56,26,1,0,1,7,7,0,3,15,7,1,0,0,1,0.278679653679654,0.28,1,1,0,8,1,1,18,6,12,0,0.0
zeppelin-interpreter\src\test\java\org\apache\zeppelin\interpreter\remote\mock\MockInterpreterAngular.java,1.75,7,4.55224646043517,5.3339371822198896,7,1.98431348329844,14,6.375,6,1,0,8,8,24,8,0,8,8,69,37,1,0,1,6,6,0,2,16,6,1,0,0,1,0.202020202020202,0.25,1,1,0,8,1,1,30,2,28,0,0.0
zeppelin-interpreter\src\test\java\org\apache\zeppelin\interpreter\remote\mock\MockInterpreterB.java,1.7,4,4.56128668417679,5.39884589925911,7,1.1,17,5.4,5,0,0,10,10,25,10,0,10,8,72,40,1,0,1,7,7,0,3,15,7,1,0,0,1,0.23106060606060602,0.28,1,1,0,10,0,0,11,7,4,0,0.0
zeppelin-interpreter\src\test\java\org\apache\zeppelin\scheduler\FIFOSchedulerTest.java,1.0,1,3.3927474104487803,4.515500091612861,4,0.0,4,10.5,1,1,0,4,4,4,4,0,4,0,46,40,1,0,1,0,0,0,4,0,0,1,0,0,1,0.133333333333333,0.0,0,0,0,5,1,1,32,0,32,0,0.0
zeppelin-interpreter\src\test\java\org\apache\zeppelin\scheduler\ParallelSchedulerTest.java,1.0,1,3.27761343681912,4.33607589833736,3,0.0,3,9.33333333333333,1,1,0,3,3,3,3,0,3,0,33,27,1,0,1,0,0,0,3,0,0,1,0,0,1,0.125,0.0,0,0,0,5,1,1,22,0,22,0,0.0
zeppelin-interpreter\src\test\java\org\apache\zeppelin\scheduler\RemoteSchedulerTest.java,1.6666666666666698,3,3.54659356429494,5.57202500878456,2,0.942809041582063,5,24.0,3,3,0,3,3,3,3,0,3,0,80,45,0,0,0,0,0,0,3,0,0,0,0,0,0,0.0,0.0,0,0,0,7,1,1,27,0,27,0,0.0
zeppelin-interpreter\src\test\java\org\apache\zeppelin\scheduler\SleepingJob.java,2.0,4,3.9182958340544904,4.4482499903264,3,1.26491106406735,10,6.4,16,4,0,5,5,31,5,0,5,4,42,32,1,0,1,3,3,0,2,26,3,1,0,0,1,0.145593869731801,0.0967741935483871,1,1,0,1,0,0,3,3,0,0,0.0
zeppelin-server\src\main\java\org\apache\zeppelin\rest\InterpreterRestApi.java,1.625,4,4.43425040438651,5.35239088103876,6,1.11102430216445,13,8.0,3,3,0,8,8,8,8,0,8,10,80,46,0,0,0,0,0,0,8,0,0,0,0,0,0,0.0,0.0,0,0,0,9,3,3,83,0,83,0,0.0
zeppelin-server\src\main\java\org\apache\zeppelin\rest\NotebookResponse.java,1.0,1,1.5566567074628201,1.4591479170272401,2,0.0,2,2.0,1,1,0,2,2,2,2,0,2,1,7,5,0,0,0,0,0,0,2,0,0,0,0,0,0,0.0,0.0,0,0,0,0,1,1,0,0,0,0,0.0
zeppelin-server\src\main\java\org\apache\zeppelin\rest\NotebookRestApi.java,2.0,6,4.5351211289814195,5.73915134225554,5,1.6583123951777,16,10.625,4,4,0,8,8,8,8,0,8,9,103,62,0,0,0,0,0,0,8,0,0,0,0,0,0,0.0,0.0,0,0,0,8,4,4,80,0,80,1,0.009708737864077669
zeppelin-server\src\main\java\org\apache\zeppelin\rest\ZeppelinRestApi.java,1.0,1,1.92192809488736,2.25162916738782,2,0.0,2,2.5,0,0,0,2,2,2,2,0,2,0,8,4,0,0,0,0,0,0,2,0,0,0,0,0,0,0.0,0.0,0,0,0,0,0,0,0,0,0,0,0.0
zeppelin-server\src\main\java\org\apache\zeppelin\rest\message\InterpreterSettingListForNoteBind.java,1.0,1,3.77039839940676,3.69636811970512,11,0.0,11,3.54545454545455,5,5,0,11,11,11,11,0,11,10,46,33,0,0,0,0,0,0,11,0,0,0,0,0,0,0.0,0.0,0,0,0,0,4,2,0,0,0,0,0.0
zeppelin-server\src\main\java\org\apache\zeppelin\rest\message\NewInterpreterSettingRequest.java,1.0,1,2.61436944588676,2.9182958340544904,4,0.0,4,2.75,3,3,0,4,4,4,4,0,4,0,16,11,0,0,0,0,0,0,4,0,0,0,0,0,0,0.0,0.0,0,0,0,0,3,2,0,0,0,0,0.0
zeppelin-server\src\main\java\org\apache\zeppelin\rest\message\NewNotebookRequest.java,1.0,1,1.91829583405449,2.0,2,0.0,2,2.5,1,1,0,2,2,2,2,0,2,0,8,5,0,0,0,0,0,0,2,0,0,0,0,0,0,0.0,0.0,0,0,0,0,1,1,0,0,0,0,0.0
zeppelin-server\src\main\java\org\apache\zeppelin\rest\message\UpdateInterpreterSettingRequest.java,1.0,1,2.5,2.3219280948873595,2,0.0,2,4.0,1,1,0,2,2,2,2,0,2,2,11,7,0,0,0,0,0,0,2,0,0,0,0,0,0,0.0,0.0,0,0,0,1,1,1,0,0,0,0,0.0
zeppelin-server\src\main\java\org\apache\zeppelin\server\CorsFilter.java,2.0,5,4.15239127762987,4.8572269371288606,3,1.73205080756888,8,8.25,0,0,0,4,4,4,4,1,3,7,38,25,0,0,0,0,0,0,4,0,0,0,0,0,0,0.0,0.0,0,0,0,2,0,0,5,0,5,1,0.02631578947368421
zeppelin-server\src\main\java\org\apache\zeppelin\server\JsonExclusionStrategy.java,1.0,1,3.0,2.94770277922009,2,0.0,2,3.0,0,0,0,2,2,2,2,0,2,2,8,5,0,0,0,0,0,0,2,0,0,0,0,0,0,0.0,0.0,0,0,0,1,0,0,0,0,0,0,0.0
zeppelin-server\src\main\java\org\apache\zeppelin\server\JsonResponse.java,1.26666666666667,3,4.37734253514122,4.93672406301987,12,0.573488351136175,19,4.73333333333333,5,5,0,15,15,15,15,0,15,15,79,58,0,0,0,0,0,0,15,0,0,0,0,0,0,0.0,0.0,0,0,0,3,4,4,0,0,0,0,0.0
zeppelin-server\src\main\java\org\apache\zeppelin\server\ZeppelinServer.java,1.6,4,5.2582428650039805,6.5494975116471394,6,0.916515138991168,16,14.2,7,7,7,3,10,10,10,6,4,8,153,114,1,0,1,0,0,0,10,0,0,1,0,0,1,0.15151515151515196,0.0,0,0,0,12,6,6,35,0,35,1,0.006535947712418301
zeppelin-server\src\main\java\org\apache\zeppelin\socket\Message.java,1.0,1,4.970175521464349,3.2433003685389603,3,0.0,3,3.3333333333333304,2,2,0,3,3,3,3,0,3,4,39,11,0,0,0,0,0,0,3,0,0,0,0,0,0,0.0,0.0,0,0,0,1,2,2,0,0,0,1,0.02564102564102564
zeppelin-server\src\main\java\org\apache\zeppelin\socket\NotebookServer.java,3.12820512820513,18,5.92535969608199,6.56602060035709,13,3.1879539872132905,122,14.2051282051282,4,4,0,39,39,39,39,28,11,84,606,400,1,0,1,0,0,0,39,0,0,1,0,0,1,0.1625,0.0,0,0,0,22,4,4,363,0,363,1,0.0016501650165016502
zeppelin-server\src\main\java\org\apache\zeppelin\socket\NotebookSocket.java,1.0,1,4.26297904107074,4.12651618191671,7,0.0,7,3.5714285714285694,4,4,0,7,7,7,7,0,7,8,34,22,0,0,0,0,0,0,7,0,0,0,0,0,0,0.0,0.0,0,0,0,1,3,3,0,0,0,1,0.029411764705882353
zeppelin-server\src\main\java\org\apache\zeppelin\utils\SecurityUtils.java,3.0,3,2.8073549220576,3.94598363922962,0,0.0,3,14.0,0,0,1,0,1,1,1,0,1,2,16,9,0,0,0,0,0,0,1,0,0,0,0,0,0,0.0,0.0,0,0,0,1,0,0,2,0,2,1,0.0625
zeppelin-server\src\test\java\com\webautomation\ScreenCaptureHtmlUnitDriver.java,2.3333333333333304,8,5.06146107166264,6.4987454103183495,5,2.0138409955991,28,11.0,3,3,1,11,12,12,12,1,11,24,138,100,1,0,1,0,0,0,12,0,0,1,0,0,1,0.153846153846154,0.0,0,0,0,0,3,2,0,0,0,1,0.007246376811594203
zeppelin-server\src\test\java\org\apache\zeppelin\ZeppelinIT.java,3.11111111111111,12,4.31044305771903,5.7537361337372195,3,3.34811537184875,28,20.888888888888896,1,1,0,9,9,9,9,2,7,11,194,122,0,0,0,0,0,0,9,0,0,0,0,0,0,0.0,0.0,0,0,0,0,1,1,0,0,0,1,0.005154639175257732
zeppelin-server\src\test\java\org\apache\zeppelin\rest\AbstractTestRestApi.java,2.21739130434783,11,5.29985123748391,6.63752228687692,15,2.3766348467332996,51,11.9565217391304,7,7,12,11,23,23,23,22,1,14,294,209,0,1,0,0,0,0,23,0,0,0,2,2,0,0.0,0.0,0,0,0,6,5,4,31,0,31,1,0.003401360544217687
zeppelin-server\src\test\java\org\apache\zeppelin\rest\ZeppelinRestApiTest.java,1.4,5,4.10573309278203,6.06514725508088,12,1.0198039027185601,21,10.5333333333333,8,1,2,13,15,33,15,2,13,2,174,133,1,0,1,0,0,0,15,18,0,1,0,0,1,0.15625,0.0,0,0,0,10,1,1,98,36,62,1,0.005747126436781609
zeppelin-server\src\test\java\org\apache\zeppelin\rest\ZeppelinSparkClusterTest.java,1.77777777777778,4,4.1493974703477,5.29951674753951,5,1.0304020550550799,16,11.333333333333302,8,1,2,7,9,27,9,2,7,3,112,83,1,0,1,0,0,0,9,18,0,1,0,0,1,0.15,0.0,0,0,0,9,1,1,98,5,93,1,0.008928571428571428
zeppelin-server\src\test\java\org\apache\zeppelin\security\SecurityUtilsTest.java,1.0,1,3.07515428857955,4.108944469246509,9,0.0,9,3.88888888888889,0,0,0,9,9,9,9,0,9,0,46,20,0,0,0,0,0,0,9,0,0,0,0,0,0,0.0,0.0,0,0,0,2,0,0,45,0,45,1,0.021739130434782608
zeppelin-server\src\test\java\org\apache\zeppelin\server\CorsFilterTest.java,1.0,1,3.23592635062903,4.94422586115357,2,0.0,2,19.5,2,2,0,2,2,2,2,0,2,0,45,34,0,0,0,0,0,0,2,0,0,0,0,0,0,0.0,0.0,0,0,0,2,2,2,18,0,18,0,0.0
zeppelin-server\src\test\java\org\apache\zeppelin\socket\NotebookServerTest.java,1.0,1,2.25162916738782,3.4387218755408697,2,0.0,2,5.0,0,0,0,2,2,2,2,0,2,0,14,8,0,0,0,0,0,0,2,0,0,0,0,0,0,0.0,0.0,0,0,0,2,0,0,10,0,10,1,0.07142857142857142
zeppelin-server\src\test\java\org\apache\zeppelin\socket\TestHttpServletRequest.java,1.01515151515152,2,4.7558465578081295,5.32739591809463,65,0.122155420428766,67,2.9848484848484804,0,0,0,66,66,66,66,0,66,21,265,130,0,0,0,0,0,0,66,0,0,0,0,0,0,0.0,0.0,0,0,0,0,0,0,0,0,0,0,0.0
zeppelin-zengine\src\main\java\org\apache\zeppelin\conf\ZeppelinConfiguration.java,2.075,7,5.81733207947641,5.98153948543997,22,1.5554340230302302,83,6.85,4,4,1,39,40,40,40,5,35,35,453,277,1,0,1,0,0,0,40,0,0,1,0,0,1,0.16260162601626002,0.0,0,0,0,2,3,3,25,0,25,1,0.002207505518763797
zeppelin-zengine\src\main\java\org\apache\zeppelin\interpreter\InterpreterFactory.java,4.22727272727273,19,5.22636943386287,7.067358964140849,7,4.39970885588228,93,21.227272727272698,9,9,0,22,22,22,22,8,14,42,480,331,0,0,0,0,0,0,22,0,0,0,0,0,0,0.0,0.0,0,0,0,16,8,6,129,0,129,1,0.0020833333333333333
zeppelin-zengine\src\main\java\org\apache\zeppelin\interpreter\InterpreterInfoSaving.java,0.0,0,2.6464393446710197,0.0,0,0.0,0,0.0,2,2,0,0,0,0,0,0,0,0,4,3,0,0,0,0,0,0,0,0,0,0,0,0,0,0.0,0.0,0,0,0,0,2,1,0,0,0,0,0.0
zeppelin-zengine\src\main\java\org\apache\zeppelin\interpreter\InterpreterOption.java,1.0,1,1.8112781244591298,1.41829583405449,4,0.0,4,3.0,1,1,0,4,4,4,4,0,4,2,15,10,0,0,0,0,0,0,4,0,0,0,0,0,0,0.0,0.0,0,0,0,0,0,0,0,0,0,0,0.0
zeppelin-zengine\src\main\java\org\apache\zeppelin\interpreter\InterpreterSerializer.java,1.0,1,3.51108540818043,3.96501826628863,2,0.0,2,7.0,0,0,0,2,2,2,2,0,2,6,19,8,0,0,0,0,0,0,2,0,0,0,0,0,0,0.0,0.0,0,0,0,2,0,0,5,0,5,0,0.0
zeppelin-zengine\src\main\java\org\apache\zeppelin\interpreter\InterpreterSetting.java,1.07142857142857,2,3.97982693182522,4.30345727165678,13,0.257539376818856,15,3.78571428571429,7,7,1,13,14,14,14,1,13,11,62,42,0,0,0,0,0,0,14,0,0,0,0,0,0,0.0,0.0,0,0,0,3,7,4,4,0,4,0,0.0
zeppelin-zengine\src\main\java\org\apache\zeppelin\notebook\Note.java,1.4864864864864902,7,5.53705325740192,5.846952884196839,28,1.1299754032630702,55,5.621621621621621,11,11,1,36,37,37,37,3,34,28,224,160,0,0,0,0,0,0,37,0,0,0,0,0,0,0.0,0.0,0,0,0,15,9,6,44,0,44,1,0.004464285714285714
zeppelin-zengine\src\main\java\org\apache\zeppelin\notebook\NoteInfo.java,1.0,1,3.4091738984480298,3.44375198570123,8,0.0,8,3.625,3,3,0,8,8,8,8,0,8,7,34,25,0,0,0,0,0,0,8,0,0,0,0,0,0,0.0,0.0,0,0,0,1,3,2,3,0,3,1,0.029411764705882353
zeppelin-zengine\src\main\java\org\apache\zeppelin\notebook\NoteInterpreterLoader.java,3.6666666666666696,15,3.7633424882718503,5.183198401672151,4,5.12076383191241,22,14.333333333333302,2,2,0,6,6,6,6,0,6,4,90,65,0,0,0,0,0,0,6,0,0,0,0,0,0,0.0,0.0,0,0,0,6,2,2,26,0,26,0,0.0
zeppelin-zengine\src\main\java\org\apache\zeppelin\notebook\Notebook.java,2.7368421052631597,12,5.63218007866336,6.648046942564731,6,2.61256287284018,52,14.105263157894699,9,9,0,19,19,19,19,4,15,24,309,216,0,0,0,0,0,0,19,0,0,0,0,0,0,0.0,0.0,0,0,0,18,7,7,89,0,89,1,0.003236245954692557
zeppelin-zengine\src\main\java\org\apache\zeppelin\notebook\Paragraph.java,1.6296296296296298,6,5.35702796763128,6.3835653401719705,20,1.25161075916413,44,6.888888888888889,20,8,3,24,27,52,27,6,21,15,212,151,1,0,1,4,4,0,23,25,4,1,0,0,1,0.205699233716475,0.0769230769230769,0,0,0,14,7,6,58,11,47,1,0.0047169811320754715
zeppelin-zengine\src\main\java\org\apache\zeppelin\notebook\repo\NotebookRepoSync.java,2.3333333333333304,7,5.050065474162389,6.16722595569902,9,1.6996731711976,49,9.285714285714288,5,5,0,21,21,21,21,9,12,27,202,151,0,0,0,0,0,0,21,0,0,0,0,0,0,0.0,0.0,0,0,0,6,4,3,26,0,26,1,0.0049504950495049506
zeppelin-zengine\src\main\java\org\apache\zeppelin\notebook\repo\S3NotebookRepo.java,2.57142857142857,8,4.49522751692845,6.17252462618827,4,2.38190457150472,18,13.0,5,5,0,7,7,7,7,2,5,9,102,70,0,0,0,0,0,0,7,0,0,0,0,0,0,0.0,0.0,0,0,0,7,5,4,12,0,12,1,0.00980392156862745
zeppelin-zengine\src\main\java\org\apache\zeppelin\notebook\repo\VFSNotebookRepo.java,3.2,6,4.66164135415323,6.06242272129503,2,1.46969384566991,32,13.5,4,4,0,10,10,10,10,5,5,11,145,102,0,1,0,0,0,0,10,0,0,0,1,1,0,0.0,0.0,0,0,0,7,4,4,13,0,13,1,0.006896551724137931
zeppelin-zengine\src\main\java\org\apache\zeppelin\notebook\utility\IdHashes.java,4.0,4,2.58496250072116,4.71137042788095,0,0.0,4,23.0,1,1,1,0,1,1,1,0,1,1,28,23,0,0,0,0,0,0,1,0,0,0,0,0,0,0.0,0.0,0,0,0,0,0,0,0,0,0,0,0.0
zeppelin-zengine\src\main\java\org\apache\zeppelin\util\Util.java,5.8,23,2.8657590119959404,4.999011542277731,2,8.611620056644389,29,24.8,0,0,5,0,5,5,5,2,3,14,126,95,0,0,0,0,0,0,5,0,0,0,0,0,0,0.0,0.0,0,0,0,0,0,0,0,0,0,0,0.0
zeppelin-zengine\src\test\java\org\apache\zeppelin\conf\ZeppelinConfigurationTest.java,1.0,1,2.77560285812584,4.20190553743665,5,0.0,5,5.6,0,0,0,5,5,5,5,0,5,0,35,24,0,0,0,0,0,0,5,0,0,0,0,0,0,0.0,0.0,0,0,0,1,0,0,17,0,17,0,0.0
zeppelin-zengine\src\test\java\org\apache\zeppelin\interpreter\InterpreterFactoryTest.java,1.85714285714286,5,4.3483943455364,5.52923586951724,5,1.45686271816937,13,9.85714285714286,4,4,0,7,7,7,7,1,6,3,81,62,0,0,0,0,0,0,7,0,0,0,0,0,0,0.0,0.0,0,0,0,11,4,4,86,0,86,1,0.012345679012345678
zeppelin-zengine\src\test\java\org\apache\zeppelin\interpreter\mock\MockInterpreter1.java,1.0,1,4.34308126684721,4.643875295563429,9,0.0,9,2.6666666666666696,6,1,0,9,9,23,9,0,9,7,35,17,1,0,1,8,8,0,1,14,8,1,0,0,1,0.246212121212121,0.34782608695652195,0,0,0,6,1,1,9,2,7,0,0.0
zeppelin-zengine\src\test\java\org\apache\zeppelin\interpreter\mock\MockInterpreter11.java,1.0,1,4.34308126684721,4.643875295563429,9,0.0,9,2.6666666666666696,6,1,0,9,9,23,9,0,9,7,35,17,1,0,1,8,8,0,1,14,8,1,0,0,1,0.246212121212121,0.34782608695652195,0,0,0,6,1,1,9,2,7,0,0.0
zeppelin-zengine\src\test\java\org\apache\zeppelin\interpreter\mock\MockInterpreter2.java,1.0,1,4.34308126684721,4.643875295563429,9,0.0,9,2.6666666666666696,6,1,0,9,9,23,9,0,9,7,35,17,1,0,1,8,8,0,1,14,8,1,0,0,1,0.246212121212121,0.34782608695652195,0,0,0,6,1,1,9,2,7,0,0.0
zeppelin-zengine\src\test\java\org\apache\zeppelin\notebook\NoteInterpreterLoaderTest.java,2.0,5,4.03740119765411,5.08038392752616,3,1.73205080756888,8,10.75,3,3,0,4,4,4,4,1,3,1,51,41,0,0,0,0,0,0,4,0,0,0,0,0,0,0.0,0.0,0,0,0,10,3,3,56,0,56,1,0.0196078431372549
zeppelin-zengine\src\test\java\org\apache\zeppelin\notebook\NotebookTest.java,1.72727272727273,5,4.920922342616651,6.35666507959223,7,1.21287855128421,19,14.090909090909099,7,7,0,11,11,11,11,1,10,3,174,137,0,0,0,0,0,0,11,0,0,0,0,0,0,0.0,0.0,0,0,0,18,6,5,187,0,187,1,0.005747126436781609
zeppelin-zengine\src\test\java\org\apache\zeppelin\notebook\repo\NotebookRepoSyncTest.java,1.5,5,5.04328127268664,5.5295999044387605,7,1.3228756555323,12,12.375,9,9,0,8,8,8,8,1,7,2,117,86,0,0,0,0,0,0,8,0,0,0,0,0,0,0.0,0.0,0,0,0,14,9,7,121,0,121,0,0.0
zeppelin-zengine\src\test\java\org\apache\zeppelin\notebook\repo\mock\VFSNotebookRepoMock.java,1.0,1,2.44643934467102,3.61947057079725,2,0.0,2,4.5,4,0,1,1,2,7,2,1,1,2,11,8,1,0,1,0,0,0,2,5,0,1,0,0,1,0.111111111111111,0.0,0,0,0,2,0,0,8,4,4,0,0.0
zeppelin-zengine\src\test\java\org\apache\zeppelin\util\UtilTest.java,1.0,1,3.64022392894185,3.85140930711389,9,0.0,9,6.888888888888889,0,0,0,9,9,9,9,2,7,0,66,47,1,0,1,0,0,0,9,0,0,1,0,0,1,0.15,0.0,0,0,0,1,0,0,34,0,34,0,0.0
zeppelin-zengine\src\test\java\org\apache\zeppelin\util\UtilsForTests.java,3.0,6,3.8292750707107097,5.49755398784703,2,2.0976176963403,15,12.4,0,0,5,0,5,5,5,0,5,10,65,50,0,0,0,0,0,0,5,0,0,0,0,0,0,0.0,0.0,0,0,0,0,0,0,0,0,0,1,0.015384615384615385
