issueKey,type,createdDateEpoch,resolvedDateEpoch
CASSANDRA-1002,Bug,2010-04-19 22:59:11,2010-04-27 06:04:51
CASSANDRA-1003,Improvement,2010-04-20 02:25:13,2010-04-20 03:09:38
CASSANDRA-1004,New Feature,2010-04-20 03:47:20,2010-08-02 05:54:24
CASSANDRA-1005,Bug,2010-04-20 04:34:58,2010-05-25 00:04:41
CASSANDRA-1006,Bug,2010-04-20 06:35:21,2010-04-21 06:04:29
CASSANDRA-1007,Improvement,2010-04-22 03:02:08,2010-10-16 01:44:42
CASSANDRA-1008,Bug,2010-04-22 06:42:41,2010-05-25 01:51:26
CASSANDRA-1009,Bug,2010-04-22 08:55:28,2010-04-22 08:58:53
CASSANDRA-1010,Bug,2010-04-22 10:27:54,2010-06-12 04:37:27
CASSANDRA-1011,Bug,2010-04-22 13:09:43,2010-07-14 20:11:35
CASSANDRA-1012,Bug,2010-04-22 15:48:28,2010-04-28 03:19:01
CASSANDRA-1013,Improvement,2010-04-22 22:50:05,2010-12-28 23:28:16
CASSANDRA-1014,Bug,2010-04-23 00:18:48,2010-12-23 07:48:35
CASSANDRA-1015,Improvement,2010-04-23 13:19:01,2011-02-07 23:48:14
CASSANDRA-1016,New Feature,2010-04-23 13:35:19,2011-02-12 03:35:56
CASSANDRA-1017,Improvement,2010-04-23 21:38:54,2010-05-07 23:42:05
CASSANDRA-1018,Improvement,2010-04-24 01:18:34,2010-04-24 01:53:24
CASSANDRA-1019,Bug,2010-04-24 05:12:04,2010-05-27 03:00:02
CASSANDRA-1020,Bug,2010-04-24 12:54:50,2010-04-27 23:15:07
CASSANDRA-1021,Bug,2010-04-25 03:59:27,2010-04-25 09:59:48
CASSANDRA-1022,Bug,2010-04-27 02:35:57,2010-05-05 00:01:28
CASSANDRA-1023,Improvement,2010-04-27 07:07:58,2010-04-27 08:09:03
CASSANDRA-1024,Improvement,2010-04-27 07:31:14,2010-04-29 09:52:51
CASSANDRA-1025,Bug,2010-04-27 09:03:28,2010-04-27 09:37:30
CASSANDRA-1026,Bug,2010-04-27 18:59:27,2010-05-28 05:03:07
CASSANDRA-1027,Improvement,2010-04-27 23:12:36,2010-06-17 13:26:19
CASSANDRA-1028,Bug,2010-04-27 23:25:31,2010-07-24 02:03:50
CASSANDRA-1029,Improvement,2010-04-28 02:07:49,2010-05-08 22:19:08
CASSANDRA-1030,Bug,2010-04-28 05:38:53,2010-05-07 01:23:58
CASSANDRA-1031,New Feature,2010-04-28 09:54:58,2010-07-16 03:41:02
CASSANDRA-1032,Improvement,2010-04-29 03:15:31,2010-04-29 03:26:49
CASSANDRA-1033,Bug,2010-04-29 06:05:41,2010-04-30 23:36:45
CASSANDRA-1034,Bug,2010-04-29 11:21:00,2011-12-01 18:14:43
CASSANDRA-1035,Improvement,2010-04-30 01:12:45,2010-07-10 03:58:57
CASSANDRA-1036,Bug,2010-04-30 03:33:04,2010-05-07 21:58:04
CASSANDRA-1037,Improvement,2010-04-30 04:23:27,2011-04-12 00:01:52
CASSANDRA-1038,Bug,2010-04-30 05:17:35,2010-05-05 23:35:49
CASSANDRA-1039,Improvement,2010-04-30 15:22:47,2010-04-30 22:26:36
CASSANDRA-1040,Bug,2010-04-30 21:33:23,2010-05-08 05:31:52
CASSANDRA-1041,New Feature,2010-05-01 16:18:01,2010-12-28 23:29:19
CASSANDRA-1042,Bug,2010-05-02 00:18:02,2010-07-20 03:53:34
CASSANDRA-1043,Improvement,2010-05-03 11:50:35,2010-05-04 04:47:51
CASSANDRA-1044,Bug,2010-05-03 17:09:04,2010-05-23 01:18:57
CASSANDRA-1045,Bug,2010-05-03 20:51:32,2010-05-03 21:33:18
CASSANDRA-1046,Improvement,2010-05-03 23:37:40,2010-06-05 06:08:01
CASSANDRA-1047,Improvement,2010-05-04 05:16:37,2010-07-27 05:32:32
CASSANDRA-1048,Bug,2010-05-04 08:33:21,2010-05-07 09:53:41
CASSANDRA-1049,Bug,2010-05-05 03:29:44,2010-05-25 03:45:54
CASSANDRA-1050,Bug,2010-05-05 03:31:30,2010-05-25 15:41:14
CASSANDRA-1051,Improvement,2010-05-05 22:41:11,2010-05-20 02:11:06
CASSANDRA-1052,Task,2010-05-06 00:02:47,2010-05-08 06:07:57
CASSANDRA-1053,Improvement,2010-05-06 02:06:10,2010-05-25 22:12:41
CASSANDRA-1054,Bug,2010-05-06 03:22:44,2010-05-06 03:40:40
CASSANDRA-1055,Improvement,2010-05-06 03:43:43,2010-05-08 10:10:37
CASSANDRA-1056,Bug,2010-05-06 06:54:27,2010-05-10 22:36:38
CASSANDRA-1057,Bug,2010-05-06 10:25:51,2010-06-06 12:53:08
CASSANDRA-1058,Improvement,2010-05-06 19:14:45,2010-05-07 22:37:21
CASSANDRA-1059,Bug,2010-05-07 00:26:09,2010-05-25 00:05:08
CASSANDRA-1060,New Feature,2010-05-07 02:51:49,2010-05-07 07:56:52
CASSANDRA-1061,Improvement,2010-05-07 21:59:31,2010-07-30 22:27:47
CASSANDRA-1062,Bug,2010-05-07 22:39:50,2010-05-19 20:46:11
CASSANDRA-1063,Bug,2010-05-08 00:03:48,2010-05-08 04:09:07
CASSANDRA-1064,Task,2010-05-08 00:17:57,2010-05-08 00:22:21
CASSANDRA-1065,Task,2010-05-08 01:11:11,2010-05-08 03:45:46
CASSANDRA-1066,Improvement,2010-05-08 04:50:37,2010-07-31 23:43:54
CASSANDRA-1067,Bug,2010-05-09 08:21:12,2010-05-11 02:53:15
CASSANDRA-1068,New Feature,2010-05-10 13:51:04,2010-05-11 01:25:53
CASSANDRA-1069,Improvement,2010-05-10 22:19:11,2010-05-13 02:57:05
CASSANDRA-1070,Sub-task,2010-05-11 01:59:12,2010-05-26 12:45:29
CASSANDRA-1071,Sub-task,2010-05-11 02:01:21,2010-05-11 02:02:20
CASSANDRA-1072,Sub-task,2010-05-11 02:06:06,2010-12-22 06:27:27
CASSANDRA-1073,Bug,2010-05-11 02:23:17,2010-05-29 00:34:57
CASSANDRA-1074,Improvement,2010-05-11 07:18:07,2010-09-20 00:36:07
CASSANDRA-1075,New Feature,2010-05-12 00:37:32,2010-05-21 01:20:22
CASSANDRA-1076,Bug,2010-05-12 00:41:51,2010-05-15 01:58:44
CASSANDRA-1077,Improvement,2010-05-12 03:10:07,2010-05-12 08:12:14
CASSANDRA-1078,Task,2010-05-12 05:40:22,2010-12-28 23:30:00
CASSANDRA-1079,Bug,2010-05-12 08:18:13,2010-05-18 06:33:09
CASSANDRA-1080,Bug,2010-05-12 23:46:22,2010-05-13 00:15:37
CASSANDRA-1081,Bug,2010-05-12 23:59:49,2010-05-20 16:20:58
CASSANDRA-1082,Improvement,2010-05-13 01:46:39,2010-05-28 23:55:08
CASSANDRA-1083,Improvement,2010-05-13 03:46:28,2010-12-17 11:05:58
CASSANDRA-1084,Improvement,2010-05-13 05:39:04,2010-05-22 07:23:10
CASSANDRA-1085,Bug,2010-05-13 05:56:55,2010-05-17 22:39:19
CASSANDRA-1086,Improvement,2010-05-13 08:45:31,2010-05-29 01:11:57
CASSANDRA-1087,Improvement,2010-05-13 21:05:08,2010-05-25 03:06:10
CASSANDRA-1088,New Feature,2010-05-14 04:03:07,2010-10-19 01:56:44
CASSANDRA-1089,Task,2010-05-14 04:26:45,2010-05-18 10:23:31
CASSANDRA-1090,New Feature,2010-05-14 04:28:11,2010-05-25 02:03:08
CASSANDRA-1091,Improvement,2010-05-14 04:46:45,2010-05-14 20:11:22
CASSANDRA-1092,Sub-task,2010-05-14 07:33:36,2011-02-09 15:58:47
CASSANDRA-1093,Bug,2010-05-15 04:13:28,2010-07-26 22:47:20
CASSANDRA-1094,Bug,2010-05-15 09:42:50,2010-05-17 22:35:41
CASSANDRA-1095,Sub-task,2010-05-15 10:47:22,2010-09-27 07:43:59
CASSANDRA-1096,Improvement,2010-05-17 03:50:13,2010-05-17 06:33:10
CASSANDRA-1097,Bug,2010-05-17 12:52:07,2010-05-22 03:07:43
CASSANDRA-1098,Bug,2010-05-17 14:16:29,2010-05-17 20:21:00
CASSANDRA-1099,New Feature,2010-05-17 23:10:47,2010-06-01 07:52:17
CASSANDRA-1100,Improvement,2010-05-17 23:15:32,2010-05-18 10:19:09
CASSANDRA-1101,New Feature,2010-05-18 00:43:27,2010-06-18 11:17:59
CASSANDRA-1102,Bug,2010-05-18 05:52:41,2010-06-24 21:22:26
CASSANDRA-1103,Bug,2010-05-19 01:15:48,2010-05-19 05:56:11
CASSANDRA-1104,Task,2010-05-19 13:31:37,2010-07-07 04:29:25
CASSANDRA-1105,Task,2010-05-19 13:34:38,2010-05-27 21:31:01
CASSANDRA-1106,Sub-task,2010-05-19 15:05:01,2010-09-27 07:44:17
CASSANDRA-1107,Bug,2010-05-19 22:58:47,2010-05-19 23:21:01
CASSANDRA-1108,New Feature,2010-05-19 23:53:49,2011-01-26 03:37:33
CASSANDRA-1109,Bug,2010-05-19 23:57:39,2010-05-20 07:38:43
CASSANDRA-1110,Improvement,2010-05-20 02:07:07,2010-06-12 01:11:55
CASSANDRA-1111,Bug,2010-05-20 22:12:03,2010-05-29 03:28:59
CASSANDRA-1112,Improvement,2010-05-20 22:30:35,2010-06-25 09:56:54
CASSANDRA-1113,Improvement,2010-05-20 22:56:33,2010-05-22 03:53:05
CASSANDRA-1114,Improvement,2010-05-21 01:43:53,2010-05-22 00:23:40
CASSANDRA-1115,Improvement,2010-05-22 14:11:20,2010-06-25 06:13:21
CASSANDRA-1116,Improvement,2010-05-22 20:02:12,2010-06-23 00:24:47
CASSANDRA-1117,Improvement,2010-05-24 04:13:32,2010-06-06 12:30:55
CASSANDRA-1118,Bug,2010-05-24 10:26:15,2010-06-08 04:26:25
CASSANDRA-1119,Bug,2010-05-24 10:28:58,2010-06-11 01:07:25
CASSANDRA-1120,Improvement,2010-05-25 02:41:55,2010-09-19 05:08:18
CASSANDRA-1121,Improvement,2010-05-25 04:16:02,2010-05-25 21:13:20
CASSANDRA-1122,Bug,2010-05-25 05:27:11,2010-05-27 03:04:00
CASSANDRA-1123,New Feature,2010-05-25 05:54:04,2012-08-30 13:23:56
CASSANDRA-1124,Improvement,2010-05-25 06:00:11,2010-12-28 23:17:15
CASSANDRA-1125,New Feature,2010-05-25 07:24:56,2011-08-31 04:44:15
CASSANDRA-1126,Improvement,2010-05-25 07:25:32,2010-08-24 22:50:34
CASSANDRA-1127,Sub-task,2010-05-25 22:21:48,2010-06-15 21:28:48
CASSANDRA-1128,Bug,2010-05-26 01:14:59,2010-05-28 21:06:03
CASSANDRA-1129,Bug,2010-05-26 01:23:07,2010-06-02 03:26:55
CASSANDRA-1130,Bug,2010-05-26 02:13:16,2010-06-15 02:06:50
CASSANDRA-1131,Improvement,2010-05-26 06:36:14,2010-06-15 23:05:45
CASSANDRA-1132,Sub-task,2010-05-26 07:59:12,2010-12-28 23:15:44
CASSANDRA-1133,New Feature,2010-05-26 20:57:35,2010-07-24 04:53:56
CASSANDRA-1134,Bug,2010-05-27 00:05:41,2010-07-28 10:48:36
CASSANDRA-1135,Improvement,2010-05-27 04:29:54,2010-05-27 05:57:05
CASSANDRA-1136,Bug,2010-05-27 07:19:16,2010-06-15 03:59:20
CASSANDRA-1137,Improvement,2010-05-27 21:48:24,2010-06-01 21:16:03
CASSANDRA-1138,Improvement,2010-05-27 22:02:57,2010-07-23 04:34:33
CASSANDRA-1139,Bug,2010-05-28 10:29:55,2010-06-04 10:58:27
CASSANDRA-1140,Improvement,2010-05-29 00:40:54,2012-05-16 01:29:41
CASSANDRA-1141,Improvement,2010-05-29 00:53:41,2010-06-04 10:49:42
CASSANDRA-1142,Improvement,2010-05-29 01:02:19,2010-06-26 05:56:10
CASSANDRA-1143,Improvement,2010-05-29 03:20:36,2011-02-23 07:05:04
CASSANDRA-1144,Sub-task,2010-05-30 22:16:37,2010-06-01 23:04:45
CASSANDRA-1145,Bug,2010-06-01 07:23:50,2010-08-05 22:09:20
CASSANDRA-1146,Bug,2010-06-01 14:09:00,2010-06-07 21:46:54
CASSANDRA-1147,Bug,2010-06-01 15:03:34,2010-06-15 05:52:45
CASSANDRA-1148,Bug,2010-06-01 17:35:51,2010-06-01 21:28:15
CASSANDRA-1149,Improvement,2010-06-02 00:10:18,2011-04-12 06:15:45
CASSANDRA-1150,Bug,2010-06-02 23:53:30,2010-06-12 21:09:22
CASSANDRA-1151,Improvement,2010-06-02 23:59:28,2010-06-03 02:41:52
CASSANDRA-1152,Bug,2010-06-03 10:18:09,2010-06-03 22:20:43
CASSANDRA-1153,Sub-task,2010-06-03 13:31:22,2010-07-03 06:11:32
CASSANDRA-1154,Sub-task,2010-06-03 13:33:45,2010-07-08 03:33:29
CASSANDRA-1155,Sub-task,2010-06-03 13:40:03,2010-07-24 03:25:45
CASSANDRA-1156,Sub-task,2010-06-03 13:47:44,2010-08-03 23:28:01
CASSANDRA-1157,Sub-task,2010-06-03 13:52:04,2010-07-25 12:17:06
CASSANDRA-1158,Improvement,2010-06-04 01:14:43,2013-11-17 04:20:55
CASSANDRA-1159,Improvement,2010-06-04 10:51:07,2011-04-12 00:02:51
CASSANDRA-1160,Bug,2010-06-04 21:59:13,2010-06-11 01:06:55
CASSANDRA-1161,New Feature,2010-06-05 00:53:31,2010-06-05 02:46:21
CASSANDRA-1162,Task,2010-06-05 01:10:15,2010-12-28 23:17:51
CASSANDRA-1163,Task,2010-06-05 01:12:45,2010-12-28 23:38:04
CASSANDRA-1164,Improvement,2010-06-05 02:43:49,2010-07-15 00:36:00
CASSANDRA-1165,Task,2010-06-05 05:46:26,2010-06-05 06:06:45
CASSANDRA-1166,Bug,2010-06-06 12:59:14,2010-06-09 03:04:01
CASSANDRA-1167,Improvement,2010-06-06 23:45:19,2010-06-07 01:22:43
CASSANDRA-1168,Bug,2010-06-07 10:25:01,2010-06-08 22:17:26
CASSANDRA-1169,Bug,2010-06-07 11:41:25,2010-06-15 02:40:07
CASSANDRA-1170,Bug,2010-06-08 02:22:45,2011-04-12 06:16:25
CASSANDRA-1171,Improvement,2010-06-08 02:57:43,2010-12-28 23:39:11
CASSANDRA-1172,Bug,2010-06-08 07:03:55,2010-06-21 22:44:33
CASSANDRA-1173,Bug,2010-06-08 07:08:02,2010-06-19 02:52:32
CASSANDRA-1174,Bug,2010-06-08 07:22:02,2010-06-11 08:47:52
CASSANDRA-1175,Bug,2010-06-09 02:49:51,2010-12-28 23:20:01
CASSANDRA-1176,Bug,2010-06-09 02:56:39,2010-06-12 22:07:31
CASSANDRA-1177,Bug,2010-06-09 23:03:24,2010-07-03 01:11:39
CASSANDRA-1178,Bug,2010-06-10 03:47:03,2010-06-11 08:19:05
CASSANDRA-1179,Bug,2010-06-11 07:02:11,2010-06-20 00:09:57
CASSANDRA-1180,Bug,2010-06-11 07:02:19,2010-06-15 22:51:59
CASSANDRA-1181,Task,2010-06-11 08:18:32,2010-08-24 07:00:34
CASSANDRA-1182,Bug,2010-06-11 19:41:17,2010-06-12 04:10:42
CASSANDRA-1183,Bug,2010-06-12 00:30:22,2010-06-25 06:21:06
CASSANDRA-1184,Improvement,2010-06-12 10:50:18,2010-06-15 23:45:26
CASSANDRA-1185,Bug,2010-06-12 23:26:14,2010-12-18 10:35:32
CASSANDRA-1186,Improvement,2010-06-13 12:37:47,2010-07-21 23:15:29
CASSANDRA-1187,Improvement,2010-06-14 06:42:57,2011-04-12 06:19:12
CASSANDRA-1188,Bug,2010-06-14 23:12:36,2010-06-15 01:58:00
CASSANDRA-1189,Improvement,2010-06-15 02:47:44,2010-08-07 04:38:39
CASSANDRA-1190,Bug,2010-06-15 05:46:32,2010-09-07 02:42:16
CASSANDRA-1191,Improvement,2010-06-15 06:04:10,2010-07-02 01:24:51
CASSANDRA-1192,Improvement,2010-06-15 06:52:27,2010-08-13 02:40:11
CASSANDRA-1193,Improvement,2010-06-16 02:00:16,2010-09-01 22:46:12
CASSANDRA-1194,Improvement,2010-06-16 04:24:40,2010-06-16 05:33:01
CASSANDRA-1195,Bug,2010-06-16 05:57:51,2010-06-16 06:01:45
CASSANDRA-1196,Improvement,2010-06-17 00:38:23,2010-07-01 09:26:13
CASSANDRA-1197,Task,2010-06-17 01:34:33,2010-08-06 01:16:42
CASSANDRA-1198,Bug,2010-06-17 02:26:16,2010-06-26 06:12:51
CASSANDRA-1199,Bug,2010-06-17 04:56:09,2010-06-17 05:07:54
CASSANDRA-1200,Improvement,2010-06-17 06:56:44,2010-06-24 23:13:13
CASSANDRA-1201,New Feature,2010-06-17 23:57:19,2010-06-19 02:24:05
CASSANDRA-1202,Improvement,2010-06-18 04:38:54,2010-08-17 06:44:17
CASSANDRA-1203,Bug,2010-06-18 05:28:15,2010-07-02 00:52:14
CASSANDRA-1204,Improvement,2010-06-18 05:28:59,2010-07-30 04:26:43
CASSANDRA-1205,Improvement,2010-06-18 07:11:49,2012-08-17 07:08:01
CASSANDRA-1206,New Feature,2010-06-18 07:48:37,2011-04-12 06:21:01
CASSANDRA-1207,Improvement,2010-06-18 08:12:19,2010-12-11 13:11:18
CASSANDRA-1208,Improvement,2010-06-18 13:39:14,2010-06-19 08:58:51
CASSANDRA-1209,Bug,2010-06-18 14:11:55,2010-06-18 18:32:05
CASSANDRA-1210,New Feature,2010-06-19 01:16:41,2010-09-29 13:08:39
CASSANDRA-1211,Improvement,2010-06-19 01:19:37,2010-09-29 13:09:58
CASSANDRA-1212,Improvement,2010-06-19 07:31:01,2010-06-19 11:48:00
CASSANDRA-1213,Improvement,2010-06-21 05:20:55,2010-06-25 03:23:10
CASSANDRA-1214,Improvement,2010-06-21 05:20:56,2010-08-19 03:52:32
CASSANDRA-1215,New Feature,2010-06-22 00:48:38,2010-12-28 23:20:53
CASSANDRA-1216,Bug,2010-06-22 22:28:20,2010-09-28 13:56:10
CASSANDRA-1217,Improvement,2010-06-23 00:11:40,2010-10-01 00:04:51
CASSANDRA-1218,Bug,2010-06-23 00:40:08,2010-07-10 00:28:34
CASSANDRA-1219,Bug,2010-06-23 05:41:04,2010-06-23 12:07:54
CASSANDRA-1220,Improvement,2010-06-23 15:48:48,2010-08-13 23:35:21
CASSANDRA-1221,Bug,2010-06-23 20:39:42,2010-07-21 01:12:36
CASSANDRA-1222,New Feature,2010-06-23 23:25:59,2010-06-23 23:57:02
CASSANDRA-1223,Improvement,2010-06-24 23:52:41,2010-07-10 04:29:16
CASSANDRA-1224,Bug,2010-06-24 23:57:56,2010-12-28 23:21:15
CASSANDRA-1225,Task,2010-06-25 05:18:14,2010-06-25 05:22:09
CASSANDRA-1226,Improvement,2010-06-25 06:12:11,2010-09-21 22:49:27
CASSANDRA-1227,Improvement,2010-06-25 14:42:03,2010-07-02 23:14:03
CASSANDRA-1228,Improvement,2010-06-25 14:52:48,2010-12-28 23:22:32
CASSANDRA-1229,Improvement,2010-06-26 00:52:35,2010-06-26 05:44:06
CASSANDRA-1230,Bug,2010-06-26 06:37:14,2010-07-07 04:43:09
CASSANDRA-1231,Improvement,2010-06-26 07:07:58,2010-08-21 10:08:30
CASSANDRA-1232,Improvement,2010-06-27 01:52:58,2010-07-01 09:32:57
CASSANDRA-1233,Improvement,2010-06-27 07:17:50,2010-06-27 09:04:47
CASSANDRA-1234,Improvement,2010-06-27 13:14:25,2010-12-28 23:21:41
CASSANDRA-1235,Bug,2010-06-28 11:02:39,2010-08-14 01:26:46
CASSANDRA-1236,Bug,2010-06-28 21:22:40,2010-07-22 00:18:27
CASSANDRA-1237,Bug,2010-06-29 02:29:20,2010-08-26 04:43:17
CASSANDRA-1238,Bug,2010-06-30 01:45:25,2010-08-21 05:37:24
CASSANDRA-1239,Bug,2010-06-30 15:12:36,2010-06-30 22:35:04
CASSANDRA-1240,Bug,2010-07-01 04:24:59,2010-07-01 04:35:39
CASSANDRA-1241,Bug,2010-07-01 07:35:01,2010-08-14 01:12:37
CASSANDRA-1242,Bug,2010-07-01 09:21:03,2010-07-02 06:21:11
CASSANDRA-1243,Sub-task,2010-07-01 09:31:25,2010-07-19 04:58:01
CASSANDRA-1244,Improvement,2010-07-02 05:15:17,2011-01-01 01:32:15
CASSANDRA-1245,Bug,2010-07-02 12:12:16,2010-07-02 21:15:11
CASSANDRA-1246,Bug,2010-07-02 23:30:52,2010-07-07 21:21:48
CASSANDRA-1247,Improvement,2010-07-03 08:05:15,2010-07-04 04:58:07
CASSANDRA-1248,Bug,2010-07-06 03:02:37,2011-06-20 23:59:55
CASSANDRA-1249,Improvement,2010-07-06 04:28:57,2010-07-15 11:03:26
CASSANDRA-1250,New Feature,2010-07-06 07:10:46,2010-12-07 04:52:21
CASSANDRA-1251,Improvement,2010-07-06 07:41:05,2010-07-07 04:49:22
CASSANDRA-1252,Improvement,2010-07-06 08:02:05,2010-07-06 10:50:04
CASSANDRA-1253,New Feature,2010-07-07 00:17:07,2010-12-28 23:42:32
CASSANDRA-1254,New Feature,2010-07-07 00:19:18,2010-07-07 00:54:30
CASSANDRA-1255,Improvement,2010-07-07 02:59:39,2011-02-17 06:42:48
CASSANDRA-1256,Task,2010-07-07 23:42:52,2010-08-19 00:21:23
CASSANDRA-1257,Task,2010-07-07 23:58:17,2011-03-09 05:16:07
CASSANDRA-1258,Sub-task,2010-07-08 03:37:54,2010-07-31 20:53:12
CASSANDRA-1259,Bug,2010-07-08 06:44:50,2010-07-09 12:43:09
CASSANDRA-1260,Improvement,2010-07-08 22:31:56,2010-07-10 11:59:02
CASSANDRA-1261,Improvement,2010-07-09 10:16:06,2010-07-09 13:14:53
CASSANDRA-1262,Bug,2010-07-10 01:00:02,2010-07-11 08:01:53
CASSANDRA-1263,Task,2010-07-10 01:02:55,2011-04-11 06:59:54
CASSANDRA-1264,Improvement,2010-07-10 02:45:44,2011-01-26 03:34:43
CASSANDRA-1265,Sub-task,2010-07-10 11:43:56,2010-07-12 09:03:00
CASSANDRA-1266,Improvement,2010-07-11 00:57:43,2010-07-14 10:47:41
CASSANDRA-1267,Improvement,2010-07-11 23:58:58,2010-07-17 10:10:50
CASSANDRA-1268,Improvement,2010-07-12 06:06:00,2010-07-21 00:51:04
CASSANDRA-1269,Task,2010-07-12 07:04:31,2010-08-06 07:32:17
CASSANDRA-1270,Bug,2010-07-12 20:57:32,2010-12-28 23:41:35
CASSANDRA-1271,Improvement,2010-07-13 06:20:48,2010-09-29 07:12:10
CASSANDRA-1272,Improvement,2010-07-14 00:41:52,2010-07-29 05:29:28
CASSANDRA-1273,Bug,2010-07-14 01:08:36,2010-07-14 01:40:32
CASSANDRA-1274,Bug,2010-07-14 01:10:37,2010-07-27 20:46:09
CASSANDRA-1275,Improvement,2010-07-14 01:56:41,2010-07-15 00:32:22
CASSANDRA-1276,Improvement,2010-07-14 03:20:05,2010-08-05 05:13:18
CASSANDRA-1277,Improvement,2010-07-14 03:23:53,2010-07-14 11:42:25
CASSANDRA-1278,Improvement,2010-07-14 06:11:36,2011-05-23 23:53:36
CASSANDRA-1279,Bug,2010-07-14 23:58:35,2010-08-04 01:27:05
CASSANDRA-1280,Improvement,2010-07-15 03:51:59,2010-07-27 05:28:02
CASSANDRA-1281,Bug,2010-07-15 04:49:31,2010-07-15 05:40:23
CASSANDRA-1282,New Feature,2010-07-15 10:15:48,2010-07-28 01:47:26
CASSANDRA-1283,Improvement,2010-07-16 02:15:25,2011-04-12 00:03:26
CASSANDRA-1284,Improvement,2010-07-16 11:20:16,2010-08-05 22:17:19
CASSANDRA-1285,New Feature,2010-07-17 01:03:05,2010-09-04 04:26:16
CASSANDRA-1286,Bug,2010-07-17 01:04:40,2010-08-03 04:22:02
CASSANDRA-1287,Bug,2010-07-17 03:11:35,2010-07-24 02:34:20
CASSANDRA-1288,Task,2010-07-17 03:36:48,2010-10-04 22:06:58
CASSANDRA-1289,Bug,2010-07-17 04:29:01,2010-07-18 10:10:25
CASSANDRA-1290,Bug,2010-07-17 04:54:14,2010-07-17 05:56:40
CASSANDRA-1291,Bug,2010-07-17 05:40:13,2010-08-26 23:13:57
CASSANDRA-1292,Bug,2010-07-17 05:58:41,2010-07-29 02:02:21
CASSANDRA-1293,Bug,2010-07-17 10:16:30,2010-10-02 05:22:29
CASSANDRA-1294,Bug,2010-07-17 12:50:13,2010-07-17 20:47:29
CASSANDRA-1295,Improvement,2010-07-18 07:24:46,2010-07-20 05:51:06
CASSANDRA-1296,Improvement,2010-07-19 08:23:05,2010-07-20 07:55:38
CASSANDRA-1297,Bug,2010-07-19 17:02:02,2010-07-19 20:42:13
CASSANDRA-1298,Bug,2010-07-19 20:45:24,2010-07-21 00:28:57
CASSANDRA-1299,Bug,2010-07-20 00:18:32,2010-07-20 01:34:13
CASSANDRA-1300,Bug,2010-07-20 02:09:32,2010-07-20 03:51:14
CASSANDRA-1301,Sub-task,2010-07-20 04:02:43,2010-07-23 12:58:07
CASSANDRA-1302,Improvement,2010-07-20 10:08:31,2010-07-22 11:32:11
CASSANDRA-1303,Bug,2010-07-21 00:44:05,2010-07-22 00:04:48
CASSANDRA-1304,Bug,2010-07-21 00:55:46,2010-07-21 04:47:38
CASSANDRA-1305,New Feature,2010-07-21 00:59:36,2010-12-07 05:03:39
CASSANDRA-1306,Bug,2010-07-21 01:21:02,2010-12-28 06:36:00
CASSANDRA-1307,Improvement,2010-07-21 14:25:31,2010-07-22 22:26:36
CASSANDRA-1308,Task,2010-07-22 00:19:05,2010-08-03 02:23:14
CASSANDRA-1309,Bug,2010-07-23 02:47:54,2010-07-27 21:25:08
CASSANDRA-1310,Bug,2010-07-23 09:15:44,2010-07-29 23:59:43
CASSANDRA-1311,New Feature,2010-07-23 22:31:33,2013-05-17 09:23:42
CASSANDRA-1312,Task,2010-07-24 01:42:50,2010-07-26 11:00:41
CASSANDRA-1313,Bug,2010-07-24 06:21:05,2010-08-13 23:56:50
CASSANDRA-1314,New Feature,2010-07-24 09:42:05,2010-09-22 05:28:10
CASSANDRA-1315,Bug,2010-07-25 02:20:45,2010-08-26 04:53:11
CASSANDRA-1316,Bug,2010-07-25 07:50:59,2010-07-28 00:47:29
CASSANDRA-1317,Bug,2010-07-26 06:38:43,2010-07-27 05:23:32
CASSANDRA-1318,Bug,2010-07-26 14:00:25,2010-07-27 12:03:03
CASSANDRA-1319,Improvement,2010-07-27 02:21:04,2010-08-18 03:16:06
CASSANDRA-1320,Improvement,2010-07-27 03:17:17,2010-08-31 05:16:22
CASSANDRA-1321,Improvement,2010-07-27 05:15:43,2010-07-27 22:50:57
CASSANDRA-1322,Improvement,2010-07-27 05:31:29,2010-08-13 02:33:37
CASSANDRA-1323,Bug,2010-07-27 10:32:06,2010-07-27 11:45:36
CASSANDRA-1324,Improvement,2010-07-27 14:11:03,2010-08-31 06:43:15
CASSANDRA-1325,Improvement,2010-07-28 00:57:08,2010-10-15 12:09:25
CASSANDRA-1326,Bug,2010-07-28 03:39:20,2010-07-28 03:50:20
CASSANDRA-1327,Improvement,2010-07-28 04:27:25,2010-07-30 04:41:51
CASSANDRA-1328,Bug,2010-07-28 05:21:41,2010-07-29 03:49:54
CASSANDRA-1329,Task,2010-07-28 05:48:12,2011-03-08 06:00:12
CASSANDRA-1330,Bug,2010-07-29 01:26:29,2010-10-02 13:05:47
CASSANDRA-1331,Bug,2010-07-29 06:03:51,2010-12-28 23:42:57
CASSANDRA-1332,Bug,2010-07-29 06:43:26,2010-08-06 08:50:39
CASSANDRA-1333,Bug,2010-07-29 08:06:44,2010-07-29 09:49:02
CASSANDRA-1334,Bug,2010-07-30 03:00:28,2010-08-04 04:14:57
CASSANDRA-1335,Improvement,2010-07-30 04:30:57,2011-03-09 00:59:16
CASSANDRA-1336,Improvement,2010-07-30 05:08:01,2010-07-31 21:11:27
CASSANDRA-1337,Improvement,2010-07-30 05:51:46,2013-10-05 05:49:03
CASSANDRA-1338,Improvement,2010-07-30 06:06:18,2010-08-02 23:08:50
CASSANDRA-1339,New Feature,2010-07-30 06:07:09,2011-01-12 01:15:33
CASSANDRA-1340,Bug,2010-07-30 06:43:22,2010-07-31 05:07:33
CASSANDRA-1341,Bug,2010-07-30 07:20:05,2010-07-30 07:38:09
CASSANDRA-1342,Improvement,2010-07-30 07:34:38,2010-09-28 06:11:20
CASSANDRA-1343,Bug,2010-07-31 03:34:37,2010-08-04 02:37:00
CASSANDRA-1344,Bug,2010-07-31 08:33:39,2010-10-16 06:29:41
CASSANDRA-1345,Bug,2010-08-02 15:26:42,2010-08-02 19:29:26
CASSANDRA-1346,Bug,2010-08-02 16:16:01,2010-12-28 23:30:41
CASSANDRA-1347,Improvement,2010-08-03 05:56:25,2010-08-06 09:29:18
CASSANDRA-1348,Bug,2010-08-03 16:42:02,2010-09-08 00:25:49
CASSANDRA-1349,Bug,2010-08-03 20:32:56,2010-08-03 23:50:18
CASSANDRA-1350,Bug,2010-08-03 22:56:06,2010-08-12 22:41:03
CASSANDRA-1351,Bug,2010-08-03 23:58:06,2010-08-04 01:21:45
CASSANDRA-1352,Bug,2010-08-04 02:11:51,2010-08-04 04:41:16
CASSANDRA-1353,Bug,2010-08-04 03:51:13,2010-08-04 22:37:12
CASSANDRA-1354,Bug,2010-08-04 05:29:28,2010-08-04 20:39:51
CASSANDRA-1355,Improvement,2010-08-04 10:48:54,2010-12-23 01:22:08
CASSANDRA-1356,Bug,2010-08-04 23:38:13,2010-08-05 21:45:52
CASSANDRA-1357,Bug,2010-08-04 23:54:21,2010-08-06 01:47:12
CASSANDRA-1358,Improvement,2010-08-05 02:12:56,2010-08-14 01:10:28
CASSANDRA-1359,Bug,2010-08-05 03:49:36,2010-12-28 23:30:56
CASSANDRA-1360,Bug,2010-08-05 04:25:37,2010-08-06 02:25:55
CASSANDRA-1361,New Feature,2010-08-05 07:43:20,2010-08-05 09:12:13
CASSANDRA-1362,Bug,2010-08-05 20:51:34,2010-08-05 21:12:33
CASSANDRA-1363,Improvement,2010-08-06 04:24:57,2010-08-13 02:33:21
CASSANDRA-1364,Improvement,2010-08-06 05:01:45,2010-12-28 23:47:29
CASSANDRA-1365,Bug,2010-08-06 10:04:19,2010-08-06 12:06:28
CASSANDRA-1366,Bug,2010-08-06 10:12:53,2010-08-18 04:53:00
CASSANDRA-1367,Improvement,2010-08-06 15:55:48,2010-10-22 11:49:36
CASSANDRA-1368,New Feature,2010-08-07 00:03:20,2010-09-04 05:12:49
CASSANDRA-1369,Improvement,2010-08-07 04:50:41,2010-12-29 05:57:10
CASSANDRA-1370,Improvement,2010-08-08 23:28:51,2010-12-29 05:44:49
CASSANDRA-1371,Improvement,2010-08-09 11:31:49,2010-09-16 01:30:19
CASSANDRA-1372,Improvement,2010-08-09 23:03:40,2010-09-07 22:21:48
CASSANDRA-1373,Bug,2010-08-10 09:28:56,2010-08-18 01:06:36
CASSANDRA-1374,Improvement,2010-08-10 23:26:26,2011-01-01 02:28:16
CASSANDRA-1375,Improvement,2010-08-11 03:03:17,2010-12-22 06:29:32
CASSANDRA-1376,Bug,2010-08-11 04:04:02,2010-08-28 00:43:22
CASSANDRA-1377,Bug,2010-08-11 22:54:58,2010-08-13 05:40:26
CASSANDRA-1378,Bug,2010-08-11 23:33:22,2010-08-14 02:01:37
CASSANDRA-1379,New Feature,2010-08-12 02:22:51,2012-11-17 20:57:11
CASSANDRA-1380,New Feature,2010-08-12 03:47:44,2010-08-12 04:21:53
CASSANDRA-1381,Sub-task,2010-08-12 05:22:05,2010-12-11 02:09:11
CASSANDRA-1382,Bug,2010-08-12 12:08:52,2010-08-18 02:12:49
CASSANDRA-1383,Improvement,2010-08-13 04:54:47,2010-08-13 12:05:45
CASSANDRA-1384,Bug,2010-08-13 06:04:26,2010-08-17 03:26:40
CASSANDRA-1385,Bug,2010-08-13 10:41:08,2010-08-19 03:16:49
CASSANDRA-1386,Improvement,2010-08-13 21:46:54,2010-08-14 03:42:32
CASSANDRA-1387,Improvement,2010-08-14 00:02:05,2010-08-17 00:48:39
CASSANDRA-1388,Improvement,2010-08-14 01:53:19,2010-08-19 02:36:10
CASSANDRA-1389,Improvement,2010-08-14 02:20:25,2010-08-19 00:19:08
CASSANDRA-1390,Improvement,2010-08-14 02:35:17,2010-09-05 05:07:27
CASSANDRA-1391,Improvement,2010-08-14 05:38:58,2012-01-25 09:19:29
CASSANDRA-1392,Task,2010-08-15 00:35:04,2010-08-16 00:18:03
CASSANDRA-1393,Improvement,2010-08-15 05:43:24,2010-08-17 03:04:48
CASSANDRA-1394,Bug,2010-08-16 04:11:08,2010-08-17 00:49:15
CASSANDRA-1395,Improvement,2010-08-16 20:57:23,2010-08-19 00:06:34
CASSANDRA-1396,Improvement,2010-08-16 22:02:32,2010-08-17 00:30:00
CASSANDRA-1397,Sub-task,2010-08-17 04:55:09,2010-12-22 06:32:30
CASSANDRA-1398,Bug,2010-08-17 06:31:04,2010-08-17 06:47:45
CASSANDRA-1399,Bug,2010-08-17 06:43:52,2010-08-17 23:20:32
CASSANDRA-1400,Bug,2010-08-17 09:55:31,2010-08-18 05:49:25
CASSANDRA-1401,Improvement,2010-08-18 00:43:49,2010-08-18 23:43:05
CASSANDRA-1402,Bug,2010-08-18 01:16:58,2010-09-13 12:46:49
CASSANDRA-1403,Bug,2010-08-18 04:32:33,2010-08-18 05:44:42
CASSANDRA-1404,Improvement,2010-08-18 05:39:44,2012-05-16 05:30:08
CASSANDRA-1405,Improvement,2010-08-19 00:21:10,2011-07-29 23:27:56
CASSANDRA-1406,Bug,2010-08-19 00:58:34,2010-08-28 04:20:55
CASSANDRA-1407,Bug,2010-08-19 04:17:16,2010-08-19 05:11:32
CASSANDRA-1408,Bug,2010-08-19 05:49:40,2010-12-11 01:36:31
CASSANDRA-1409,Improvement,2010-08-19 13:54:38,2012-05-16 01:35:49
CASSANDRA-1410,Improvement,2010-08-20 00:08:45,2010-08-21 19:37:22
CASSANDRA-1411,Bug,2010-08-20 04:49:46,2010-08-20 05:02:37
CASSANDRA-1412,Bug,2010-08-20 08:27:57,2010-09-29 13:00:46
CASSANDRA-1413,Bug,2010-08-20 14:56:36,2010-08-26 04:36:16
CASSANDRA-1414,Improvement,2010-08-21 02:10:55,2010-08-21 03:18:21
CASSANDRA-1415,New Feature,2010-08-21 02:43:59,2010-09-22 11:43:41
CASSANDRA-1416,Bug,2010-08-21 04:33:14,2010-08-21 04:43:54
CASSANDRA-1417,New Feature,2010-08-21 20:33:13,2010-10-07 10:24:44
CASSANDRA-1418,Improvement,2010-08-22 15:02:58,2013-01-10 22:33:25
CASSANDRA-1419,Sub-task,2010-08-22 22:53:13,2010-09-03 22:55:09
CASSANDRA-1420,Sub-task,2010-08-22 23:34:55,2010-08-24 21:27:45
CASSANDRA-1421,New Feature,2010-08-23 23:20:25,2010-11-23 23:32:12
CASSANDRA-1422,Bug,2010-08-24 03:09:41,2010-08-24 22:44:22
CASSANDRA-1423,Bug,2010-08-24 05:36:58,2010-08-26 05:21:17
CASSANDRA-1424,Improvement,2010-08-24 13:20:14,2010-09-18 18:01:07
CASSANDRA-1425,Task,2010-08-25 00:27:42,2010-09-08 23:11:20
CASSANDRA-1426,New Feature,2010-08-25 05:25:02,2010-08-25 05:51:21
CASSANDRA-1427,Sub-task,2010-08-25 05:49:43,2011-03-03 03:40:34
CASSANDRA-1428,Bug,2010-08-25 07:29:06,2010-10-07 03:36:13
CASSANDRA-1429,Bug,2010-08-25 21:27:18,2010-08-26 00:00:32
CASSANDRA-1430,Bug,2010-08-25 23:40:14,2010-09-07 06:51:35
CASSANDRA-1431,Bug,2010-08-26 01:07:05,2010-09-13 12:45:58
CASSANDRA-1432,Bug,2010-08-26 05:40:39,2010-08-27 06:14:56
CASSANDRA-1433,Bug,2010-08-26 05:58:37,2010-09-03 06:22:40
CASSANDRA-1434,Bug,2010-08-26 07:20:14,2010-09-28 06:30:29
CASSANDRA-1435,Bug,2010-08-26 14:52:15,2010-08-31 22:58:01
CASSANDRA-1436,Improvement,2010-08-27 02:13:46,2010-10-05 23:45:22
CASSANDRA-1437,Improvement,2010-08-27 02:24:29,2011-04-12 06:51:57
CASSANDRA-1438,Bug,2010-08-27 03:41:00,2012-05-16 01:44:53
CASSANDRA-1439,Bug,2010-08-27 05:47:27,2010-08-28 03:42:34
CASSANDRA-1440,Improvement,2010-08-28 13:50:28,2010-09-02 05:52:33
CASSANDRA-1441,Improvement,2010-08-29 05:34:51,2011-02-18 14:22:30
CASSANDRA-1442,Bug,2010-08-30 04:18:39,2010-10-09 09:37:06
CASSANDRA-1443,Bug,2010-08-31 03:00:02,2010-09-16 23:24:28
CASSANDRA-1444,Bug,2010-08-31 05:02:03,2010-09-03 22:15:04
CASSANDRA-1445,Improvement,2010-08-31 06:15:41,2010-09-04 03:55:17
CASSANDRA-1446,Bug,2010-08-31 06:45:41,2010-08-31 11:15:03
CASSANDRA-1447,Bug,2010-08-31 09:06:28,2010-09-29 12:54:32
CASSANDRA-1448,Bug,2010-08-31 11:56:11,2010-09-16 05:17:26
CASSANDRA-1449,Improvement,2010-08-31 14:16:30,2010-09-29 00:18:00
CASSANDRA-1450,Bug,2010-09-01 01:14:11,2010-09-05 11:31:40
CASSANDRA-1451,New Feature,2010-09-01 04:30:57,2011-05-16 04:13:26
CASSANDRA-1452,Improvement,2010-09-01 22:45:39,2010-12-30 22:11:36
CASSANDRA-1453,New Feature,2010-09-02 07:44:16,2010-12-28 06:57:27
CASSANDRA-1454,Bug,2010-09-03 00:39:11,2010-09-03 00:47:38
CASSANDRA-1455,Bug,2010-09-03 01:42:53,2010-09-05 02:20:06
CASSANDRA-1456,Bug,2010-09-03 01:46:08,2010-09-03 01:52:35
CASSANDRA-1457,Bug,2010-09-03 02:29:42,2011-01-26 23:57:49
CASSANDRA-1458,Bug,2010-09-03 03:51:28,2010-09-08 02:33:33
CASSANDRA-1459,Improvement,2010-09-03 05:13:41,2011-01-21 06:54:27
CASSANDRA-1460,Bug,2010-09-03 16:21:16,2010-09-03 22:17:49
CASSANDRA-1461,Improvement,2010-09-04 03:53:49,2010-09-04 04:31:01
CASSANDRA-1462,Bug,2010-09-04 04:08:20,2010-09-04 04:21:38
CASSANDRA-1463,Bug,2010-09-04 04:50:32,2010-09-05 04:34:19
CASSANDRA-1464,Bug,2010-09-04 05:30:47,2010-09-04 05:37:10
CASSANDRA-1465,Improvement,2010-09-04 05:43:58,2010-09-07 05:11:33
CASSANDRA-1466,Bug,2010-09-04 06:16:43,2010-09-07 23:34:08
CASSANDRA-1467,Bug,2010-09-04 07:24:17,2010-09-14 00:11:49
CASSANDRA-1468,Improvement,2010-09-04 12:04:02,2010-09-22 05:30:13
CASSANDRA-1469,New Feature,2010-09-04 23:29:18,2010-09-15 06:37:45
CASSANDRA-1470,Improvement,2010-09-05 10:42:28,2010-12-25 00:57:31
CASSANDRA-1471,Improvement,2010-09-05 16:32:31,2010-09-07 06:48:54
CASSANDRA-1472,Improvement,2010-09-05 16:45:07,2013-09-21 04:17:26
CASSANDRA-1473,Improvement,2010-09-07 04:02:50,2011-08-20 03:49:20
CASSANDRA-1474,Bug,2010-09-07 19:51:34,2010-09-07 22:10:16
CASSANDRA-1475,Improvement,2010-09-08 00:59:10,2010-09-08 01:07:39
CASSANDRA-1476,Improvement,2010-09-08 01:50:43,2010-09-08 02:11:16
CASSANDRA-1477,Bug,2010-09-08 05:21:13,2010-09-16 04:39:29
CASSANDRA-1478,Improvement,2010-09-08 05:52:42,2010-09-08 23:49:30
CASSANDRA-1479,Improvement,2010-09-08 10:32:23,2010-09-15 11:02:33
CASSANDRA-1480,Bug,2010-09-08 11:27:01,2010-09-14 03:22:51
CASSANDRA-1481,Improvement,2010-09-08 11:42:03,2010-09-15 05:50:39
CASSANDRA-1482,Bug,2010-09-09 02:03:58,2010-09-19 04:53:27
CASSANDRA-1483,Improvement,2010-09-09 02:51:31,2015-06-03 17:42:32
CASSANDRA-1484,Bug,2010-09-09 07:02:55,2010-09-09 07:12:29
CASSANDRA-1485,New Feature,2010-09-09 09:09:32,2010-09-24 05:42:07
CASSANDRA-1486,Improvement,2010-09-09 23:53:46,2010-09-18 15:55:43
CASSANDRA-1487,Bug,2010-09-10 00:34:56,2010-09-11 09:00:11
CASSANDRA-1488,New Feature,2010-09-10 04:26:59,2010-09-26 02:48:12
CASSANDRA-1489,New Feature,2010-09-10 04:37:24,2010-09-27 17:08:37
CASSANDRA-1490,New Feature,2010-09-10 04:46:18,2010-09-26 08:00:01
CASSANDRA-1491,Improvement,2010-09-10 04:51:32,2010-09-28 04:52:04
CASSANDRA-1492,Bug,2010-09-10 23:28:37,2010-09-13 21:30:28
CASSANDRA-1493,Bug,2010-09-11 00:11:13,2010-09-12 21:58:16
CASSANDRA-1494,Bug,2010-09-11 00:48:31,2010-09-13 12:39:24
CASSANDRA-1495,Bug,2010-09-11 08:45:51,2010-09-13 08:55:23
CASSANDRA-1496,Bug,2010-09-12 09:44:05,2010-09-12 10:36:40
CASSANDRA-1497,New Feature,2010-09-13 23:58:36,2011-05-26 01:09:32
CASSANDRA-1498,Improvement,2010-09-14 00:00:32,2011-05-26 01:12:38
CASSANDRA-1499,Improvement,2010-09-14 00:01:44,2010-09-14 11:47:03
CASSANDRA-1500,Improvement,2010-09-14 04:18:31,2010-09-14 11:23:07
CASSANDRA-1501,Task,2010-09-14 23:38:25,2010-09-22 02:57:04
CASSANDRA-1502,Task,2010-09-14 23:42:22,2010-10-13 23:11:02
CASSANDRA-1503,Improvement,2010-09-15 03:04:04,2010-09-16 04:51:58
CASSANDRA-1504,Improvement,2010-09-15 04:34:00,2010-09-15 06:26:47
CASSANDRA-1505,Bug,2010-09-15 23:36:57,2010-09-15 23:51:29
CASSANDRA-1506,Improvement,2010-09-16 01:35:26,2010-09-16 06:22:10
CASSANDRA-1507,Bug,2010-09-16 04:27:28,2010-09-16 04:37:49
CASSANDRA-1508,Bug,2010-09-16 04:53:51,2010-09-16 21:43:28
CASSANDRA-1509,Bug,2010-09-16 11:05:03,2010-09-18 18:38:46
CASSANDRA-1510,Bug,2010-09-16 22:40:51,2010-09-17 04:07:02
CASSANDRA-1511,New Feature,2010-09-17 02:22:42,2010-09-28 00:15:16
CASSANDRA-1512,Bug,2010-09-18 01:15:05,2010-09-21 06:17:34
CASSANDRA-1513,Bug,2010-09-18 03:48:42,2010-12-28 23:49:45
CASSANDRA-1514,Bug,2010-09-18 03:57:31,2010-09-18 05:52:29
CASSANDRA-1515,Improvement,2010-09-18 06:36:02,2011-04-12 06:24:20
CASSANDRA-1516,Improvement,2010-09-18 06:38:04,2010-10-13 05:41:03
CASSANDRA-1517,Improvement,2010-09-18 21:50:21,2010-09-22 21:41:52
CASSANDRA-1518,New Feature,2010-09-19 05:15:18,2010-10-01 05:03:44
CASSANDRA-1519,New Feature,2010-09-19 06:12:11,2010-10-14 02:16:17
CASSANDRA-1520,Bug,2010-09-19 13:58:14,2010-09-21 02:38:29
CASSANDRA-1521,Improvement,2010-09-20 04:49:24,2010-10-13 22:07:23
CASSANDRA-1522,Bug,2010-09-21 01:14:49,2010-09-21 02:47:29
CASSANDRA-1523,Improvement,2010-09-21 23:59:03,2010-09-28 23:06:33
CASSANDRA-1524,Improvement,2010-09-22 00:06:38,2010-09-28 08:03:06
CASSANDRA-1525,Improvement,2010-09-22 00:25:15,2010-12-23 07:53:54
CASSANDRA-1526,Improvement,2010-09-22 01:31:58,2010-10-05 00:11:08
CASSANDRA-1527,Bug,2010-09-22 03:45:56,2010-09-28 06:10:44
CASSANDRA-1528,Bug,2010-09-22 04:18:50,2010-09-22 05:17:27
CASSANDRA-1529,Bug,2010-09-22 06:50:23,2010-09-22 10:05:32
CASSANDRA-1530,Improvement,2010-09-22 09:38:12,2011-02-08 23:59:56
CASSANDRA-1531,Improvement,2010-09-22 11:27:41,2010-09-29 00:32:30
CASSANDRA-1532,Improvement,2010-09-22 21:54:14,2010-10-08 02:12:45
CASSANDRA-1533,New Feature,2010-09-23 01:43:55,2010-09-30 22:59:26
CASSANDRA-1534,Bug,2010-09-23 04:56:58,2010-09-24 03:28:40
CASSANDRA-1535,Bug,2010-09-23 05:44:51,2010-09-23 12:14:31
CASSANDRA-1536,Bug,2010-09-23 10:55:18,2010-09-28 12:26:35
CASSANDRA-1537,Improvement,2010-09-23 16:34:00,2011-12-16 04:01:13
CASSANDRA-1538,Bug,2010-09-23 19:03:51,2010-10-11 22:20:06
CASSANDRA-1539,Bug,2010-09-23 20:25:39,2010-09-24 23:30:46
CASSANDRA-1540,Bug,2010-09-24 03:36:35,2010-09-24 05:23:31
CASSANDRA-1541,Bug,2010-09-24 10:09:35,2010-10-02 01:56:20
CASSANDRA-1542,Bug,2010-09-24 10:57:37,2010-09-28 13:43:00
CASSANDRA-1543,Bug,2010-09-24 16:54:54,2010-09-24 22:16:10
CASSANDRA-1544,Bug,2010-09-24 23:58:54,2010-09-27 06:27:06
CASSANDRA-1545,Bug,2010-09-25 03:33:11,2010-09-28 06:38:16
CASSANDRA-1546,New Feature,2010-09-27 18:02:41,2011-01-10 10:04:19
CASSANDRA-1547,Bug,2010-09-28 05:40:52,2010-10-05 22:06:02
CASSANDRA-1548,Bug,2010-09-28 06:41:50,2010-09-28 22:58:35
CASSANDRA-1549,Bug,2010-09-28 06:52:34,2010-09-28 09:40:09
CASSANDRA-1550,Bug,2010-09-29 01:20:29,2010-10-01 00:59:57
CASSANDRA-1551,New Feature,2010-09-29 01:32:38,2011-02-02 00:31:40
CASSANDRA-1552,Improvement,2010-09-29 03:38:44,2010-09-30 21:35:40
CASSANDRA-1553,Improvement,2010-09-29 03:57:19,2010-11-20 06:24:20
CASSANDRA-1554,Bug,2010-09-29 07:46:06,2010-10-06 23:20:24
CASSANDRA-1555,Improvement,2010-09-29 12:44:20,2010-12-25 02:00:12
CASSANDRA-1556,Bug,2010-09-29 15:50:26,2010-10-07 02:47:59
CASSANDRA-1557,Bug,2010-09-29 16:02:52,2010-10-08 04:59:42
CASSANDRA-1558,Improvement,2010-09-29 21:59:36,2010-09-30 03:09:00
CASSANDRA-1559,Improvement,2010-09-30 06:46:25,2011-03-04 22:56:30
CASSANDRA-1560,Bug,2010-09-30 07:19:15,2010-09-30 09:17:10
CASSANDRA-1561,Bug,2010-10-01 00:54:16,2010-10-07 23:41:11
CASSANDRA-1562,Bug,2010-10-01 03:21:45,2011-02-15 03:31:48
CASSANDRA-1563,Bug,2010-10-01 06:28:47,2010-10-08 21:58:06
CASSANDRA-1564,Bug,2010-10-01 11:18:11,2010-10-02 04:30:36
CASSANDRA-1565,Improvement,2010-10-01 21:43:15,2011-01-20 07:03:18
CASSANDRA-1566,Bug,2010-10-01 22:03:40,2010-10-01 22:09:16
CASSANDRA-1567,New Feature,2010-10-02 00:13:28,2011-01-20 02:11:00
CASSANDRA-1568,Bug,2010-10-04 02:17:13,2010-10-04 22:36:00
CASSANDRA-1569,Improvement,2010-10-04 08:23:09,2010-10-08 03:17:24
CASSANDRA-1570,Improvement,2010-10-04 14:03:53,2010-10-04 23:51:52
CASSANDRA-1571,Bug,2010-10-04 17:17:36,2010-10-07 01:19:39
CASSANDRA-1572,Improvement,2010-10-05 00:12:10,2010-10-10 05:00:54
CASSANDRA-1573,Bug,2010-10-05 02:53:19,2010-10-05 06:06:48
CASSANDRA-1574,Bug,2010-10-05 04:06:01,2010-10-05 06:08:08
CASSANDRA-1575,Bug,2010-10-05 04:28:48,2010-10-07 05:13:44
CASSANDRA-1576,Improvement,2010-10-05 06:08:00,2011-04-12 06:25:58
CASSANDRA-1577,Improvement,2010-10-06 03:48:01,2010-10-08 05:08:47
CASSANDRA-1578,New Feature,2010-10-06 05:15:35,2010-10-10 05:04:13
CASSANDRA-1579,New Feature,2010-10-06 05:16:36,2010-10-08 01:23:44
CASSANDRA-1580,New Feature,2010-10-06 05:17:24,2010-10-07 08:24:10
CASSANDRA-1581,New Feature,2010-10-06 08:24:13,2010-10-28 23:12:28
CASSANDRA-1582,New Feature,2010-10-06 23:54:13,2010-10-19 23:10:06
CASSANDRA-1583,New Feature,2010-10-07 00:00:27,2010-10-09 01:16:47
CASSANDRA-1584,New Feature,2010-10-07 00:06:00,2010-10-11 21:52:47
CASSANDRA-1585,New Feature,2010-10-07 04:24:16,2011-04-11 23:04:27
CASSANDRA-1586,Sub-task,2010-10-07 06:07:19,2010-10-13 05:40:46
CASSANDRA-1587,Sub-task,2010-10-07 06:26:17,2010-10-13 00:54:00
CASSANDRA-1588,Sub-task,2010-10-07 06:32:14,2010-10-07 22:52:41
CASSANDRA-1589,Sub-task,2010-10-07 06:36:38,2010-10-07 07:10:12
CASSANDRA-1590,Bug,2010-10-07 07:05:14,2010-11-13 05:51:08
CASSANDRA-1591,Bug,2010-10-07 08:06:08,2010-11-23 03:29:01
CASSANDRA-1592,New Feature,2010-10-07 23:08:59,2011-04-09 05:43:44
CASSANDRA-1593,Improvement,2010-10-08 02:03:39,2010-10-08 04:32:54
CASSANDRA-1594,Bug,2010-10-08 06:05:42,2011-01-22 01:17:24
CASSANDRA-1595,Improvement,2010-10-08 11:48:52,2010-10-09 01:11:18
CASSANDRA-1596,Improvement,2010-10-09 19:37:05,2010-10-12 03:10:48
CASSANDRA-1597,Improvement,2010-10-09 19:56:40,2010-10-09 21:21:37
CASSANDRA-1598,New Feature,2010-10-11 05:04:22,2013-09-21 04:17:02
CASSANDRA-1599,New Feature,2010-10-11 05:20:43,2013-09-21 04:13:20
CASSANDRA-1600,New Feature,2010-10-11 10:41:21,2012-01-03 00:35:39
CASSANDRA-1601,Improvement,2010-10-11 13:48:21,2011-08-20 03:47:42
CASSANDRA-1602,New Feature,2010-10-11 19:18:22,2011-06-21 01:02:58
CASSANDRA-1603,Improvement,2010-10-11 21:13:27,2010-10-16 07:07:33
CASSANDRA-1604,Bug,2010-10-12 00:26:56,2010-10-12 00:45:27
CASSANDRA-1605,Bug,2010-10-12 01:59:02,2010-10-12 23:10:33
CASSANDRA-1606,Bug,2010-10-12 05:38:20,2010-10-14 01:41:45
CASSANDRA-1607,Improvement,2010-10-12 06:36:05,2010-10-13 01:34:44
CASSANDRA-1608,Improvement,2010-10-12 12:04:29,2011-08-27 06:13:50
CASSANDRA-1609,Bug,2010-10-13 00:49:59,2010-10-13 23:57:38
CASSANDRA-1610,Improvement,2010-10-13 06:04:43,2011-06-11 06:21:43
CASSANDRA-1611,Bug,2010-10-13 10:57:15,2010-10-13 11:41:53
CASSANDRA-1612,Bug,2010-10-13 11:43:08,2010-10-13 21:52:36
CASSANDRA-1613,Bug,2010-10-13 11:44:28,2010-10-15 02:05:02
CASSANDRA-1614,Improvement,2010-10-13 12:19:31,2010-10-19 05:10:00
CASSANDRA-1615,New Feature,2010-10-13 21:36:50,2010-10-21 03:25:45
CASSANDRA-1616,New Feature,2010-10-13 21:41:52,2010-10-22 05:26:39
CASSANDRA-1617,Bug,2010-10-14 01:01:13,2010-10-21 03:18:31
CASSANDRA-1618,Improvement,2010-10-14 06:35:59,2011-03-22 06:06:17
CASSANDRA-1619,Improvement,2010-10-15 05:03:18,2010-10-21 00:01:54
CASSANDRA-1620,Bug,2010-10-15 12:25:30,2010-10-19 01:43:31
CASSANDRA-1621,Improvement,2010-10-16 00:12:24,2010-10-18 23:24:15
CASSANDRA-1622,Improvement,2010-10-16 03:52:22,2010-10-20 01:35:16
CASSANDRA-1623,Bug,2010-10-16 03:59:18,2010-10-19 04:42:01
CASSANDRA-1624,Improvement,2010-10-16 10:03:59,2010-10-19 06:29:39
CASSANDRA-1625,Improvement,2010-10-17 01:28:28,2012-06-19 09:08:30
CASSANDRA-1626,Improvement,2010-10-18 11:55:47,2010-10-19 05:33:48
CASSANDRA-1627,Bug,2010-10-18 17:33:44,2010-10-18 17:56:03
CASSANDRA-1628,Bug,2010-10-19 01:37:25,2010-10-19 08:10:25
CASSANDRA-1629,Bug,2010-10-19 14:04:09,2010-10-20 09:50:36
CASSANDRA-1630,Bug,2010-10-19 21:36:10,2010-10-19 22:26:00
CASSANDRA-1631,Bug,2010-10-19 22:10:16,2010-11-06 05:12:52
CASSANDRA-1632,Improvement,2010-10-20 03:57:40,2013-11-22 07:24:22
CASSANDRA-1633,Bug,2010-10-20 07:22:10,2010-10-20 07:37:44
CASSANDRA-1634,Improvement,2010-10-20 09:32:05,2010-10-22 12:20:31
CASSANDRA-1635,Bug,2010-10-20 22:40:11,2010-10-21 05:11:21
CASSANDRA-1636,Improvement,2010-10-20 23:26:22,2010-10-21 01:42:37
CASSANDRA-1637,Improvement,2010-10-21 03:53:04,2010-10-22 11:54:21
CASSANDRA-1638,Bug,2010-10-21 04:23:41,2010-10-29 21:46:07
CASSANDRA-1639,Bug,2010-10-21 08:40:52,2010-10-22 22:52:30
CASSANDRA-1640,Bug,2010-10-21 08:41:43,2010-10-21 10:11:58
CASSANDRA-1641,Bug,2010-10-21 13:22:35,2010-10-22 01:10:08
CASSANDRA-1642,Bug,2010-10-21 22:09:55,2010-10-21 22:24:15
CASSANDRA-1643,Bug,2010-10-22 02:31:49,2010-10-22 04:55:51
CASSANDRA-1644,Bug,2010-10-22 03:51:13,2010-10-22 07:14:48
CASSANDRA-1645,Bug,2010-10-22 05:26:58,2010-10-29 05:25:03
CASSANDRA-1646,Bug,2010-10-22 10:56:46,2010-10-22 21:59:53
CASSANDRA-1647,Task,2010-10-22 12:22:54,2010-10-23 01:55:40
CASSANDRA-1648,Bug,2010-10-22 22:37:07,2010-10-27 07:20:02
CASSANDRA-1649,Bug,2010-10-23 00:37:56,2010-10-23 05:17:03
CASSANDRA-1650,Bug,2010-10-23 03:44:18,2010-10-23 05:14:09
CASSANDRA-1651,Improvement,2010-10-23 04:51:04,2010-11-24 02:07:20
CASSANDRA-1652,Bug,2010-10-23 08:41:06,2010-10-25 23:56:18
CASSANDRA-1653,New Feature,2010-10-23 12:22:48,2010-10-26 18:56:01
CASSANDRA-1654,New Feature,2010-10-23 12:57:58,2011-01-13 02:08:13
CASSANDRA-1655,Bug,2010-10-24 00:27:54,2010-10-24 01:37:11
CASSANDRA-1656,Bug,2010-10-24 02:21:41,2010-10-26 19:00:59
CASSANDRA-1657,Improvement,2010-10-24 06:15:11,2015-02-24 07:57:22
CASSANDRA-1658,Improvement,2010-10-24 06:23:54,2012-05-16 01:43:58
CASSANDRA-1659,Bug,2010-10-24 07:12:41,2010-10-24 09:10:32
CASSANDRA-1660,Improvement,2010-10-25 10:37:52,2010-10-30 00:55:34
CASSANDRA-1661,Bug,2010-10-25 23:06:39,2010-10-26 11:14:43
CASSANDRA-1662,Bug,2010-10-26 02:07:37,2010-10-26 21:06:20
CASSANDRA-1663,Improvement,2010-10-26 04:30:52,2011-04-12 06:30:48
CASSANDRA-1664,Bug,2010-10-26 18:02:44,2011-01-04 22:15:38
CASSANDRA-1665,Bug,2010-10-27 04:32:42,2010-10-27 07:12:00
CASSANDRA-1666,Bug,2010-10-27 09:44:41,2010-10-28 22:47:46
CASSANDRA-1667,Improvement,2010-10-27 22:03:12,2010-12-23 01:17:31
CASSANDRA-1668,Improvement,2010-10-28 05:08:15,2010-11-01 00:51:04
CASSANDRA-1669,New Feature,2010-10-28 05:12:21,2010-11-19 01:51:59
CASSANDRA-1670,Bug,2010-10-28 06:28:04,2010-11-03 21:12:55
CASSANDRA-1671,Bug,2010-10-28 07:35:02,2010-10-28 11:23:53
CASSANDRA-1672,Bug,2010-10-28 17:20:52,2010-10-28 18:51:42
CASSANDRA-1673,New Feature,2010-10-28 22:05:16,2011-03-04 22:28:20
CASSANDRA-1674,Bug,2010-10-28 22:38:05,2010-11-18 09:06:26
CASSANDRA-1675,Improvement,2010-10-28 23:26:13,2010-11-03 00:41:18
CASSANDRA-1676,Bug,2010-10-28 23:36:31,2010-11-01 12:07:45
CASSANDRA-1677,Improvement,2010-10-29 00:32:09,2010-10-29 23:24:23
CASSANDRA-1678,Bug,2010-10-29 02:15:02,2010-11-02 22:05:53
CASSANDRA-1679,Bug,2010-10-29 04:40:40,2010-10-29 05:31:22
CASSANDRA-1680,Bug,2010-10-29 06:26:24,2010-10-29 06:35:32
CASSANDRA-1681,Bug,2010-10-29 09:41:10,2010-10-29 10:05:57
CASSANDRA-1682,Improvement,2010-10-29 20:03:42,2010-11-03 03:33:13
CASSANDRA-1683,Bug,2010-10-29 22:33:37,2010-11-01 20:56:31
CASSANDRA-1684,New Feature,2010-10-30 01:31:32,2012-04-05 05:13:49
CASSANDRA-1685,Improvement,2010-10-30 04:24:04,2010-10-31 07:49:14
CASSANDRA-1686,Bug,2010-10-30 06:00:10,2010-10-30 06:12:03
CASSANDRA-1687,New Feature,2010-10-30 09:52:56,2010-11-12 03:52:22
CASSANDRA-1688,Improvement,2010-10-31 07:22:02,2011-02-09 04:59:39
CASSANDRA-1689,Improvement,2010-11-02 00:26:32,2010-12-14 14:18:58
CASSANDRA-1690,Improvement,2010-11-02 00:27:14,2010-11-03 07:26:34
CASSANDRA-1691,Bug,2010-11-02 03:15:29,2010-11-02 06:39:33
CASSANDRA-1692,Bug,2010-11-02 03:53:47,2010-11-02 06:44:13
CASSANDRA-1693,Improvement,2010-11-02 10:21:11,2010-11-11 11:10:51
CASSANDRA-1694,Bug,2010-11-02 13:20:23,2010-11-03 02:29:18
CASSANDRA-1695,Bug,2010-11-02 22:36:59,2010-11-02 22:56:08
CASSANDRA-1696,New Feature,2010-11-02 23:57:13,2010-11-03 06:53:50
CASSANDRA-1697,Bug,2010-11-03 00:21:55,2010-11-03 01:13:26
CASSANDRA-1698,New Feature,2010-11-03 04:45:47,2010-11-17 19:18:58
CASSANDRA-1699,Improvement,2010-11-03 07:38:55,2010-12-23 09:26:34
CASSANDRA-1700,Bug,2010-11-03 09:16:20,2010-11-16 23:16:51
CASSANDRA-1701,Bug,2010-11-03 13:21:38,2010-11-04 00:42:01
CASSANDRA-1702,Improvement,2010-11-03 21:00:55,2010-11-08 23:46:03
CASSANDRA-1703,New Feature,2010-11-04 21:27:07,2011-04-15 00:40:39
CASSANDRA-1704,Sub-task,2010-11-04 22:06:33,2011-01-21 06:10:15
CASSANDRA-1705,Sub-task,2010-11-04 22:18:09,2011-01-21 06:11:16
CASSANDRA-1706,Sub-task,2010-11-04 22:43:52,2011-01-21 06:11:49
CASSANDRA-1707,Improvement,2010-11-04 22:54:16,2013-08-18 01:29:28
CASSANDRA-1708,Sub-task,2010-11-04 23:00:31,2011-02-26 13:20:52
CASSANDRA-1709,Sub-task,2010-11-04 23:06:23,2011-06-01 23:58:42
CASSANDRA-1710,Sub-task,2010-11-04 23:14:04,2011-03-10 04:21:36
CASSANDRA-1711,Sub-task,2010-11-04 23:14:40,2011-04-15 00:26:19
CASSANDRA-1712,Bug,2010-11-05 16:00:01,2010-11-09 05:06:06
CASSANDRA-1713,Bug,2010-11-05 20:42:08,2010-11-10 00:05:10
CASSANDRA-1714,Improvement,2010-11-06 02:48:05,2011-01-15 10:10:41
CASSANDRA-1715,Bug,2010-11-06 05:12:28,2010-11-20 01:04:38
CASSANDRA-1716,Sub-task,2010-11-07 04:23:49,2011-01-01 04:49:57
CASSANDRA-1717,New Feature,2010-11-07 05:09:14,2011-08-10 00:08:29
CASSANDRA-1718,Bug,2010-11-09 03:40:28,2011-01-21 00:11:30
CASSANDRA-1719,Improvement,2010-11-09 07:07:05,2010-11-12 04:05:18
CASSANDRA-1720,Bug,2010-11-09 12:23:48,2010-11-11 10:52:53
CASSANDRA-1721,Improvement,2010-11-10 07:16:45,2010-11-10 07:39:31
CASSANDRA-1722,Bug,2010-11-10 11:20:20,2010-11-10 22:31:46
CASSANDRA-1723,Improvement,2010-11-10 22:48:36,2010-11-14 17:43:42
CASSANDRA-1724,Bug,2010-11-11 02:07:17,2010-11-16 23:05:51
CASSANDRA-1725,Bug,2010-11-11 02:32:15,2010-11-11 05:09:13
CASSANDRA-1726,Improvement,2010-11-11 06:31:10,2010-12-07 04:50:26
CASSANDRA-1727,Bug,2010-11-11 07:22:09,2010-11-11 08:35:18
CASSANDRA-1728,Bug,2010-11-11 11:12:27,2010-11-11 22:18:02
CASSANDRA-1729,Bug,2010-11-12 01:29:24,2010-11-20 01:06:23
CASSANDRA-1730,Bug,2010-11-12 03:17:04,2010-12-04 05:05:20
CASSANDRA-1731,Bug,2010-11-12 04:32:44,2010-11-12 05:03:39
CASSANDRA-1732,Bug,2010-11-12 08:34:05,2010-11-19 22:34:16
CASSANDRA-1733,Bug,2010-11-12 10:51:24,2010-11-13 11:19:35
CASSANDRA-1734,Bug,2010-11-12 11:43:36,2010-11-15 22:24:15
CASSANDRA-1735,New Feature,2010-11-12 17:34:12,2011-08-15 07:28:58
CASSANDRA-1736,Bug,2010-11-13 01:31:41,2010-11-23 23:26:17
CASSANDRA-1737,Improvement,2010-11-13 01:38:04,2011-01-25 00:09:43
CASSANDRA-1738,Bug,2010-11-13 04:46:21,2010-11-19 21:15:26
CASSANDRA-1739,Bug,2010-11-13 07:00:04,2010-11-14 20:33:13
CASSANDRA-1740,Improvement,2010-11-13 11:18:11,2011-11-29 18:28:38
CASSANDRA-1741,Bug,2010-11-13 12:51:25,2010-11-15 22:54:38
CASSANDRA-1742,Improvement,2010-11-13 13:29:50,2010-11-20 01:08:53
CASSANDRA-1743,Improvement,2010-11-14 01:07:57,2012-08-17 01:09:51
CASSANDRA-1744,Bug,2010-11-14 05:57:49,2010-11-23 23:23:37
CASSANDRA-1745,Bug,2010-11-15 02:49:18,2010-11-18 04:11:49
CASSANDRA-1746,New Feature,2010-11-16 01:14:59,2011-05-01 00:51:16
CASSANDRA-1747,Bug,2010-11-16 01:44:34,2010-11-18 07:10:01
CASSANDRA-1748,Bug,2010-11-16 04:04:12,2010-12-19 11:33:33
CASSANDRA-1749,Bug,2010-11-16 04:20:41,2010-11-18 09:37:24
CASSANDRA-1750,New Feature,2010-11-16 05:00:02,2010-11-16 05:03:15
CASSANDRA-1751,Improvement,2010-11-16 08:46:45,2012-05-16 01:46:28
CASSANDRA-1752,Bug,2010-11-17 17:15:15,2010-12-02 06:42:56
CASSANDRA-1753,Bug,2010-11-18 03:50:42,2010-11-18 18:14:28
CASSANDRA-1754,Bug,2010-11-18 16:34:04,2010-11-30 03:37:46
CASSANDRA-1755,Bug,2010-11-19 05:46:33,2010-11-19 23:17:22
CASSANDRA-1756,Bug,2010-11-19 05:58:59,2010-11-20 00:31:12
CASSANDRA-1757,Improvement,2010-11-19 06:06:46,2010-11-19 21:14:24
CASSANDRA-1758,Improvement,2010-11-19 22:37:29,2010-11-19 23:15:08
CASSANDRA-1759,Bug,2010-11-20 04:24:05,2010-11-24 00:57:15
CASSANDRA-1760,Bug,2010-11-20 05:33:11,2010-11-20 05:49:34
CASSANDRA-1761,Bug,2010-11-20 06:51:27,2011-03-16 00:27:04
CASSANDRA-1762,Bug,2010-11-20 06:54:57,2010-11-24 03:29:05
CASSANDRA-1763,New Feature,2010-11-21 16:07:12,2010-12-08 05:07:20
CASSANDRA-1764,Bug,2010-11-22 09:34:56,2010-11-24 03:14:18
CASSANDRA-1765,Task,2010-11-23 01:10:29,2010-12-02 00:22:29
CASSANDRA-1766,Bug,2010-11-23 04:25:09,2010-12-28 06:47:44
CASSANDRA-1767,Improvement,2010-11-23 05:20:45,2010-11-24 00:26:21
CASSANDRA-1768,Bug,2010-11-23 10:14:38,2010-11-24 01:09:52
CASSANDRA-1769,Improvement,2010-11-24 04:03:58,2010-11-24 04:09:52
CASSANDRA-1770,Bug,2010-11-24 04:15:22,2010-11-25 00:25:06
CASSANDRA-1771,Bug,2010-11-24 08:06:09,2010-11-24 23:19:30
CASSANDRA-1772,Bug,2010-11-24 09:15:34,2010-11-25 07:11:02
CASSANDRA-1773,Improvement,2010-11-24 11:28:55,2010-11-28 03:27:11
CASSANDRA-1774,Bug,2010-11-24 20:17:47,2010-11-26 01:24:37
CASSANDRA-1775,Bug,2010-11-24 23:44:39,2010-11-25 06:18:59
CASSANDRA-1776,Bug,2010-11-25 11:32:35,2012-05-16 01:48:05
CASSANDRA-1777,Bug,2010-11-25 13:06:52,2011-08-04 05:46:00
CASSANDRA-1778,Improvement,2010-11-25 17:19:40,2010-11-26 02:26:39
CASSANDRA-1779,Bug,2010-11-25 20:19:14,2010-11-28 04:40:52
CASSANDRA-1780,New Feature,2010-11-26 02:30:19,2010-12-01 02:46:37
CASSANDRA-1781,Bug,2010-11-26 17:51:42,2010-12-02 09:20:31
CASSANDRA-1782,Bug,2010-11-27 07:01:46,2010-11-27 10:18:41
CASSANDRA-1783,Bug,2010-11-28 00:09:35,2010-12-11 14:52:24
CASSANDRA-1784,Improvement,2010-11-29 04:32:25,2010-11-30 00:49:08
CASSANDRA-1785,Bug,2010-11-29 04:34:33,2010-11-30 00:48:35
CASSANDRA-1786,Bug,2010-11-29 04:51:19,2010-11-30 00:51:34
CASSANDRA-1787,Bug,2010-11-30 01:29:16,2010-11-30 03:40:30
CASSANDRA-1788,Improvement,2010-11-30 09:07:09,2011-08-04 05:40:41
CASSANDRA-1789,Improvement,2010-11-30 09:27:41,2010-11-30 23:39:29
CASSANDRA-1790,Bug,2010-11-30 16:16:00,2010-12-01 05:32:10
CASSANDRA-1791,New Feature,2010-12-01 01:35:56,2011-04-11 11:08:18
CASSANDRA-1792,Improvement,2010-12-01 02:47:08,2012-05-16 05:07:37
CASSANDRA-1793,Improvement,2010-12-01 12:27:32,2010-12-01 22:45:03
CASSANDRA-1794,Improvement,2010-12-01 12:35:54,2010-12-01 22:47:17
CASSANDRA-1795,Improvement,2010-12-01 12:41:53,2010-12-01 22:48:58
CASSANDRA-1796,Bug,2010-12-01 13:08:55,2010-12-02 00:11:01
CASSANDRA-1797,New Feature,2010-12-01 14:40:29,2010-12-11 05:34:34
CASSANDRA-1798,Task,2010-12-01 22:06:09,2011-02-23 06:56:36
CASSANDRA-1799,Improvement,2010-12-02 00:23:07,2011-04-12 06:37:20
CASSANDRA-1800,Improvement,2010-12-02 03:53:04,2010-12-02 23:28:30
CASSANDRA-1801,Bug,2010-12-02 06:03:09,2010-12-04 03:25:36
CASSANDRA-1802,Bug,2010-12-02 06:42:29,2010-12-02 06:49:06
CASSANDRA-1803,Improvement,2010-12-02 06:57:03,2010-12-04 02:53:36
CASSANDRA-1804,Bug,2010-12-02 07:01:51,2010-12-02 09:49:40
CASSANDRA-1805,Task,2010-12-03 00:58:28,2012-01-24 21:46:59
CASSANDRA-1806,Bug,2010-12-03 01:10:50,2010-12-03 01:29:38
CASSANDRA-1807,Improvement,2010-12-03 05:45:26,2010-12-04 03:00:27
CASSANDRA-1808,Bug,2010-12-03 07:11:09,2010-12-08 14:02:17
CASSANDRA-1809,Bug,2010-12-03 07:57:45,2010-12-03 22:25:04
CASSANDRA-1810,Bug,2010-12-03 07:58:59,2010-12-03 22:26:45
CASSANDRA-1811,Improvement,2010-12-03 08:33:21,2010-12-10 04:24:19
CASSANDRA-1812,New Feature,2010-12-03 09:36:31,2010-12-10 04:23:44
CASSANDRA-1813,Bug,2010-12-03 22:52:59,2010-12-04 02:56:06
CASSANDRA-1814,Improvement,2010-12-04 00:36:07,2010-12-09 22:51:38
CASSANDRA-1815,Bug,2010-12-04 00:57:04,2010-12-28 06:24:26
CASSANDRA-1816,Bug,2010-12-04 02:04:20,2010-12-04 09:51:24
CASSANDRA-1817,Improvement,2010-12-04 07:20:13,2013-09-21 04:29:47
CASSANDRA-1818,Improvement,2010-12-04 10:48:45,2011-04-28 15:53:57
CASSANDRA-1819,Improvement,2010-12-04 13:29:14,2010-12-14 05:50:02
CASSANDRA-1820,Improvement,2010-12-04 14:17:51,2010-12-14 05:30:14
CASSANDRA-1821,Improvement,2010-12-05 07:37:41,2010-12-05 11:47:13
CASSANDRA-1822,Improvement,2010-12-06 09:13:31,2010-12-29 22:27:19
CASSANDRA-1823,Sub-task,2010-12-07 01:31:33,2010-12-08 05:00:33
CASSANDRA-1824,Bug,2010-12-07 02:10:53,2010-12-15 06:44:29
CASSANDRA-1825,Improvement,2010-12-07 04:08:20,2011-04-11 23:33:11
CASSANDRA-1826,Bug,2010-12-07 04:39:12,2010-12-07 05:57:42
CASSANDRA-1827,Improvement,2010-12-07 04:45:50,2013-01-26 04:34:10
CASSANDRA-1828,New Feature,2010-12-07 04:51:58,2011-03-04 08:42:03
CASSANDRA-1829,Bug,2010-12-07 05:49:52,2010-12-10 00:59:47
CASSANDRA-1830,Bug,2010-12-07 05:52:57,2010-12-16 00:10:47
CASSANDRA-1831,Bug,2010-12-07 23:43:10,2010-12-08 00:39:56
CASSANDRA-1832,Bug,2010-12-08 00:28:41,2010-12-08 09:01:14
CASSANDRA-1833,Bug,2010-12-08 02:12:47,2011-01-19 09:02:32
CASSANDRA-1834,Bug,2010-12-08 07:04:49,2010-12-12 00:12:29
CASSANDRA-1835,Bug,2010-12-08 09:37:33,2010-12-11 00:37:29
CASSANDRA-1836,Bug,2010-12-08 21:05:28,2010-12-09 00:13:57
CASSANDRA-1837,Bug,2010-12-08 23:25:56,2010-12-15 23:24:40
CASSANDRA-1838,Improvement,2010-12-10 00:14:17,2010-12-11 00:30:16
CASSANDRA-1839,New Feature,2010-12-10 01:16:24,2010-12-14 05:06:56
CASSANDRA-1840,Bug,2010-12-10 18:01:50,2010-12-10 21:25:21
CASSANDRA-1841,Bug,2010-12-11 00:04:45,2010-12-15 07:36:26
CASSANDRA-1842,Bug,2010-12-11 01:24:34,2010-12-12 12:03:12
CASSANDRA-1843,Bug,2010-12-11 07:33:23,2010-12-11 08:06:34
CASSANDRA-1844,Improvement,2010-12-12 04:03:53,2010-12-15 01:51:57
CASSANDRA-1845,Improvement,2010-12-12 04:15:33,2010-12-15 01:50:18
CASSANDRA-1846,Improvement,2010-12-12 06:23:58,2011-04-12 06:39:38
CASSANDRA-1847,Bug,2010-12-13 09:57:42,2010-12-14 00:56:35
CASSANDRA-1848,Improvement,2010-12-13 17:09:08,2011-03-01 09:33:34
CASSANDRA-1849,Improvement,2010-12-13 17:32:16,2012-05-16 02:12:22
CASSANDRA-1850,Bug,2010-12-13 21:49:41,2010-12-14 03:48:41
CASSANDRA-1851,Improvement,2010-12-13 23:13:14,2011-04-21 23:46:20
CASSANDRA-1852,Bug,2010-12-14 00:06:48,2010-12-14 00:23:10
CASSANDRA-1853,Bug,2010-12-14 01:19:10,2010-12-22 06:31:17
CASSANDRA-1855,Improvement,2010-12-14 07:24:01,2011-01-27 09:33:40
CASSANDRA-1856,Improvement,2010-12-14 08:26:16,2010-12-14 21:34:30
CASSANDRA-1857,Improvement,2010-12-14 08:46:29,2011-01-13 02:20:22
CASSANDRA-1858,Bug,2010-12-14 08:56:36,2010-12-14 10:33:32
CASSANDRA-1859,Improvement,2010-12-14 13:27:04,2011-01-06 04:17:10
CASSANDRA-1860,Bug,2010-12-14 17:50:21,2010-12-15 17:43:19
CASSANDRA-1861,Bug,2010-12-15 01:49:07,2010-12-15 01:57:44
CASSANDRA-1862,Bug,2010-12-15 06:40:19,2010-12-17 03:51:09
CASSANDRA-1863,Improvement,2010-12-15 13:28:04,2010-12-17 22:43:09
CASSANDRA-1864,Improvement,2010-12-15 13:39:46,2010-12-17 22:45:38
CASSANDRA-1865,Bug,2010-12-15 22:22:32,2010-12-15 23:01:02
CASSANDRA-1866,Bug,2010-12-16 01:56:21,2010-12-19 11:40:27
CASSANDRA-1867,Improvement,2010-12-16 11:05:19,2010-12-17 23:23:07
CASSANDRA-1868,Bug,2010-12-16 22:15:39,2010-12-17 03:48:24
CASSANDRA-1869,Bug,2010-12-17 05:58:18,2011-03-18 03:27:38
CASSANDRA-1870,Improvement,2010-12-17 06:42:42,2010-12-22 05:36:50
CASSANDRA-1871,Improvement,2010-12-17 07:13:30,2010-12-28 11:25:33
CASSANDRA-1872,Improvement,2010-12-17 07:58:32,2011-03-12 02:05:57
CASSANDRA-1873,Bug,2010-12-17 08:23:27,2010-12-22 05:23:24
CASSANDRA-1874,Improvement,2010-12-17 13:31:16,2010-12-18 02:03:22
CASSANDRA-1875,Bug,2010-12-17 23:32:17,2010-12-23 02:31:54
CASSANDRA-1876,Improvement,2010-12-18 00:25:24,2011-07-15 10:41:27
CASSANDRA-1877,Bug,2010-12-18 03:34:47,2011-03-15 04:04:06
CASSANDRA-1878,Improvement,2010-12-18 08:15:48,2010-12-20 12:45:54
CASSANDRA-1879,Improvement,2010-12-18 09:48:34,2010-12-19 11:21:26
CASSANDRA-1880,Improvement,2010-12-18 19:16:20,2010-12-22 02:10:22
CASSANDRA-1881,Improvement,2010-12-19 00:43:34,2012-05-16 02:18:31
CASSANDRA-1882,Improvement,2010-12-19 00:57:18,2011-03-12 02:03:50
CASSANDRA-1883,Bug,2010-12-19 05:16:17,2010-12-22 05:37:43
CASSANDRA-1884,Improvement,2010-12-19 05:38:10,2010-12-20 12:23:45
CASSANDRA-1885,Improvement,2010-12-20 13:37:54,2010-12-23 01:32:09
CASSANDRA-1886,Improvement,2010-12-20 15:18:57,2010-12-23 04:28:47
CASSANDRA-1887,Improvement,2010-12-20 15:23:42,2010-12-20 21:40:44
CASSANDRA-1888,Improvement,2010-12-21 17:07:03,2011-01-06 04:40:26
CASSANDRA-1889,Bug,2010-12-21 20:47:17,2010-12-25 07:54:14
CASSANDRA-1890,Improvement,2010-12-22 01:41:19,2010-12-22 07:45:46
CASSANDRA-1891,Improvement,2010-12-22 04:44:16,2011-01-11 22:10:44
CASSANDRA-1892,Bug,2010-12-22 05:21:42,2010-12-25 02:23:41
CASSANDRA-1893,Bug,2010-12-22 07:07:35,2010-12-23 02:47:22
CASSANDRA-1894,Bug,2010-12-23 04:26:29,2010-12-23 06:35:26
CASSANDRA-1895,Bug,2010-12-23 15:31:14,2011-01-17 07:54:20
CASSANDRA-1896,Improvement,2010-12-23 18:50:16,2011-01-05 06:23:06
CASSANDRA-1897,Improvement,2010-12-23 19:45:13,2011-01-04 06:25:35
CASSANDRA-1898,Improvement,2010-12-24 02:16:43,2011-01-25 03:56:08
CASSANDRA-1899,Bug,2010-12-24 02:48:09,2010-12-24 02:57:19
CASSANDRA-1900,Improvement,2010-12-24 04:19:09,2011-01-26 00:49:45
CASSANDRA-1901,Bug,2010-12-24 07:44:37,2010-12-30 11:38:32
CASSANDRA-1902,Improvement,2010-12-25 02:38:41,2011-05-09 16:51:30
CASSANDRA-1903,Bug,2010-12-25 08:27:19,2010-12-28 07:25:49
CASSANDRA-1904,Bug,2010-12-27 19:01:56,2010-12-30 21:57:42
CASSANDRA-1905,Bug,2010-12-27 23:54:44,2010-12-28 11:36:48
CASSANDRA-1906,Improvement,2010-12-28 01:06:44,2011-03-17 22:51:46
CASSANDRA-1907,Bug,2010-12-28 04:56:54,2010-12-28 06:19:21
CASSANDRA-1908,Improvement,2010-12-28 05:23:57,2012-05-16 02:21:01
CASSANDRA-1909,Bug,2010-12-28 07:31:30,2011-01-06 05:13:55
CASSANDRA-1910,Bug,2010-12-29 02:18:19,2010-12-30 03:45:09
CASSANDRA-1911,Improvement,2010-12-29 02:36:05,2011-01-12 09:02:38
CASSANDRA-1912,Improvement,2010-12-29 03:45:36,2011-01-04 22:18:39
CASSANDRA-1913,Sub-task,2010-12-29 07:09:23,2011-01-01 01:25:45
CASSANDRA-1914,Improvement,2010-12-29 23:45:53,2010-12-30 01:45:58
CASSANDRA-1915,Bug,2010-12-30 00:58:15,2010-12-30 03:38:17
CASSANDRA-1916,Bug,2010-12-30 01:39:09,2010-12-31 00:35:17
CASSANDRA-1917,Bug,2010-12-30 01:52:32,2010-12-30 03:24:12
CASSANDRA-1918,Bug,2010-12-30 03:07:32,2010-12-30 06:00:56
CASSANDRA-1919,Improvement,2010-12-30 03:23:32,2011-01-26 23:00:43
CASSANDRA-1920,Improvement,2010-12-30 04:35:58,2013-01-26 04:36:45
CASSANDRA-1921,Improvement,2010-12-30 22:45:49,2011-01-01 01:22:15
CASSANDRA-1922,Bug,2010-12-31 01:29:17,2010-12-31 02:20:40
CASSANDRA-1923,Sub-task,2010-12-31 04:15:19,2011-01-25 06:03:05
CASSANDRA-1924,Bug,2010-12-31 06:59:28,2011-03-12 02:18:37
CASSANDRA-1925,Improvement,2011-01-02 04:44:41,2011-01-04 03:52:51
CASSANDRA-1926,Improvement,2011-01-03 00:21:16,2011-01-04 04:05:56
CASSANDRA-1927,Bug,2011-01-03 09:15:15,2011-01-04 03:43:30
CASSANDRA-1928,Improvement,2011-01-04 02:20:18,2011-01-04 03:50:38
CASSANDRA-1929,New Feature,2011-01-04 06:07:04,2012-05-16 02:21:58
CASSANDRA-1930,Improvement,2011-01-04 09:18:59,2011-01-07 06:58:44
CASSANDRA-1931,Bug,2011-01-04 13:29:43,2011-01-05 05:34:26
CASSANDRA-1932,Bug,2011-01-04 13:32:40,2011-01-19 10:45:44
CASSANDRA-1933,Improvement,2011-01-04 22:29:34,2011-01-25 01:44:55
CASSANDRA-1934,Bug,2011-01-05 10:06:15,2011-01-21 05:37:59
CASSANDRA-1935,Improvement,2011-01-05 10:11:30,2011-01-16 03:50:39
CASSANDRA-1936,Improvement,2011-01-05 23:41:42,2011-01-27 08:29:24
CASSANDRA-1937,Improvement,2011-01-05 23:44:14,2011-01-11 22:19:03
CASSANDRA-1938,Improvement,2011-01-05 23:47:42,2011-03-11 04:56:43
CASSANDRA-1939,Bug,2011-01-06 00:21:44,2011-01-07 16:34:34
CASSANDRA-1941,Improvement,2011-01-06 03:31:24,2011-08-11 21:45:39
CASSANDRA-1942,Improvement,2011-01-06 09:03:55,2011-04-07 00:56:13
CASSANDRA-1943,Bug,2011-01-06 11:18:24,2011-01-07 07:34:09
CASSANDRA-1944,Improvement,2011-01-06 19:27:53,2011-01-19 00:09:26
CASSANDRA-1945,Improvement,2011-01-07 02:30:42,2011-01-11 23:15:26
CASSANDRA-1946,Bug,2011-01-07 14:56:11,2011-01-07 18:54:32
CASSANDRA-1947,Improvement,2011-01-07 22:09:15,2011-01-08 00:26:57
CASSANDRA-1948,Sub-task,2011-01-07 22:26:04,2011-01-14 00:53:58
CASSANDRA-1949,Sub-task,2011-01-07 22:27:36,2011-02-07 23:39:14
CASSANDRA-1950,New Feature,2011-01-07 22:39:21,2011-01-08 00:28:29
CASSANDRA-1951,Improvement,2011-01-08 00:57:01,2011-01-26 23:37:42
CASSANDRA-1952,Improvement,2011-01-08 03:31:41,2011-04-07 04:26:41
CASSANDRA-1953,Improvement,2011-01-08 11:02:37,2011-01-11 01:10:02
CASSANDRA-1954,Improvement,2011-01-08 11:34:32,2011-06-11 22:08:46
CASSANDRA-1955,Improvement,2011-01-09 02:33:30,2011-06-11 22:34:07
CASSANDRA-1956,Improvement,2011-01-09 15:48:17,2013-09-21 05:37:14
CASSANDRA-1957,Bug,2011-01-09 19:17:57,2011-02-23 04:00:33
CASSANDRA-1958,Bug,2011-01-10 10:20:23,2011-01-10 10:33:40
CASSANDRA-1959,Bug,2011-01-11 03:03:47,2011-01-12 07:41:56
CASSANDRA-1960,Task,2011-01-11 05:48:41,2011-01-14 06:39:20
CASSANDRA-1961,Bug,2011-01-11 10:28:27,2011-01-12 07:14:03
CASSANDRA-1962,Bug,2011-01-11 17:53:57,2011-01-11 22:24:28
CASSANDRA-1963,New Feature,2011-01-11 19:59:29,2011-01-12 00:45:55
CASSANDRA-1964,Bug,2011-01-11 22:08:56,2011-01-20 03:53:04
CASSANDRA-1965,Improvement,2011-01-12 03:30:05,2012-04-24 22:49:29
CASSANDRA-1966,Improvement,2011-01-12 04:39:46,2011-07-27 02:43:32
CASSANDRA-1967,Improvement,2011-01-12 05:26:35,2012-07-11 09:20:57
CASSANDRA-1968,Improvement,2011-01-12 05:36:22,2011-01-20 03:28:31
CASSANDRA-1969,Improvement,2011-01-12 06:06:15,2011-04-07 02:16:53
CASSANDRA-1970,Sub-task,2011-01-12 06:14:21,2011-02-01 06:59:01
CASSANDRA-1971,Improvement,2011-01-12 13:34:17,2011-01-25 22:59:35
CASSANDRA-1972,Bug,2011-01-12 15:04:15,2011-01-15 03:14:11
CASSANDRA-1973,Bug,2011-01-13 02:27:14,2011-01-19 04:22:36
CASSANDRA-1974,New Feature,2011-01-13 03:22:47,2012-05-26 04:22:24
CASSANDRA-1975,Improvement,2011-01-13 04:29:53,2013-09-21 04:30:18
CASSANDRA-1976,Bug,2011-01-13 05:45:43,2011-01-19 06:58:09
CASSANDRA-1977,Improvement,2011-01-13 06:08:56,2011-01-19 05:34:10
CASSANDRA-1978,Improvement,2011-01-13 06:24:16,2013-01-26 04:36:26
CASSANDRA-1979,Bug,2011-01-14 00:09:48,2011-01-18 01:07:46
CASSANDRA-1980,New Feature,2011-01-14 00:41:52,2011-04-11 23:36:28
CASSANDRA-1981,Bug,2011-01-14 03:27:10,2011-01-14 03:43:17
CASSANDRA-1982,Improvement,2011-01-14 03:37:16,2011-01-14 07:06:57
CASSANDRA-1983,Improvement,2011-01-14 05:39:57,2014-02-19 01:45:50
CASSANDRA-1984,New Feature,2011-01-14 06:59:01,2011-01-14 07:14:17
CASSANDRA-1985,Bug,2011-01-14 08:32:33,2011-01-16 03:37:40
CASSANDRA-1986,Bug,2011-01-15 02:16:49,2011-01-15 10:02:44
CASSANDRA-1987,Improvement,2011-01-15 06:54:14,2011-05-06 09:23:10
CASSANDRA-1988,Improvement,2011-01-15 12:45:08,2011-08-11 23:00:27
CASSANDRA-1989,Bug,2011-01-15 13:43:34,2011-01-15 23:20:52
CASSANDRA-1990,Improvement,2011-01-15 16:36:59,2011-01-15 16:40:12
CASSANDRA-1991,Improvement,2011-01-16 02:29:43,2012-05-10 03:52:37
CASSANDRA-1992,Bug,2011-01-16 05:47:38,2011-01-20 03:32:01
CASSANDRA-1993,Bug,2011-01-16 09:38:29,2011-01-17 06:55:17
CASSANDRA-1994,Bug,2011-01-16 12:58:07,2012-05-16 02:27:22
CASSANDRA-1995,Bug,2011-01-17 04:03:26,2011-01-18 00:00:16
CASSANDRA-1996,Improvement,2011-01-17 09:59:57,2012-05-16 02:28:18
CASSANDRA-1997,New Feature,2011-01-17 23:50:38,2011-02-11 00:54:39
CASSANDRA-1998,Improvement,2011-01-18 00:45:45,2011-01-26 04:31:32
CASSANDRA-1999,Bug,2011-01-18 01:48:43,2011-01-18 02:42:34
CASSANDRA-2000,Bug,2011-01-18 09:24:49,2011-01-18 10:56:41
CASSANDRA-2001,Bug,2011-01-18 22:03:08,2011-01-19 02:25:39
CASSANDRA-2002,Bug,2011-01-18 22:17:17,2011-01-19 00:05:04
CASSANDRA-2003,Improvement,2011-01-19 03:05:21,2011-08-31 00:05:05
