fileName,accuracy,precision,recall,F1,AUC,ER,RI,MCC,AP,RR,Popt,ACC
ant-ivy-2.1.0(1).csv,0.855072463768116,0.426470588235294,0.725,0.537037037037037,0.895,0.7281359320339829,2.67830882352941,0.480568499272361,0.510867300567616,0.5,0.528992429104694,0.175
calcite-1.1.0(1).csv,0.7926829268292679,0.22943722943722897,0.552083333333333,0.32415902140672803,0.7772121993127149,0.607490530638253,1.54770923520924,0.25609545774054604,0.29186157943668,1.0,0.361324898173045,0.09375
calcite-1.2.0(1).csv,0.8424976700838771,0.317365269461078,0.49074074074074103,0.38545454545454494,0.7766887353674922,0.6828500589073131,2.153082723442,0.309245275883611,0.334884604821574,1.0,0.39640324111771597,0.111111111111111
calcite-1.2.0(2).csv,0.805219012115564,0.271493212669683,0.555555555555556,0.364741641337386,0.7748704663212441,0.629263746505126,1.69733534439417,0.28919595579655,0.33774410486105705,1.0,0.366749665874636,0.101851851851852
calcite-1.3.0(1).csv,0.8481481481481479,0.270440251572327,0.47252747252747296,0.344,0.789858776208625,0.68843669250646,2.20962056811113,0.27848961275538503,0.329160159673994,1.0,0.450930807876701,0.13186813186813198
calcite-1.3.0(2).csv,0.8305555555555559,0.25,0.505494505494505,0.33454545454545503,0.787930977010856,0.662962962962963,1.9670329670329698,0.270389047372745,0.32324821998873104,1.0,0.409136923316301,0.13186813186813198
calcite-1.3.0(3).csv,0.805555555555556,0.23318385650224202,0.5714285714285711,0.331210191082803,0.790486560961788,0.6386574074074071,1.76745675848815,0.27348490997180497,0.324431375322745,1.0,0.39286775709083793,0.0989010989010989
calcite-1.4.0(1).csv,0.8886861313868609,0.3867924528301889,0.418367346938776,0.401960784313726,0.7876569465461529,0.768826775859,3.3257604928764,0.34101546333231003,0.36277167625032103,1.0,0.48344727832421996,0.163265306122449
calcite-1.4.0(2).csv,0.8521897810218979,0.3,0.48979591836734704,0.37209302325581395,0.82107071285428,0.7019464720194649,2.35510204081633,0.305126243933102,0.404356609452774,1.0,0.425223405165546,0.163265306122449
calcite-1.4.0(3).csv,0.838503649635037,0.286486486486487,0.5408163265306121,0.374558303886926,0.825088953417038,0.6878873433411379,2.2039713182570297,0.311229232226302,0.39734925719923203,1.0,0.43068423689527296,0.12244897959183698
calcite-1.4.0(4).csv,0.8421532846715329,0.272727272727273,0.459183673469388,0.342205323193916,0.803504969121917,0.6721411192214111,2.05009276437848,0.27045088794259103,0.38712825007521,1.0,0.41046308490768896,0.17346938775510198
calcite-1.5.0(1).csv,0.8438855160451,0.251366120218579,0.51685393258427,0.33823529411764697,0.806802821660894,0.692918285003205,2.2564622091238395,0.283460097060183,0.36313550864140703,1.0,0.56343527590328,0.22471910112359503
calcite-1.5.0(2).csv,0.857762359063313,0.267080745341615,0.48314606741572996,0.344,0.8260750190081949,0.710986506383751,2.46004606043688,0.286631904906062,0.364479631663249,1.0,0.48302702711046397,0.16853932584269699
calcite-1.5.0(3).csv,0.8516912402428449,0.272222222222222,0.5505617977528089,0.364312267657993,0.82608557911633,0.716445120979875,2.52665418227216,0.31430394114767,0.354120616211923,1.0,0.44449005754119203,0.146067415730337
calcite-1.5.0(4).csv,0.8707718993928879,0.288732394366197,0.4606741573033711,0.35497835497835495,0.808418518205626,0.7326592346582621,2.7405443899351205,0.297050046491109,0.31858979800371195,1.0,0.47281941805869604,0.179775280898876
calcite-1.5.0(5).csv,0.9132697311361658,0.40677966101694896,0.269662921348315,0.324324324324324,0.803434147165667,0.810241399248338,4.26985336126452,0.286783720449472,0.33510866023275704,1.0,0.419866317352156,0.134831460674157
calcite-1.6.0(1).csv,0.852233676975945,0.275280898876405,0.532608695652174,0.362962962962963,0.8123681862426999,0.7128830913808821,2.4829018075232003,0.309049189756005,0.37666614170888,1.0,0.575129448809394,0.21739130434782603
calcite-1.6.0(2).csv,0.880584192439863,0.308943089430894,0.41304347826086996,0.3534883720930229,0.8112325600259571,0.7441671188279979,2.9088016967126205,0.292912446915364,0.347868553867594,1.0,0.5867964549255921,0.21739130434782603
calcite-1.6.0(3).csv,0.8470790378006869,0.25568181818181795,0.48913043478260904,0.335820895522388,0.810015817650876,0.690874379534173,2.23493083003953,0.27633663772710604,0.34299468009967604,1.0,0.5341727255713979,0.17391304347826098
calcite-1.6.0(4).csv,0.8453608247422679,0.25555555555555604,0.5,0.33823529411764697,0.8103402822842309,0.6907216494845361,2.2333333333333303,0.2798264560910119,0.343639407215181,1.0,0.534387171465836,0.16304347826087
calcite-1.6.0(5).csv,0.923539518900344,0.6,0.0978260869565217,0.168224299065421,0.78804347826087,0.8682703321878579,6.59130434782609,0.22062437958342102,0.28953382350262297,1.0,0.5501343968700239,0.22826086956521696
calcite-1.6.0(6).csv,0.9106529209621991,0.4,0.260869565217391,0.315789473684211,0.7915720311486051,0.8024054982817871,4.06086956521739,0.27733625686815994,0.31427747574799897,1.0,0.513709342836483,0.152173913043478
calcite-1.7.0(1).csv,0.8600823045267489,0.293413173652695,0.48514851485148497,0.365671641791045,0.789581740938905,0.716687662719409,2.5296733266141,0.304060585334825,0.355384037243773,1.0,0.553894149097937,0.168316831683168
calcite-1.7.0(2).csv,0.8609053497942389,0.284810126582278,0.4455445544554461,0.347490347490348,0.7960164957249759,0.708129858253315,2.4261812257175097,0.282444016684381,0.3584797758863,1.0,0.5462324543302639,0.17821782178217802
calcite-1.7.0(3).csv,0.8823045267489709,0.33333333333333304,0.41584158415841604,0.37004405286343606,0.806801820217928,0.750617283950617,3.00990099009901,0.30827736200494,0.35971825550546793,1.0,0.583284315353222,0.20792079207920802
calcite-1.7.0(4).csv,0.8609053497942389,0.3,0.504950495049505,0.376383763837638,0.8190003021846171,0.7229080932784641,2.60891089108911,0.316842661476337,0.386026767740758,1.0,0.553208556220197,0.168316831683168
calcite-1.7.0(5).csv,0.9160493827160491,0.48936170212766,0.227722772277228,0.310810810810811,0.8116545496560429,0.8301306137054929,4.88687592163472,0.295173191768632,0.34815451575126594,1.0,0.5596503357731639,0.198019801980198
calcite-1.7.0(6).csv,0.9168724279835391,0.5,0.227722772277228,0.31292517006802695,0.8134809890324759,0.833744855967078,5.01485148514851,0.299535173536156,0.35460663892029504,1.0,0.561593595616422,0.198019801980198
calcite-1.7.0(7).csv,0.91440329218107,0.46666666666666706,0.20792079207920802,0.287671232876712,0.8005581527632121,0.821869488536155,4.61386138613861,0.27245573905723003,0.354048804650248,1.0,0.559777360861409,0.20792079207920802
calcite-1.8.0(1).csv,0.878474980142971,0.26347305389221604,0.594594594594595,0.36514522821576795,0.8492416467100009,0.776915300743736,3.4826023628418796,0.340335687458646,0.396394486432414,1.0,0.6101026125682869,0.25675675675675697
calcite-1.8.0(2).csv,0.857029388403495,0.242718446601942,0.675675675675676,0.3571428571428571,0.8632455240050179,0.757839555202542,3.1294935712411402,0.34589969018445194,0.40591069255083895,1.0,0.628532742205932,0.24324324324324303
calcite-1.8.0(3).csv,0.8880063542494041,0.278145695364238,0.567567567567568,0.3733333333333329,0.8506557190101491,0.788683384394266,3.73223554680508,0.3443057876069461,0.391678068723833,1.0,0.631578428187903,0.25675675675675697
calcite-1.8.0(4).csv,0.8840349483717241,0.275,0.594594594594595,0.376068376068376,0.864705211540655,0.786266156401184,3.67871621621622,0.35076327517769107,0.416458858686608,1.0,0.6184798498253039,0.27027027027027
calcite-1.8.0(5).csv,0.928514694201747,0.351851851851852,0.25675675675675697,0.296875,0.8436537803626409,0.8329501275030309,4.98623623623624,0.26377455052281895,0.355309291201671,1.0,0.633300896088269,0.24324324324324303
calcite-1.8.0(6).csv,0.940428911834789,0.48936170212766,0.310810810810811,0.380165289256198,0.86789827802486,0.8798908726732739,7.32576193214491,0.360501523890397,0.366978398026812,1.0,0.6364899624234449,0.310810810810811
calcite-1.8.0(7).csv,0.94440031771247,0.6428571428571429,0.121621621621622,0.20454545454545497,0.8529478845934542,0.908569411349396,9.937258687258689,0.263331384412477,0.315719857639477,1.0,0.6234669248262951,0.297297297297297
calcite-1.8.0(8).csv,0.9467831612390791,0.6129032258064521,0.25675675675675697,0.361904761904762,0.8523548865321021,0.9041009991221101,9.42763731473409,0.37431843366649503,0.401470939019975,1.0,0.614855364095241,0.283783783783784
calcite-1.9.0(1).csv,0.8681925808997629,0.195266272189349,0.515625,0.28326180257510697,0.834612687032419,0.741312094903255,2.86566198224852,0.25931301677444396,0.23026756388375402,1.0,0.6304228714410429,0.234375
calcite-1.9.0(2).csv,0.8942383583267559,0.2265625,0.453125,0.30208333333333304,0.8428408146300909,0.777045967939471,3.4852294921875,0.26948318804259197,0.262608536332362,1.0,0.590078820346069,0.265625
calcite-1.9.0(3).csv,0.8500394632991322,0.194174757281553,0.625,0.296296296296296,0.847049044056525,0.739857932123125,2.84405339805825,0.289048578365192,0.24813172684152696,1.0,0.613809042043072,0.203125
calcite-1.9.0(4).csv,0.877663772691397,0.21739130434782603,0.546875,0.311111111111111,0.855114817123857,0.767640094711918,3.30366847826087,0.290729437096713,0.26419166866364,1.0,0.607645985676412,0.234375
calcite-1.9.0(5).csv,0.91397000789266,0.263157894736842,0.390625,0.314465408805031,0.8188902743142141,0.808050513022889,4.2097039473684195,0.27644371762182596,0.24135969933443804,1.0,0.6380662228209699,0.21875
calcite-1.9.0(6).csv,0.9123914759273879,0.26262626262626304,0.40625,0.31901840490797495,0.8197994596841229,0.8076619513083599,4.19917929292929,0.281979650164611,0.24149635122869897,1.0,0.638206020145782,0.21875
calcite-1.9.0(7).csv,0.898184688239937,0.22689075630252103,0.421875,0.29508196721311497,0.817851205320033,0.777368528749744,3.49172794117647,0.259298561930793,0.235625851297221,1.0,0.640861171477634,0.234375
calcite-1.9.0(8).csv,0.94869771112865,0.47619047619047605,0.15625,0.23529411764705901,0.813655964256027,0.8939226519337021,8.42708333333333,0.25233941279382105,0.275573430681927,1.0,0.625779824102835,0.265625
calcite-1.9.0(9).csv,0.9297553275453829,0.301587301587302,0.296875,0.299212598425197,0.839411886949293,0.832509450421634,4.970486111111111,0.262248534042813,0.281404697881693,1.0,0.5974790980049101,0.234375
calcite-1.10.0(1).csv,0.864822134387352,0.17415730337078697,0.563636363636364,0.266094420600858,0.846551465063862,0.750350631136045,3.00561797752809,0.25930904660265097,0.234516246475816,1.0,0.6471684273663101,0.21818181818181798
calcite-1.10.0(2).csv,0.9154150197628459,0.229166666666667,0.4,0.291390728476821,0.8267543200601051,0.810276679841897,4.27083333333333,0.260933382565605,0.261435271770067,1.0,0.6137515394870621,0.23636363636363603
calcite-1.10.0(3).csv,0.896442687747036,0.212121212121212,0.509090909090909,0.299465240641711,0.854800901577761,0.795031055900621,3.87878787878788,0.282264785349428,0.285517756755075,1.0,0.6194462513339539,0.25454545454545496
calcite-1.10.0(4).csv,0.877470355731225,0.191358024691358,0.563636363636364,0.28571428571428603,0.861397445529677,0.772791023842917,3.4012345679012297,0.277904126141014,0.29256986702700605,1.0,0.612102119776651,0.21818181818181798
calcite-1.10.0(5).csv,0.923320158102767,0.261363636363636,0.418181818181818,0.32167832167832205,0.852186326070624,0.8336483931947071,5.01136363636364,0.292144477797873,0.256458788787406,1.0,0.6336083283483821,0.25454545454545496
calcite-1.10.0(6).csv,0.940711462450593,0.32142857142857106,0.327272727272727,0.324324324324324,0.8333433508640121,0.864734299516908,6.392857142857139,0.29333543044670196,0.302437278719813,1.0,0.637520153363354,0.272727272727273
calcite-1.10.0(7).csv,0.941501976284585,0.320754716981132,0.30909090909090897,0.314814814814815,0.833253193087904,0.864450127877238,6.37735849056604,0.28432569876503,0.293323938073099,1.0,0.637031117905245,0.272727272727273
calcite-1.10.0(8).csv,0.9422924901185771,0.33333333333333304,0.327272727272727,0.330275229357798,0.8329977460555971,0.8695652173913041,6.66666666666667,0.30013884633207105,0.291886010603062,1.0,0.63679915571726,0.272727272727273
calcite-1.10.0(9).csv,0.9098814229249009,0.229357798165138,0.45454545454545503,0.304878048780488,0.827543200601052,0.810434782608696,4.27522935779816,0.27988679579846004,0.261084090734143,1.0,0.635776251773112,0.23636363636363603
calcite-1.10.0(10).csv,0.913833992094862,0.245283018867925,0.47272727272727294,0.322981366459627,0.8487453042824941,0.822742474916388,4.64150943396226,0.299267194091609,0.285670776282008,1.0,0.62516343702605,0.25454545454545496
calcite-1.11.0(1).csv,0.8651340996168579,0.206030150753769,0.694915254237288,0.31782945736434104,0.8849062763555241,0.7805625642463321,3.55710757175709,0.328331808181989,0.356649284949868,1.0,0.663961293950599,0.23728813559321998
calcite-1.11.0(2).csv,0.8896551724137929,0.22580645161290303,0.593220338983051,0.327102803738318,0.8648148651957449,0.799781061850027,3.99453253143794,0.319116952549226,0.366834550922275,1.0,0.6604414801442421,0.23728813559321998
calcite-1.11.0(3).csv,0.905747126436782,0.25,0.542372881355932,0.342245989304813,0.867929918110836,0.8191570881226049,4.5296610169491505,0.32504945357188203,0.386757693484876,1.0,0.6408209425701961,0.254237288135593
calcite-1.11.0(4).csv,0.880459770114942,0.21301775147929003,0.610169491525424,0.315789473684211,0.8776015452838921,0.7877607492550022,3.71166382509277,0.311522776876849,0.37159568477648997,1.0,0.6309994542425179,0.23728813559321998
calcite-1.11.0(5).csv,0.8758620689655171,0.209039548022599,0.6271186440677969,0.313559322033898,0.8823217346355798,0.7837216526871701,3.62367135880494,0.31235457502139,0.37331086849652095,1.0,0.629607353150359,0.22033898305084698
calcite-1.11.0(6).csv,0.9157088122605359,0.261682242990654,0.474576271186441,0.33734939759036103,0.874948989308159,0.8272304324028459,4.78805639157294,0.311379287939515,0.37761848715012,1.0,0.640235672792926,0.271186440677966
calcite-1.11.0(7).csv,0.940229885057471,0.353846153846154,0.38983050847457595,0.37096774193548404,0.861631798024866,0.8722305513909709,6.82659713168188,0.340108193297792,0.34834062980478103,1.0,0.645473149492867,0.271186440677966
calcite-1.11.0(8).csv,0.940229885057471,0.353846153846154,0.38983050847457595,0.37096774193548404,0.8620126778572791,0.8722305513909709,6.82659713168188,0.340108193297792,0.338043106902148,1.0,0.64489841632769,0.271186440677966
calcite-1.11.0(9).csv,0.940229885057471,0.353846153846154,0.38983050847457595,0.37096774193548404,0.86189025219686,0.8722305513909709,6.82659713168188,0.340108193297792,0.33585915548798195,1.0,0.645943687271792,0.271186440677966
calcite-1.11.0(10).csv,0.911877394636015,0.254385964912281,0.49152542372881397,0.335260115606936,0.860230704355633,0.822275069361871,4.62667261373773,0.311481529953596,0.34729353080153397,1.0,0.6504425279517779,0.288135593220339
calcite-1.11.0(11).csv,0.911877394636015,0.26271186440678,0.5254237288135589,0.350282485875706,0.8747585493919531,0.827907551600544,4.8108302212008,0.330067420643367,0.354755748337885,1.0,0.638850108302714,0.271186440677966
calcite-1.12.0(1).csv,0.8895224518888101,0.25433526011560703,0.628571428571429,0.362139917695473,0.8885542814274999,0.803829456359749,4.0976052848885205,0.35215557035492895,0.37684313235222994,1.0,0.6427954690670461,0.25714285714285695
calcite-1.12.0(2).csv,0.9208838203848891,0.308411214953271,0.47142857142857103,0.37288135593220295,0.8663648054870858,0.8382254476338579,5.18144192256342,0.341172460825715,0.39452572665079993,1.0,0.625500098807521,0.271428571428571
calcite-1.12.0(3).csv,0.8709907341411259,0.223880597014925,0.6428571428571429,0.33210332103321,0.880270067516879,0.7771442147778571,3.4872068230277207,0.32678148794020695,0.38418066789704597,1.0,0.63816105451075,0.28571428571428603
calcite-1.12.0(4).csv,0.8852459016393441,0.227544910179641,0.5428571428571429,0.320675105485232,0.8636373379059051,0.780733015718198,3.5606501283147995,0.299924709738741,0.370642437136355,1.0,0.6577268514963499,0.28571428571428603
calcite-1.12.0(5).csv,0.8995010691375621,0.26490066225165604,0.5714285714285711,0.36199095022624395,0.8794019933554821,0.8116535994297929,4.30936613055818,0.34295224371429495,0.385166004417748,1.0,0.633505972250905,0.22857142857142898
calcite-1.12.0(6).csv,0.9173200285103349,0.305084745762712,0.5142857142857139,0.382978723404255,0.878212410245419,0.836461550645442,5.1147699757869205,0.35518080914746597,0.387982097959626,1.0,0.6396799717393,0.25714285714285695
calcite-1.12.0(7).csv,0.918745545260157,0.31034482758620696,0.5142857142857139,0.387096774193548,0.854410031079198,0.839233388770096,5.22019704433498,0.35913734100833294,0.365978426250109,1.0,0.642315262924191,0.271428571428571
calcite-1.12.0(8).csv,0.9173200285103349,0.30172413793103403,0.5,0.376344086021505,0.8744721894759399,0.83464005702067,5.04741379310345,0.34725025764901696,0.39088520428736895,1.0,0.635724014297599,0.25714285714285695
calcite-1.12.0(9).csv,0.940128296507484,0.3970588235294121,0.38571428571428606,0.39130434782608703,0.855846104383239,0.87434333834904,6.95819327731092,0.359868850584344,0.356236046471801,1.0,0.6414618457499329,0.25714285714285695
calcite-1.12.0(10).csv,0.915181753385602,0.294117647058824,0.5,0.37037037037037,0.87487943414425,0.830363506771205,4.89495798319328,0.34148676974914194,0.384473611112307,1.0,0.636573933860487,0.25714285714285695
calcite-1.12.0(11).csv,0.915181753385602,0.294117647058824,0.5,0.37037037037037,0.874579359125496,0.830363506771205,4.89495798319328,0.34148676974914194,0.38443755980475103,1.0,0.636798337426334,0.25714285714285695
calcite-1.12.0(12).csv,0.91375623663578,0.29600000000000004,0.5285714285714289,0.3794871794871789,0.8743971707212521,0.8314422762035021,4.93268571428571,0.35351428703246707,0.38089437943002,1.0,0.636483075456037,0.25714285714285695
knox-0.4.0(1).csv,0.8924205378973101,0.34782608695652195,0.5333333333333329,0.421052631578947,0.930167106420405,0.7891198044009781,3.74202898550725,0.37477772698563894,0.527786055577769,0.5,0.6306428940735479,0.266666666666667
knox-0.5.0(1).csv,0.916666666666667,0.38888888888888895,0.46666666666666706,0.424242424242424,0.846478873239437,0.830827067669173,4.9111111111111105,0.38155943137617104,0.45338545982137607,1.0,0.570486162970854,0.3666666666666671
knox-0.5.0(2).csv,0.9298245614035091,0.46153846153846206,0.4,0.42857142857142894,0.931377151799687,0.857456140350877,6.015384615384621,0.39252893389490395,0.540737507236139,1.0,0.7119677390911591,0.33333333333333304
knox-0.6.0(1).csv,0.9123505976095619,0.45161290322580605,0.736842105263158,0.56,0.9211660617059889,0.832384746727376,4.966044142614599,0.533473548163247,0.490932395336456,0.5,0.7112326990764021,0.34210526315789497
knox-0.6.0(2).csv,0.936254980079681,0.5714285714285711,0.631578947368421,0.6,0.914218466424682,0.867529880478088,6.54887218045113,0.566298030776328,0.513812934878015,1.0,0.7499801519040941,0.421052631578947
knox-0.6.0(3).csv,0.936254980079681,0.625,0.39473684210526294,0.48387096774193505,0.916430353901996,0.878884462151394,7.25657894736842,0.465325020419986,0.519822792795892,0.5,0.7466456717918859,0.421052631578947
knox-0.7.0(1).csv,0.836236933797909,0.132075471698113,0.875,0.22950819672131098,0.8985215053763441,0.7889497262319559,3.73820754716981,0.301256417983661,0.20613403648256898,0.25,0.743415136193769,0.4375
knox-0.7.0(2).csv,0.911149825783972,0.18181818181818202,0.625,0.28169014084507,0.885528673835125,0.8466898954703829,5.52272727272727,0.304434701562532,0.14807845911263098,0.0454545454545455,0.7604518475589039,0.4375
knox-0.7.0(3).csv,0.8972125435540071,0.135593220338983,0.5,0.21333333333333301,0.861559139784946,0.7944250871080141,3.86440677966102,0.221486937665413,0.22233382032324697,0.25,0.663280141489638,0.3125
knox-0.7.0(4).csv,0.9076655052264809,0.150943396226415,0.5,0.23188405797101397,0.8611111111111109,0.8153310104529621,4.415094339622639,0.238452539952429,0.21795796900258702,0.25,0.6611418093886771,0.3125
knox-0.8.0(1).csv,0.9428076256499129,0.206896551724138,0.375,0.266666666666667,0.9163324420677359,0.865973425765453,6.46120689655172,0.25101572467980804,0.32613056881230795,0.5,0.6823839704363031,0.375
knox-0.8.0(2).csv,0.9566724436741769,0.263157894736842,0.3125,0.28571428571428603,0.876559714795009,0.8946273830155981,8.49013157894737,0.26457736241814395,0.281143710212764,0.33333333333333304,0.7039830525311931,0.3125
knox-0.8.0(3).csv,0.8370883882149049,0.11764705882352902,0.75,0.203389830508475,0.886252228163993,0.7642980935875219,3.24264705882353,0.25376488320898,0.229776423035151,0.25,0.682684475085433,0.3125
knox-0.8.0(4).csv,0.953206239168111,0.260869565217391,0.375,0.307692307692308,0.8778409090909091,0.8937030618139801,8.40760869565217,0.289307762866055,0.224072186885632,0.25,0.6963487443375981,0.375
knox-0.8.0(5).csv,0.897746967071057,0.147540983606557,0.5625,0.23376623376623398,0.8775623885918,0.8120546890044291,4.32069672131148,0.250883679648314,0.247563477883006,1.0,0.6652452713979179,0.25
kylin-1.1.0(1).csv,0.8356997971602429,0.11235955056179801,0.833333333333333,0.198019801980198,0.8856548856548859,0.7833671399594321,3.6161048689138595,0.26807938737034803,0.20709266316623698,0.5,0.7125607272365999,0.25
kylin-2.0.0(1).csv,0.835518474374255,0.12121212121212101,0.421052631578947,0.188235294117647,0.7883238057691041,0.626340882002384,1.6762360446571,0.15775675854579901,0.178952923845527,1.0,0.573375362304008,0.23684210526315802
kylin-2.0.0(2).csv,0.8545887961859359,0.131578947368421,0.39473684210526294,0.197368421052632,0.778500558512386,0.655780691299166,1.90512465373961,0.16454411714046802,0.16900148884855198,0.5,0.570645267276515,0.34210526315789497
kylin-2.1.0(1).csv,0.8692810457516341,0.166666666666667,0.5,0.25,0.81130410022779,0.7385620915032679,2.825,0.233824689986943,0.223471320409805,1.0,0.5849845251509951,0.275
kylin-2.1.0(2).csv,0.87037037037037,0.16806722689075596,0.5,0.251572327044025,0.8041856492027329,0.7407407407407409,2.85714285714286,0.235350315262292,0.20809706877643203,1.0,0.5923123303082161,0.225
kylin-2.1.0(3).csv,0.930283224400871,0.214285714285714,0.225,0.21951219512195103,0.777576879271071,0.796659404502542,3.9178571428571405,0.18310656943834197,0.17624087879420197,0.5,0.588127595353685,0.275
kylin-2.2.0(1).csv,0.879676440849343,0.131578947368421,0.42857142857142894,0.201342281879195,0.7977837675950881,0.731041456016178,2.71804511278195,0.187916491199454,0.20447664275033606,1.0,0.5596240331082291,0.28571428571428603
kylin-2.2.0(2).csv,0.8877654196157729,0.141509433962264,0.42857142857142894,0.21276595744680799,0.8023659778376759,0.749915739804516,2.9986522911051203,0.19900249696124397,0.205494464382776,0.5,0.5688490505642521,0.25714285714285695
kylin-2.2.0(3).csv,0.877654196157735,0.129310344827586,0.42857142857142894,0.19867549668874201,0.8095537586103622,0.7263228850690929,2.65394088669951,0.185298947632578,0.17789349919255,1.0,0.582104601222716,0.25714285714285695
kylin-2.2.0(4).csv,0.8958543983822042,0.153061224489796,0.42857142857142894,0.22556390977443602,0.809538784067086,0.7687900235928551,3.3250728862973795,0.21122007389380001,0.172617044761313,1.0,0.60112185552413,0.25714285714285695
mahout-0.5(1).csv,0.79242819843342,0.12258064516129,0.452380952380952,0.192893401015228,0.7326032622993951,0.5527002885804589,1.23563748079877,0.14989656453915398,0.17845595054309,1.0,0.5059720375403151,0.23809523809523803
manifoldcf-0.2(1).csv,0.9312796208530809,0.3529411764705879,0.631578947368421,0.45283018867924496,0.9170693483087371,0.8724328593996841,6.8390092879257,0.43958318023952,0.5129891662486961,1.0,0.510798669133274,0.263157894736842
manifoldcf-0.5(1).csv,0.9085820895522391,0.30188679245283,0.5714285714285711,0.39506172839506204,0.9091676040494939,0.826958955223881,4.77897574123989,0.37166045560026295,0.443254783444945,1.0,0.515763953552212,0.14285714285714302
manifoldcf-0.5(2).csv,0.901119402985075,0.254901960784314,0.46428571428571397,0.329113924050633,0.819389763779528,0.795063145809415,3.87955182072829,0.295354053488737,0.17389744613115898,0.0454545454545455,0.512316764696365,0.214285714285714
manifoldcf-0.6(1).csv,0.9064516129032261,0.4375,0.25925925925925897,0.32558139534883695,0.519729093050648,0.8009216589861751,4.02314814814815,0.289895194154995,0.293054743883847,1.0,0.230787211349277,0.111111111111111
manifoldcf-0.6(2).csv,0.8887096774193549,0.34693877551020397,0.314814814814815,0.330097087378641,0.539016489988221,0.748956356736243,2.98337112622827,0.269945400704936,0.318150146468294,1.0,0.23316796019978103,0.0925925925925926
manifoldcf-0.6(3).csv,0.9,0.39473684210526294,0.277777777777778,0.326086956521739,0.543678837848449,0.779354838709677,3.5321637426900603,0.27877883478304105,0.299082116826898,1.0,0.22499814669059198,0.0925925925925926
manifoldcf-1.3(1).csv,0.912698412698413,0.275,0.229166666666667,0.25,0.7722016242937851,0.7691197691197691,3.33125,0.20501455776356697,0.279169614178056,1.0,0.340959786834174,0.10416666666666699
manifoldcf-1.3(2).csv,0.91005291005291,0.272727272727273,0.25,0.260869565217391,0.6472163370998121,0.7671957671957672,3.29545454545455,0.21330726978619396,0.23701369129413002,1.0,0.27674701336219704,0.0833333333333333
manifoldcf-1.3(3).csv,0.9140211640211641,0.292682926829268,0.25,0.269662921348315,0.36559851694915296,0.783068783068783,3.6097560975609797,0.225071629900649,0.225254959455626,1.0,0.25909255934792896,0.0833333333333333
manifoldcf-1.3(4).csv,0.9047619047619051,0.26,0.27083333333333304,0.26530612244898005,0.43701447740113,0.755799755799756,3.095,0.2144604904494,0.18862284240083102,1.0,0.249467919025603,0.10416666666666699
manifoldcf-1.4(1).csv,0.9466840052015602,0.34482758620689696,0.3125,0.327868852459016,0.815616519674356,0.8793237971391421,7.28663793103448,0.30057411324558003,0.333239272371601,0.5,0.43261590790375704,0.125
manifoldcf-1.4(2).csv,0.9427828348504549,0.3571428571428571,0.46875,0.40540540540540504,0.813072421981004,0.883485045513654,7.58258928571429,0.37976612032406004,0.358167782883406,1.0,0.41316885678932397,0.15625
manifoldcf-1.4(3).csv,0.9466840052015602,0.384615384615385,0.46875,0.422535211267606,0.804422489823609,0.891807542262679,8.24278846153846,0.39699612998163797,0.337609421595385,1.0,0.43492915922756004,0.15625
manifoldcf-1.4(4).csv,0.9427828348504549,0.36363636363636404,0.5,0.421052631578947,0.8649720149253729,0.88556566970091,7.73863636363636,0.397249189640066,0.340257121136943,0.5,0.44079878552505897,0.125
manifoldcf-1.4(5).csv,0.9466840052015602,0.378378378378378,0.4375,0.405797101449275,0.783476085481682,0.8900241501021742,8.09290540540541,0.379132514187578,0.269042699927981,0.33333333333333304,0.425017281602178,0.15625
manifoldcf-2.1(1).csv,0.909280500521376,0.18367346938775503,0.72,0.292682926829268,0.894261241970021,0.858069748580698,6.04571428571429,0.333699570248282,0.323909017039266,1.0,0.482176522249776,0.16
manifoldcf-2.1(2).csv,0.9447340980187701,0.258620689655172,0.6,0.36144578313253,0.872591006423983,0.8992005561348629,8.92068965517241,0.370293934556709,0.29957472415571196,1.0,0.47068552401150204,0.12
manifoldcf-2.1(3).csv,0.9405630865484879,0.241935483870968,0.6,0.34482758620689696,0.8477301927194859,0.89224887035106,8.28064516129032,0.356172483306124,0.284928497757956,1.0,0.45414565697316,0.12
manifoldcf-2.1(4).csv,0.9405630865484879,0.241935483870968,0.6,0.34482758620689696,0.8749036402569591,0.89224887035106,8.28064516129032,0.356172483306124,0.29285499201769,1.0,0.470067401992855,0.12
manifoldcf-2.1(5).csv,0.9416058394160579,0.24590163934426199,0.6,0.348837209302326,0.8726338329764449,0.893986791797011,8.4327868852459,0.359579099357262,0.29486185465056197,1.0,0.47083940028032706,0.12
manifoldcf-2.1(6).csv,0.920750782064651,0.2,0.68,0.30909090909090897,0.875610278372591,0.869655891553702,6.672000000000001,0.34041316729307897,0.31174885989893103,1.0,0.470738647961453,0.16
manifoldcf-2.2(1).csv,0.900406504065041,0.16964285714285698,0.791666666666667,0.279411764705882,0.9490451388888891,0.856225930680359,5.955357142857139,0.337464881552329,0.442128407378301,1.0,0.553702667851795,0.166666666666667
manifoldcf-2.2(2).csv,0.9197154471544721,0.19101123595505604,0.708333333333333,0.30088495575221197,0.9193576388888891,0.8723098995695842,6.8314606741573,0.340617582790963,0.39338847195807203,1.0,0.540001631010657,0.208333333333333
manifoldcf-2.2(3).csv,0.92479674796748,0.209302325581395,0.75,0.327272727272727,0.916927083333333,0.883468834688347,7.58139534883721,0.370962667765006,0.38849867164763396,1.0,0.526360799260901,0.166666666666667
manifoldcf-2.2(4).csv,0.949186991869919,0.25925925925925897,0.583333333333333,0.35897435897435903,0.8814453125,0.905923344947735,9.629629629629632,0.366889255778328,0.35186874311017996,1.0,0.535586682195931,0.208333333333333
manifoldcf-2.2(5).csv,0.949186991869919,0.25925925925925897,0.583333333333333,0.35897435897435903,0.883875868055556,0.905923344947735,9.629629629629632,0.366889255778328,0.350014562655104,1.0,0.5341871874808439,0.208333333333333
manifoldcf-2.2(6).csv,0.9380081300813009,0.23943661971831,0.708333333333333,0.35789473684210504,0.912239583333333,0.8981348637015779,8.816901408450699,0.38875838959296993,0.327921070283584,1.0,0.521153332516004,0.125
manifoldcf-2.2(7).csv,0.945121951219512,0.272727272727273,0.75,0.4,0.918315972222222,0.910569105691057,10.1818181818182,0.43166413739202203,0.33288997325874203,1.0,0.528629983886928,0.125
manifoldcf-2.3(1).csv,0.9112662013958129,0.177083333333333,0.62962962962963,0.27642276422764195,0.904447480267152,0.84798545539851,5.578317901234571,0.30185071350410303,0.37377916364841995,1.0,0.484580957487345,0.148148148148148
manifoldcf-2.3(2).csv,0.922233300099701,0.21978021978022003,0.7407407407407409,0.338983050847458,0.919759411050395,0.877517447657029,7.16442816442816,0.376410546052394,0.393558767093229,1.0,0.553135971269756,0.148148148148148
manifoldcf-2.3(3).csv,0.9192422731804591,0.20652173913043498,0.703703703703704,0.319327731092437,0.8997419550698241,0.86965419530881,6.6719001610306,0.35264784746210204,0.37397571806400204,1.0,0.507618381848908,0.185185185185185
manifoldcf-2.3(4).csv,0.929212362911266,0.23809523809523803,0.7407407407407409,0.36036036036036,0.900766545233758,0.886939182452642,7.84479717813051,0.39447599498653396,0.38129759993769197,1.0,0.504044311204233,0.185185185185185
manifoldcf-2.3(5).csv,0.9381854436689929,0.25352112676056304,0.666666666666667,0.36734693877551006,0.878035822707954,0.893818544366899,8.417840375586849,0.38643715627657005,0.33471860955736304,1.0,0.48791869589203707,0.111111111111111
manifoldcf-2.3(6).csv,0.9272183449651049,0.226190476190476,0.703703703703704,0.342342342342342,0.8720021250758959,0.8809886131080441,7.40255731922399,0.372237942886068,0.34947039620105996,1.0,0.48564239223492206,0.185185185185185
manifoldcf-2.3(7).csv,0.924227318045862,0.20481927710843398,0.62962962962963,0.30909090909090897,0.879079386763813,0.8685707583132951,6.60865684962071,0.33015304547441804,0.35393059494851997,1.0,0.48206129222105804,0.148148148148148
manifoldcf-2.3(8).csv,0.9272183449651049,0.226190476190476,0.703703703703704,0.342342342342342,0.879496812386157,0.8809886131080441,7.40255731922399,0.372237942886068,0.34233365895004697,1.0,0.475564943129979,0.148148148148148
manifoldcf-2.4(1).csv,0.920398009950249,0.2,0.826086956521739,0.322033898305085,0.960417958027097,0.8855721393034829,7.73913043478261,0.382685006393055,0.370075761127242,1.0,0.564742222673572,0.130434782608696
manifoldcf-2.4(2).csv,0.9243781094527359,0.202247191011236,0.7826086956521741,0.32142857142857106,0.9387673780217829,0.8868435599778879,7.83732291157792,0.373872206804575,0.36353194764415203,1.0,0.543141171027837,0.130434782608696
manifoldcf-2.4(3).csv,0.9233830845771139,0.2,0.7826086956521741,0.31858407079646,0.951828566368547,0.8855721393034829,7.73913043478261,0.371459139291251,0.37786998481410794,1.0,0.582821615156336,0.21739130434782603
manifoldcf-2.4(4).csv,0.914427860696517,0.194174757281553,0.8695652173913041,0.317460317460317,0.949216328699194,0.8821393034825871,7.48459265512875,0.387071937880478,0.414880258328048,1.0,0.5646522347471881,0.17391304347826098
manifoldcf-2.4(5).csv,0.927363184079602,0.209302325581395,0.7826086956521741,0.330275229357798,0.9071548747011422,0.890657822001106,8.14560161779575,0.381349173952492,0.35290229354447705,1.0,0.527675095629803,0.17391304347826098
manifoldcf-2.4(6).csv,0.929353233830846,0.207317073170732,0.7391304347826091,0.323809523809524,0.9051624900380771,0.8896107696810072,8.05885471898197,0.36761021966897495,0.33560337919169003,1.0,0.520390869187457,0.17391304347826098
manifoldcf-2.4(7).csv,0.929353233830846,0.207317073170732,0.7391304347826091,0.323809523809524,0.9053395908970159,0.8896107696810072,8.05885471898197,0.36761021966897495,0.331545353717133,1.0,0.517806889859292,0.17391304347826098
manifoldcf-2.4(8).csv,0.927363184079602,0.20238095238095197,0.7391304347826091,0.31775700934579404,0.9083060302842471,0.8869183494293241,7.84316770186335,0.362501245600154,0.330983255965044,1.0,0.5160770905972489,0.17391304347826098
manifoldcf-2.4(9).csv,0.92636815920398,0.206896551724138,0.7826086956521741,0.327272727272727,0.941822367838484,0.8893864013267,8.04047976011994,0.378816095001597,0.35073905607378997,1.0,0.530648646513885,0.130434782608696
manifoldcf-2.5(1).csv,0.909452736318408,0.161904761904762,0.85,0.272,0.951776649746193,0.8770851624231779,7.135714285714291,0.347302356396441,0.37205590115419895,1.0,0.567791683849139,0.2
manifoldcf-2.5(2).csv,0.927363184079602,0.188235294117647,0.8,0.304761904761905,0.9217258883248729,0.894278606965174,8.45882352941176,0.3663721022037079,0.32708194143195896,1.0,0.5544567606195961,0.15
manifoldcf-2.5(3).csv,0.9353233830845771,0.207792207792208,0.8,0.32989690721649495,0.9467005076142131,0.9042288557213929,9.44155844155844,0.38753590221797296,0.34143761672281703,0.5,0.599428962278056,0.2
manifoldcf-2.5(4).csv,0.9194029850746271,0.17204301075268802,0.8,0.283185840707965,0.950152284263959,0.884328358208955,7.64516129032258,0.347878500863411,0.321746208006992,1.0,0.5845939057290921,0.15
manifoldcf-2.5(5).csv,0.9134328358208961,0.161616161616162,0.8,0.26890756302520996,0.943604060913706,0.8768656716417909,7.12121212121212,0.335431854620804,0.358530945822993,1.0,0.5731145238674891,0.15
manifoldcf-2.5(6).csv,0.9253731343283579,0.18390804597701102,0.8,0.299065420560748,0.904213197969543,0.891791044776119,8.24137931034483,0.36152228337915293,0.330560917563993,1.0,0.54851783582003,0.2
manifoldcf-2.5(7).csv,0.9303482587064681,0.1875,0.75,0.3,0.9050253807106601,0.8938640132669979,8.421875,0.352922868880425,0.342587771925362,1.0,0.556779665227479,0.15
manifoldcf-2.5(8).csv,0.9253731343283579,0.18390804597701102,0.8,0.299065420560748,0.8993654822335029,0.891791044776119,8.24137931034483,0.36152228337915293,0.318478071121078,1.0,0.5530566582700269,0.2
manifoldcf-2.5(9).csv,0.9243781094527359,0.18181818181818202,0.8,0.296296296296296,0.9332994923857869,0.8905472636815921,8.13636363636364,0.359156640833098,0.33221474463033196,1.0,0.568151729094935,0.15
manifoldcf-2.5(10).csv,0.92636815920398,0.18604651162790697,0.8,0.30188679245283,0.906903553299492,0.893034825870647,8.34883720930233,0.363927057079499,0.31119431924152197,1.0,0.54063460044749,0.15
manifoldcf-2.6(1).csv,0.9119683481701291,0.163461538461538,0.8947368421052628,0.27642276422764195,0.9417444821731751,0.885029382672951,7.697874493927129,0.36074873477476394,0.30183790292625895,1.0,0.552465281383389,0.21052631578947398
manifoldcf-2.6(2).csv,0.928783382789317,0.188235294117647,0.842105263157895,0.307692307692308,0.953363752122241,0.9001607319485659,9.01609907120743,0.378045096305504,0.270497705876714,1.0,0.56498195069164,0.10526315789473699
manifoldcf-2.6(3).csv,0.934718100890208,0.20253164556961997,0.842105263157895,0.326530612244898,0.9529393039049241,0.907208209693373,9.77681545636242,0.39393445865790294,0.28721285308466,1.0,0.587904982210296,0.10526315789473699
manifoldcf-2.6(4).csv,0.9297725024727991,0.182926829268293,0.7894736842105259,0.297029702970297,0.9521965195246179,0.8972634355423671,8.73363286264442,0.35909963611562795,0.26022625975172603,0.5,0.589939799203152,0.21052631578947398
manifoldcf-2.6(5).csv,0.9258160237388721,0.18181818181818202,0.842105263157895,0.299065420560748,0.9603671477079799,0.8966369930761621,8.67464114832536,0.37069179039965006,0.271828424636936,0.2,0.589471145700685,0.10526315789473699
manifoldcf-2.6(6).csv,0.904055390702275,0.14545454545454503,0.842105263157895,0.24806201550387602,0.9335738539898131,0.8707962413452031,6.73971291866029,0.325908966778851,0.24535462545534398,0.5,0.527677200212056,0.157894736842105
manifoldcf-2.6(7).csv,0.9248269040553909,0.179775280898876,0.842105263157895,0.296296296296296,0.916277589134126,0.8954624134520279,8.565937315198111,0.36832008242341296,0.262943203978693,1.0,0.544085196561204,0.157894736842105
manifoldcf-2.6(8).csv,0.9307616221562809,0.185185185185185,0.7894736842105259,0.3,0.910786290322581,0.8985163204747769,8.853801169590641,0.3616194358577679,0.270568113231628,1.0,0.549475395007952,0.157894736842105
manifoldcf-2.6(9).csv,0.9248269040553909,0.179775280898876,0.842105263157895,0.296296296296296,0.9408425297113749,0.8954624134520279,8.565937315198111,0.36832008242341296,0.26992596989114703,1.0,0.5590284799230479,0.10526315789473699
manifoldcf-2.6(10).csv,0.923837784371909,0.17777777777777803,0.842105263157895,0.29357798165137605,0.9396752971137521,0.894287833827893,8.45964912280702,0.36598623736735203,0.27438098088479,1.0,0.560537598854463,0.10526315789473699
manifoldcf-2.6(11).csv,0.9258160237388721,0.18181818181818202,0.842105263157895,0.299065420560748,0.9111576825127329,0.8966369930761621,8.67464114832536,0.37069179039965006,0.264803058996533,1.0,0.534806062162856,0.10526315789473699
manifoldcf-2.7(1).csv,0.9,0.0660377358490566,0.7777777777777779,0.121739130434783,0.9590409590409592,0.8650636492220649,6.410901467505241,0.208157486626607,0.323736339552467,1.0,0.6277813767261871,0.33333333333333304
manifoldcf-2.7(2).csv,0.9267326732673271,0.0886075949367089,0.7777777777777779,0.15909090909090898,0.9294039294039291,0.8994342291371991,8.94374120956399,0.247037080057661,0.36968178369715204,1.0,0.6557970497501511,0.33333333333333304
manifoldcf-2.7(3).csv,0.925742574257426,0.0875,0.7777777777777779,0.157303370786517,0.953157953157953,0.898161244695898,8.81944444444444,0.24527256003682102,0.33001008668599396,1.0,0.679947975377485,0.555555555555556
manifoldcf-2.7(4).csv,0.933663366336634,0.0972222222222222,0.7777777777777779,0.17283950617284,0.9507159507159508,0.908345120226308,9.91049382716049,0.26035405151643,0.158591745091121,0.2,0.635259737850695,0.33333333333333304
manifoldcf-2.7(5).csv,0.933663366336634,0.0972222222222222,0.7777777777777779,0.17283950617284,0.9512709512709508,0.908345120226308,9.91049382716049,0.26035405151643,0.160586806550213,0.2,0.629808995722166,0.33333333333333304
manifoldcf-2.7(6).csv,0.9188118811881191,0.0804597701149425,0.7777777777777779,0.145833333333333,0.958485958485958,0.8892503536067891,8.02937420178799,0.233746270383001,0.228208764398695,0.25,0.6335367611176589,0.222222222222222
manifoldcf-2.7(7).csv,0.915841584158416,0.0777777777777778,0.7777777777777779,0.141414141414141,0.94982794982795,0.885431400282885,7.728395061728389,0.22920330273237602,0.221981421523045,0.2,0.602747202570696,0.33333333333333304
manifoldcf-2.7(8).csv,0.9079207920792081,0.0714285714285714,0.7777777777777779,0.130841121495327,0.9587079587079591,0.875247524752475,7.015873015873019,0.218072827473012,0.33255788092744604,1.0,0.6281288258644849,0.222222222222222
manifoldcf-2.7(9).csv,0.934653465346535,0.0985915492957746,0.7777777777777779,0.175,0.907203907203907,0.90961810466761,10.064162754303599,0.26240870961947893,0.315181294725019,1.0,0.628772355890654,0.33333333333333304
manifoldcf-2.7(10).csv,0.9188118811881191,0.0804597701149425,0.7777777777777779,0.145833333333333,0.9186369186369191,0.8892503536067891,8.02937420178799,0.233746270383001,0.31666844946832595,1.0,0.6297676157426559,0.222222222222222
manifoldcf-2.7(11).csv,0.9188118811881191,0.0804597701149425,0.7777777777777779,0.145833333333333,0.91952491952492,0.8892503536067891,8.02937420178799,0.233746270383001,0.319670151450206,1.0,0.6292032784358941,0.222222222222222
manifoldcf-2.7(12).csv,0.9188118811881191,0.0804597701149425,0.7777777777777779,0.145833333333333,0.9257409257409259,0.8892503536067891,8.02937420178799,0.233746270383001,0.30088592763978006,1.0,0.641147823555767,0.222222222222222
manifoldcf-2.8(1).csv,0.9326829268292679,0.0821917808219178,0.75,0.148148148148148,0.9412487708947891,0.9050406504065039,9.53082191780822,0.234076506841349,0.27229480113403803,1.0,0.595830083062335,0.25
manifoldcf-2.8(2).csv,0.9190243902439019,0.0689655172413793,0.75,0.126315789473684,0.9544001966568341,0.8868292682926829,7.83620689655172,0.21166478907915698,0.286717720685112,1.0,0.6434203604074,0.375
manifoldcf-2.8(3).csv,0.9151219512195121,0.0659340659340659,0.75,0.12121212121212101,0.9426007866273349,0.8816260162601629,7.447802197802201,0.20618634923260898,0.322443599814289,1.0,0.6583125828671209,0.25
manifoldcf-2.8(4).csv,0.920975609756098,0.0705882352941176,0.75,0.129032258064516,0.955998033431662,0.889430894308943,8.04411764705882,0.214540094073129,0.184623305214554,0.25,0.66747696678532,0.5
manifoldcf-2.8(5).csv,0.91609756097561,0.0666666666666667,0.75,0.12244897959183698,0.954646017699115,0.8829268292682929,7.54166666666667,0.207523507671372,0.192507442444744,0.33333333333333304,0.634453950528575,0.375
manifoldcf-2.8(6).csv,0.91609756097561,0.0666666666666667,0.75,0.12244897959183698,0.9547689282202559,0.8829268292682929,7.54166666666667,0.207523507671372,0.19548233363022302,0.33333333333333304,0.630368271150292,0.375
manifoldcf-2.8(7).csv,0.9131707317073171,0.0645161290322581,0.75,0.118811881188119,0.944198623402163,0.8790243902439019,7.26612903225806,0.20357345195679102,0.105116366746423,0.1,0.577629091299159,0.125
manifoldcf-2.8(8).csv,0.902439024390244,0.0576923076923077,0.75,0.107142857142857,0.949237954768928,0.864715447154472,6.391826923076921,0.19050061334541898,0.19427895634537,0.5,0.579745283919223,0.25
manifoldcf-2.8(9).csv,0.905365853658537,0.0679611650485437,0.875,0.126126126126126,0.951204523107178,0.885156794425087,7.70752427184466,0.22848230420422,0.19253682999493105,0.33333333333333304,0.586795841440936,0.25
manifoldcf-2.8(10).csv,0.924878048780488,0.0740740740740741,0.75,0.134831460674157,0.922074729596853,0.894634146341463,8.49074074074074,0.220590400661786,0.256742039699767,1.0,0.596487893217062,0.25
manifoldcf-2.8(11).csv,0.9151219512195121,0.0659340659340659,0.75,0.12121212121212101,0.924901671583088,0.8816260162601629,7.447802197802201,0.20618634923260898,0.265413881406746,1.0,0.6059945908129,0.25
manifoldcf-2.8(12).csv,0.9151219512195121,0.0659340659340659,0.75,0.12121212121212101,0.9253933136676501,0.8816260162601629,7.447802197802201,0.20618634923260898,0.275544321142449,1.0,0.610343709749551,0.25
manifoldcf-2.8(13).csv,0.910243902439024,0.0625,0.75,0.115384615384615,0.9489921337266469,0.8751219512195121,7.0078125,0.19979966234817498,0.255502495996061,1.0,0.5894057860476409,0.25
nutch-1.3(1).csv,0.8162393162393159,0.27450980392156893,0.7,0.394366197183099,0.882710280373832,0.688644688644689,2.2117647058823504,0.356949335567043,0.5046136723954721,1.0,0.6729505226854899,0.3
nutch-1.4(1).csv,0.7777777777777779,0.20754716981132101,0.523809523809524,0.297297297297297,0.8215962441314549,0.567599067599068,1.3126684636118602,0.223035269156602,0.327241727198008,0.5,0.5101731150529141,0.23809523809523803
nutch-1.4(2).csv,0.8205128205128199,0.28571428571428603,0.666666666666667,0.4,0.827185334227588,0.685897435897436,2.18367346938776,0.35287404769149294,0.32342470891575104,0.25,0.551764842761503,0.23809523809523803
nutch-1.5(1).csv,0.73728813559322,0.214285714285714,0.681818181818182,0.326086956521739,0.832837723024639,0.564971751412429,1.2987012987013,0.27040125600074305,0.34983519861966,0.5,0.600769989772517,0.272727272727273
nutch-1.5(2).csv,0.7711864406779659,0.25,0.7272727272727271,0.37209302325581395,0.8428207306711981,0.6271186440677969,1.6818181818181799,0.32893437431763395,0.35910979778105995,1.0,0.558783244950462,0.18181818181818202
nutch-1.5(3).csv,0.7796610169491529,0.23214285714285698,0.590909090909091,0.33333333333333304,0.830926083262532,0.598435462842242,1.49025974025974,0.26651655057802,0.374577458521628,0.5,0.531274921041131,0.272727272727273
nutch-1.6(1).csv,0.7226890756302521,0.215189873417722,0.80952380952381,0.34,0.847926267281106,0.589965397923875,1.43881856540084,0.315501041266602,0.439526434634791,1.0,0.6255813417528979,0.33333333333333304
nutch-1.6(2).csv,0.710084033613445,0.19230769230769199,0.7142857142857142,0.303030303030303,0.846170726355058,0.5411764705882349,1.17948717948718,0.256188903628615,0.43063361705544606,1.0,0.613754004286603,0.33333333333333304
nutch-1.6(3).csv,0.7352941176470591,0.208333333333333,0.7142857142857142,0.32258064516129,0.852315119596226,0.576470588235294,1.36111111111111,0.27885957677199397,0.431586537211886,1.0,0.619928095688046,0.33333333333333304
nutch-1.6(4).csv,0.773109243697479,0.22950819672131098,0.666666666666667,0.34146341463414603,0.857801184990125,0.6155462184873951,1.60109289617486,0.292398133082657,0.438983791793568,1.0,0.5997603189601529,0.33333333333333304
nutch-1.7(1).csv,0.695473251028807,0.15294117647058803,0.866666666666667,0.26,0.8763157894736842,0.59639126305793,1.47764705882353,0.277990426023016,0.41175188380686206,1.0,0.6842984116559111,0.4
nutch-1.7(2).csv,0.695473251028807,0.15294117647058803,0.866666666666667,0.26,0.8736842105263158,0.59639126305793,1.47764705882353,0.277990426023016,0.466973746809332,1.0,0.6922107011081539,0.4
nutch-1.7(3).csv,0.703703703703704,0.156626506024096,0.866666666666667,0.26530612244898005,0.8736842105263158,0.6058879392212729,1.53734939759036,0.28400752220606,0.464141075006795,1.0,0.6941345584886719,0.4
nutch-1.7(4).csv,0.7078189300411519,0.158536585365854,0.866666666666667,0.26804123711340194,0.878070175438596,0.610636277302944,1.56829268292683,0.287077602367607,0.447766665542653,1.0,0.6664322514088149,0.4
nutch-1.7(5).csv,0.7325102880658442,0.171052631578947,0.866666666666667,0.28571428571428603,0.875438596491228,0.639126305792972,1.77105263157895,0.306449018130675,0.4479668666070721,1.0,0.661775958908141,0.4
nutch-1.10(1).csv,0.6715867158671589,0.0842105263157895,0.8,0.152380952380952,0.8019157088122609,0.561808118081181,1.2821052631578898,0.184377914379691,0.14339228787567002,0.111111111111111,0.592197137875145,0.4
nutch-1.10(2).csv,0.701107011070111,0.101123595505618,0.9,0.18181818181818202,0.8022988505747131,0.63509635096351,1.74044943820225,0.23823220298515901,0.13336798210745698,0.0909090909090909,0.5879915196300589,0.3
nutch-1.10(3).csv,0.74169741697417,0.0945945945945946,0.7,0.166666666666667,0.8045977011494251,0.609910384818134,1.5635135135135099,0.187570325616947,0.14035845254643697,0.0909090909090909,0.5889132989714481,0.2
nutch-1.10(4).csv,0.7306273062730629,0.08,0.6,0.141176470588235,0.786206896551724,0.538745387453875,1.168,0.14142467361234,0.119004528352703,0.1,0.5611831037846721,0.1
nutch-1.10(5).csv,0.7121771217712181,0.075,0.6,0.133333333333333,0.7678160919540229,0.5079950799508001,1.0325,0.130797100452689,0.11377200532053801,0.0909090909090909,0.5266279007243649,0.2
nutch-1.10(6).csv,0.686346863468635,0.0689655172413793,0.6,0.12371134020618599,0.768582375478927,0.464944649446494,0.868965517241379,0.11695882699884301,0.125147423097765,0.166666666666667,0.542536275857831,0.3
nutch-1.10(7).csv,0.697416974169742,0.0609756097560976,0.5,0.10869565217391301,0.765900383141762,0.394833948339483,0.652439024390244,0.0841193096908387,0.117820906919131,0.111111111111111,0.544564190408886,0.2
nutch-1.10(8).csv,0.74169741697417,0.0833333333333333,0.6,0.146341463414634,0.8141762452107281,0.55719557195572,1.25833333333333,0.148154605903524,0.163353491609224,0.14285714285714302,0.618717497676348,0.4
nutch-1.10(9).csv,0.7306273062730629,0.08,0.6,0.141176470588235,0.8099616858237549,0.538745387453875,1.168,0.14142467361234,0.18593896988860298,0.166666666666667,0.6001321217055989,0.4
nutch-1.11(1).csv,0.919137466307278,0.111111111111111,0.33333333333333304,0.166666666666667,0.8603437691835479,0.7816711590296501,3.58024691358025,0.15815488447638001,0.221573922194613,0.5,0.6532400279916021,0.33333333333333304
nutch-1.11(2).csv,0.8463611859838269,0.1,0.666666666666667,0.17391304347826098,0.837016574585635,0.757412398921833,3.1222222222222205,0.216235109526935,0.227722700038807,0.5,0.645003498950315,0.33333333333333304
nutch-1.11(3).csv,0.84366576819407,0.0983606557377049,0.666666666666667,0.17142857142857096,0.837630448127686,0.753369272237197,3.05464480874317,0.213654359211239,0.222995262391547,0.5,0.645566829951015,0.33333333333333304
nutch-1.11(4).csv,0.8463611859838269,0.1,0.666666666666667,0.17391304347826098,0.837937384898711,0.757412398921833,3.1222222222222205,0.216235109526935,0.22534790996001602,0.5,0.642939118264521,0.33333333333333304
nutch-1.11(5).csv,0.808625336927224,0.0810810810810811,0.666666666666667,0.14457831325301201,0.8176795580110501,0.700808625336927,2.3423423423423397,0.184355022492651,0.136780231263085,0.33333333333333304,0.5907312806158149,0.33333333333333304
nutch-1.11(6).csv,0.7978436657681941,0.0657894736842105,0.555555555555556,0.11764705882352902,0.8112338858195209,0.631266846361186,1.7119883040935702,0.137013560089535,0.134914090602984,0.166666666666667,0.590227431770469,0.33333333333333304
nutch-1.11(7).csv,0.787061994609164,0.0731707317073171,0.666666666666667,0.13186813186813198,0.828115408225905,0.668463611859838,2.01626016260163,0.169344674507538,0.23117112212696,1.0,0.6150034989503149,0.33333333333333304
nutch-1.11(8).csv,0.754716981132076,0.0543478260869565,0.555555555555556,0.099009900990099,0.820135052179251,0.553638814016173,1.24033816425121,0.112304947277727,0.135571017817395,0.33333333333333304,0.5767319804058779,0.33333333333333304
nutch-1.11(9).csv,0.7816711590296501,0.0609756097560976,0.555555555555556,0.10989010989011001,0.8118477593615709,0.602156334231806,1.51355013550135,0.127122312785565,0.171950439629526,0.5,0.6079286214135761,0.444444444444444
nutch-1.11(10).csv,0.784366576819407,0.0617283950617284,0.555555555555556,0.111111111111111,0.814610190300798,0.607008086253369,1.54458161865569,0.128712682680678,0.131414990264319,0.166666666666667,0.5854093771868439,0.33333333333333304
nutch-1.12(1).csv,0.9043927648578809,0.25,0.47368421052631604,0.327272727272727,0.88887299771167,0.803617571059432,4.09210526315789,0.297781271535676,0.37814803902157107,1.0,0.693422797511606,0.368421052631579
nutch-1.12(2).csv,0.886304909560723,0.222222222222222,0.526315789473684,0.3125,0.894879862700229,0.7790697674418611,3.52631578947368,0.290647971825775,0.399341973671318,1.0,0.7046971996479119,0.47368421052631604
nutch-1.12(3).csv,0.8708010335917309,0.228070175438596,0.6842105263157889,0.34210526315789497,0.8747139588100691,0.784734645199761,3.6454293628808903,0.344256410721582,0.345544943977884,0.5,0.692970302098489,0.368421052631579
nutch-1.12(4).csv,0.873385012919897,0.24137931034482799,0.736842105263158,0.36363636363636404,0.8878718535469109,0.7966039128829829,3.91651542649728,0.37365326409372096,0.36331778704700796,1.0,0.706449380791405,0.368421052631579
nutch-1.12(5).csv,0.8552971576227391,0.206349206349206,0.6842105263157889,0.31707317073170693,0.8850114416475972,0.762075134168157,3.2030075187969906,0.32092874581260605,0.311490292398516,0.5,0.6962170392597571,0.368421052631579
nutch-1.12(6).csv,0.8397932816537471,0.18840579710144897,0.6842105263157889,0.29545454545454497,0.865989702517162,0.7394156231365531,2.83752860411899,0.30033374027106896,0.27042360598415804,0.5,0.6770636020286329,0.315789473684211
nutch-1.12(7).csv,0.803617571059432,0.164705882352941,0.736842105263158,0.269230769230769,0.868993135011442,0.701919527500923,2.35479876160991,0.28386554453228496,0.271385187731449,0.33333333333333304,0.6629355061920861,0.315789473684211
nutch-1.12(8).csv,0.8113695090439279,0.17073170731707302,0.736842105263158,0.277227722772277,0.8721395881006859,0.7124400147655959,2.47753530166881,0.29189707896472605,0.304743530020286,1.0,0.67178558983768,0.315789473684211
nutch-1.12(9).csv,0.8165374677002579,0.166666666666667,0.6842105263157889,0.26804123711340194,0.870280320366133,0.705426356589147,2.3947368421052597,0.273387559729327,0.296086683019146,1.0,0.668317559299194,0.315789473684211
nutch-1.12(10).csv,0.8191214470284242,0.168831168831169,0.6842105263157889,0.27083333333333304,0.870852402745995,0.7092029417610809,2.4388243335611803,0.276183625518944,0.305496117165296,1.0,0.668732071520698,0.315789473684211
nutch-1.12(11).csv,0.8087855297157621,0.168674698795181,0.736842105263158,0.27450980392156893,0.873855835240275,0.7089331856773721,2.43563728598605,0.28917967104607106,0.298827308520688,0.5,0.674778004759459,0.315789473684211
nutch-2.0(1).csv,0.848049281314168,0.14285714285714302,0.578947368421053,0.229166666666667,0.862348178137652,0.726899383983573,2.6616541353383503,0.23241220402055499,0.184053093142717,0.5,0.67094318261414,0.263157894736842
nutch-2.0(2).csv,0.794661190965092,0.121495327102804,0.6842105263157889,0.206349206349206,0.839518668466037,0.67888169325541,2.11411706837186,0.226038802056667,0.14167698726472902,0.25,0.619004598624558,0.21052631578947398
nutch-2.0(3).csv,0.763860369609856,0.10655737704917999,0.6842105263157889,0.18439716312056698,0.8399685110211429,0.6338651081977571,1.7312338222605699,0.201670829752228,0.131043741583699,0.166666666666667,0.612829261947204,0.21052631578947398
nutch-2.0(4).csv,0.757700205338809,0.110236220472441,0.736842105263158,0.19178082191780801,0.8460413855150699,0.6460838955705489,1.82552838789888,0.21847063695414604,0.141650635533079,0.2,0.6338125413654639,0.21052631578947398
nutch-2.0(5).csv,0.7720739219712529,0.110169491525424,0.6842105263157889,0.18978102189781,0.840305892937472,0.645869530879798,1.82381801962533,0.207808447010297,0.134888262734576,0.111111111111111,0.619795098898303,0.21052631578947398
nutch-2.0(6).csv,0.804928131416838,0.134615384615385,0.736842105263158,0.227642276422764,0.839856050382366,0.7101789381050161,2.4504048582996,0.257281762061821,0.137914702056264,0.125,0.6000240151981899,0.263157894736842
nutch-2.1(1).csv,0.860759493670886,0.292682926829268,0.75,0.421052631578947,0.892816742081448,0.769338959212377,3.33536585365854,0.4104603635350879,0.4206904038450471,1.0,0.7405798740715609,0.4375
nutch-2.1(2).csv,0.839662447257384,0.260869565217391,0.75,0.387096774193548,0.871606334841629,0.741209563994374,2.8641304347826098,0.37819769611564,0.37971787935452705,1.0,0.682754590355541,0.3125
nutch-2.1(3).csv,0.8143459915611809,0.208333333333333,0.625,0.3125,0.858880090497738,0.6759493670886079,2.0859375,0.282849140125638,0.330500845473756,1.0,0.644165441315085,0.25
nutch-2.1(4).csv,0.784810126582278,0.203389830508475,0.75,0.32,0.862273755656109,0.668073136427567,2.01271186440678,0.311789485824592,0.341474941082024,1.0,0.6547034649172421,0.25
nutch-2.1(5).csv,0.7805907172995781,0.18965517241379298,0.6875,0.297297297297297,0.8619909502262441,0.64403528960491,1.8092672413793103,0.277111185122943,0.34018331780019395,1.0,0.6550088602345129,0.25
nutch-2.1(6).csv,0.8059071729957809,0.2,0.625,0.303030303030303,0.8597285067873299,0.662447257383966,1.9625,0.273047194618488,0.34094132633219304,1.0,0.6584662368510351,0.25
nutch-2.1(7).csv,0.810126582278481,0.204081632653061,0.625,0.307692307692308,0.8585972850678728,0.669198312236287,2.02295918367347,0.27788819007882,0.287232773614662,0.5,0.644203144440674,0.25
nutch-2.2(1).csv,0.805785123966942,0.25454545454545496,0.7,0.3733333333333329,0.865990990990991,0.675324675324675,2.08,0.3385808469643661,0.39367267476323403,1.0,0.6978747965689699,0.4
nutch-2.2(2).csv,0.8347107438016529,0.29166666666666696,0.7,0.411764705882353,0.877702702702703,0.7166469893742621,2.52916666666667,0.377603241404598,0.41405577840812197,1.0,0.706726091833304,0.35
nutch-2.2(3).csv,0.8264462809917359,0.28,0.7,0.4,0.8754504504504499,0.704840613931523,2.388,0.365769274491669,0.44955269921420904,1.0,0.6878363864103609,0.45
nutch-2.2(4).csv,0.818181818181818,0.269230769230769,0.7,0.38888888888888895,0.868468468468468,0.693034238488784,2.25769230769231,0.354509710197765,0.41780007985041295,1.0,0.67366538831153,0.3
nutch-2.2(5).csv,0.8016528925619829,0.25,0.7,0.368421052631579,0.8668918918918921,0.669421487603306,2.025,0.333504024881307,0.423044572397734,1.0,0.6792945145771159,0.3
nutch-2.2(6).csv,0.78099173553719,0.22950819672131098,0.7,0.34567901234567894,0.864414414414414,0.639905548996458,1.7770491803278703,0.309644655092295,0.415508681538423,1.0,0.6621512664046479,0.25
nutch-2.2(7).csv,0.7851239669421491,0.224137931034483,0.65,0.33333333333333304,0.860585585585586,0.631277813095995,1.7120689655172399,0.28851264403429,0.41517251991212706,1.0,0.652538313463787,0.25
nutch-2.2(8).csv,0.8305785123966941,0.294117647058824,0.75,0.422535211267606,0.878378378378378,0.71900826446281,2.5588235294117596,0.39686906737956107,0.377011556399239,1.0,0.669696437762749,0.3
systemml-0.11(1).csv,0.886339937434828,0.357798165137615,0.5,0.41711229946524103,0.8504249250560258,0.7726798748696558,3.39908256880734,0.36218031959684,0.48864917208487396,1.0,0.509466122302375,0.19230769230769199
systemml-0.12(1).csv,0.8933474128827881,0.3529411764705879,0.5070422535211271,0.416184971098266,0.8473615666602349,0.787574797606477,3.7075393537696804,0.366720022195088,0.4617997257783689,1.0,0.512314822915741,0.19718309859154898
systemml-0.12(2).csv,0.9218585005279829,0.469387755102041,0.323943661971831,0.3833333333333329,0.7875024117306579,0.8402736329828749,5.2607070997413095,0.34984938533868,0.40063287195360603,1.0,0.532638784905658,0.23943661971831
systemml-0.13(1).csv,0.9007314524555899,0.340659340659341,0.46969696969697,0.394904458598726,0.8381712750399621,0.797552836484983,3.93956043956044,0.347570279860797,0.427131637028844,1.0,0.517295744905753,0.196969696969697
systemml-0.13(2).csv,0.9258098223615471,0.42857142857142894,0.22727272727272702,0.297029702970297,0.81053804033602,0.839080459770115,5.21428571428571,0.276500869814266,0.37589387487371795,1.0,0.54608521893571,0.22727272727272702
systemml-0.13(3).csv,0.915360501567398,0.3529411764705879,0.272727272727273,0.307692307692308,0.791891983811176,0.8045977011494251,4.11764705882353,0.265890746666791,0.36402502536540904,1.0,0.5359032348414771,0.24242424242424201
tika-0.9(1).csv,0.776190476190476,0.37931034482758597,0.666666666666667,0.4835164835164829,0.8246019517205959,0.5857142857142861,1.41379310344828,0.37709293725919896,0.483255403092023,1.0,0.628224709448011,0.24242424242424201
tika-0.10(1).csv,0.643137254901961,0.20754716981132101,0.7586206896551719,0.325925925925926,0.7711321330485201,0.45204991087344,0.8249837345478199,0.249258492351182,0.320403142499699,0.5,0.5647106576474611,0.27586206896551696
tika-0.10(2).csv,0.6627450980392161,0.21782178217821804,0.7586206896551719,0.33846153846153804,0.7731156545621001,0.477896613190731,0.915329463980881,0.265535473774784,0.32981686980589303,1.0,0.557009285633821,0.31034482758620696
tika-1.0(1).csv,0.699604743083004,0.21590909090909102,0.7307692307692311,0.33333333333333304,0.785327007793968,0.5240274599542329,1.10096153846154,0.27211047267877503,0.339285132875226,0.5,0.565251869840467,0.19230769230769199
tika-1.0(2).csv,0.683794466403162,0.212765957446809,0.7692307692307689,0.33333333333333304,0.7921043713995258,0.51699604743083,1.07037643207856,0.27853235305046303,0.35514713260102004,0.5,0.569901511276094,0.307692307692308
tika-1.0(3).csv,0.675889328063241,0.20212765957446802,0.7307692307692311,0.316666666666667,0.7838021009827181,0.49157478676929495,0.966857610474632,0.251594782208809,0.298790618909842,0.5,0.562072237742157,0.269230769230769
tika-1.2(1).csv,0.7364864864864871,0.206896551724138,0.666666666666667,0.315789473684211,0.7777089357015009,0.559121621621622,1.26819923371648,0.25922668837377305,0.292004604693676,1.0,0.571940826180339,0.222222222222222
tika-1.2(2).csv,0.7162162162162159,0.206185567010309,0.7407407407407409,0.32258064516129,0.801321767864519,0.557601351351351,1.2604047346315401,0.27878865517073104,0.41611837461650103,1.0,0.608076484497479,0.296296296296296
tika-1.2(3).csv,0.692567567567568,0.203703703703704,0.8148148148148149,0.325925925925926,0.805176924136032,0.552211302211302,1.2331961591220901,0.29612212591783804,0.427353805508848,1.0,0.6109325936860289,0.296296296296296
tika-1.2(4).csv,0.6858108108108111,0.2,0.8148148148148149,0.32116788321167894,0.8057276607462479,0.5439189189189191,1.1925925925925902,0.290561266657268,0.429095018471353,1.0,0.608555810144301,0.33333333333333304
tika-1.3(1).csv,0.82,0.241935483870968,0.681818181818182,0.3571428571428571,0.866088947024199,0.6968888888888891,2.2991202346041097,0.330109476881379,0.37181834893179605,1.0,0.6772228854604889,0.272727272727273
tika-1.3(2).csv,0.8,0.236111111111111,0.7727272727272729,0.361702127659574,0.8644538914323091,0.6894117647058821,2.21969696969697,0.350898455232229,0.385052437148338,1.0,0.6796087037299331,0.31818181818181795
tika-1.3(3).csv,0.763333333333333,0.211764705882353,0.818181818181818,0.33644859813084105,0.877207325049052,0.653703703703704,1.8877005347593603,0.333896813315813,0.467110366144307,1.0,0.6910558487497911,0.272727272727273
tika-1.3(4).csv,0.75,0.20879120879120897,0.8636363636363641,0.33628318584070804,0.8855461085676909,0.648771929824561,1.84715284715285,0.34287777006613,0.4995366338720279,1.0,0.70958319000642,0.36363636363636404
tika-1.3(5).csv,0.77,0.216867469879518,0.818181818181818,0.34285714285714297,0.878351863963375,0.661851851851852,1.9572836801752498,0.340527270006842,0.487668046688254,1.0,0.690555507524433,0.31818181818181795
tika-1.4(1).csv,0.837662337662338,0.27586206896551696,0.666666666666667,0.390243902439024,0.869571596244131,0.717532467532468,2.54022988505747,0.355683291501025,0.469281001032414,1.0,0.645895508323049,0.29166666666666696
tika-1.4(2).csv,0.8279220779220781,0.26984126984127,0.708333333333333,0.390804597701149,0.869718309859155,0.7112299465240641,2.46296296296296,0.363071002625263,0.45166951480920503,1.0,0.6641247646159371,0.29166666666666696
tika-1.4(3).csv,0.8051948051948051,0.25,0.75,0.375,0.8755868544600941,0.688311688311688,2.2083333333333304,0.354585788496488,0.47488181200247703,1.0,0.6870149941082281,0.29166666666666696
tika-1.4(4).csv,0.7857142857142858,0.2375,0.791666666666667,0.365384615384615,0.875293427230047,0.671907040328093,2.0479166666666697,0.3526438394439,0.478247719327788,1.0,0.68727065930482,0.29166666666666696
tika-1.4(5).csv,0.8051948051948051,0.263157894736842,0.833333333333333,0.4,0.881455399061033,0.7038961038961039,2.3771929824561404,0.39552477674027897,0.516849240348169,1.0,0.70602927366501,0.4166666666666671
tika-1.4(6).csv,0.814935064935065,0.260869565217391,0.75,0.387096774193548,0.8901115023474179,0.701298701298701,2.34782608695652,0.366722848676323,0.49082015962136,1.0,0.728668754599106,0.4166666666666671
tika-1.9(1).csv,0.8259911894273131,0.164705882352941,0.6363636363636359,0.261682242990654,0.838699494949495,0.705789804908748,2.3989304812834202,0.259826479843002,0.26870303272079604,0.33333333333333304,0.606442916067419,0.272727272727273
tika-1.9(2).csv,0.7885462555066078,0.137254901960784,0.6363636363636359,0.22580645161290303,0.823442760942761,0.6469477658904971,1.83244206773619,0.222601698897095,0.250225382138242,1.0,0.6160166317798,0.31818181818181795
tika-1.9(3).csv,0.7819383259911891,0.133333333333333,0.6363636363636359,0.220472440944882,0.8238636363636359,0.6365638766519821,1.7515151515151497,0.216803007072225,0.25677469400139996,1.0,0.61838276826102,0.31818181818181795
tika-1.9(4).csv,0.770925110132159,0.133928571428571,0.681818181818182,0.223880597014925,0.825021043771044,0.638179148311307,1.7637987012987,0.22777939956638898,0.257494839497379,1.0,0.6194448004328821,0.36363636363636404
tika-1.9(5).csv,0.7775330396475769,0.130841121495327,0.6363636363636359,0.21705426356589103,0.814078282828283,0.629641283826306,1.7000849617672,0.213042987824834,0.240452039058665,1.0,0.62042495526412,0.272727272727273
tika-1.9(6).csv,0.7599118942731279,0.12820512820512803,0.681818181818182,0.215827338129496,0.8257575757575759,0.622026431718062,1.64568764568765,0.21882395154818401,0.228903633287001,0.33333333333333304,0.608162340220523,0.272727272727273
tika-1.9(7).csv,0.779735682819383,0.132075471698113,0.6363636363636359,0.21875,0.847748316498317,0.633102580239144,1.72555746140652,0.214912761005214,0.344378999711705,1.0,0.6527119199168411,0.409090909090909
