relName,AvgWMC,CCMax,CDE,CIE,NTM,SDMC,WMC,AvgSLOC,NA.,NAIMP,NCM,NIM,NLM,NM,NMIMP,NMNpub,Nmpub,NumPara,loc,stms,AID,CLD,DIT,DP,DPA,DPD,NMA,NMI,NMO,NOA,NOC,NOD,NOP,PII,SIX,SP,SPA,SPD,CBO,DAC,DACquote,ICP,IHICP,NIHICP,bug,bugDensity,type
alluxio/src/main/java/org/apache/zeppelin/alluxio/AlluxioInterpreter.java,1.9166666666666698,5,5.00469680832383,5.5010595200877095,7,1.32024829314624,23,13.0,14,9,0,12,12,30,12,4,8,14,188,121,1,0,1,6,6,0,6,18,6,1,0,0,1,0.28174603174603197,0.2,1,1,0,5,7,4,8,2,6,1,0.005319148936170213,IL
alluxio/src/test/java/org/apache/zeppelin/alluxio/AlluxioInterpreterTest.java,1.03571428571429,2,4.38326923538912,6.31273372651546,27,0.18557687223952302,29,11.214285714285701,4,4,0,28,28,28,28,3,25,5,344,229,0,0,0,0,0,0,28,0,0,0,0,0,0,0.0,0.0,0,0,0,3,3,3,115,0,115,1,0.0029069767441860465,IL
angular/src/main/java/org/apache/zeppelin/angular/AngularInterpreter.java,1.0,1,4.326706577630509,4.92603742902008,9,0.0,9,2.77777777777778,5,0,0,9,9,25,9,0,9,7,38,17,1,0,1,8,8,0,1,16,8,1,0,0,1,0.277777777777778,0.32,0,0,0,7,0,0,10,2,8,0,0.0,NON
cassandra/src/main/java/org/apache/zeppelin/cassandra/CassandraInterpreter.java,1.1,2,5.590546872162711,6.05416582784054,9,0.3,11,6.1,79,74,0,10,10,25,10,0,10,7,271,108,1,0,1,9,9,0,1,15,9,1,0,0,1,0.282407407407407,0.36,0,0,0,6,74,7,22,17,5,0,0.0,NON
cassandra/src/main/java/org/apache/zeppelin/cassandra/ParsingException.java,1.0,1,1.92192809488736,1.5,1,0.0,1,3.0,0,0,0,1,1,1,1,0,1,1,5,3,1,0,1,0,0,0,1,0,0,1,0,0,1,0.0833333333333333,0.0,0,0,0,0,0,0,0,0,0,0,0.0,NON
cassandra/src/test/java/org/apache/zeppelin/cassandra/CassandraInterpreterTest.java,1.05,3,4.5489920905899,5.59475059664448,39,0.31224989991991997,42,10.1,4,4,4,36,40,40,40,2,38,3,457,263,0,0,0,0,0,0,40,0,0,0,0,0,0,0.0,0.0,0,0,0,7,4,4,198,0,198,0,0.0,NON
cassandra/src/test/java/org/apache/zeppelin/cassandra/InterpreterLogicTest.java,1.0,1,4.75263319506584,6.19709907897094,19,0.0,19,7.84210526315789,5,5,0,19,19,19,19,2,17,2,176,123,0,0,0,0,0,0,19,0,0,0,0,0,0,0.0,0.0,0,0,0,5,5,5,33,0,33,0,0.0,NON
elasticsearch/src/main/java/org/apache/zeppelin/elasticsearch/ElasticsearchInterpreter.java,3.6666666666666696,15,5.55234548196574,6.65371241510208,4,3.7118429085533498,66,16.2222222222222,19,14,0,18,18,37,18,10,8,27,344,199,1,0,1,5,5,0,13,19,5,1,0,0,1,0.290873015873016,0.135135135135135,2,2,0,6,12,6,69,12,57,1,0.0029069767441860465,IL
elasticsearch/src/test/java/org/apache/zeppelin/elasticsearch/ElasticsearchInterpreterTest.java,1.44444444444444,4,4.38383146351019,5.120018160179599,7,0.955813918560292,13,12.1111111111111,10,10,2,7,9,9,9,0,9,0,130,79,0,0,0,0,0,0,9,0,0,0,0,0,0,0.0,0.0,0,0,0,3,9,4,100,0,100,1,0.007692307692307693,IL
file/src/main/java/org/apache/zeppelin/file/FileInterpreter.java,1.7,9,5.32127598807146,5.41183630713826,8,2.49198715887542,17,5.5,8,3,0,10,10,29,10,1,9,11,97,70,1,2,1,5,5,0,5,19,5,1,1,2,1,0.341666666666667,0.172413793103448,4,1,3,8,3,3,37,2,35,0,0.0,NON
file/src/main/java/org/apache/zeppelin/file/HDFSCommand.java,4.66666666666667,8,4.23221219626569,5.25807421326437,1,2.86744175568088,14,20.6666666666667,6,6,0,3,3,3,3,0,3,10,92,67,0,1,0,1,0,1,3,0,0,0,1,1,0,0.0,0.0,0,0,0,3,5,3,0,0,0,1,0.010869565217391304,IL
file/src/main/java/org/apache/zeppelin/file/HDFSFileInterpreter.java,3.9285714285714306,14,5.27724975607986,6.07473514918086,6,3.95446015304754,55,12.714285714285701,14,6,0,14,14,41,14,6,8,17,240,180,2,1,2,3,2,1,12,27,2,2,1,1,1,0.22811671087533197,0.0975609756097561,4,4,0,8,6,4,29,10,19,1,0.004166666666666667,NON
file/src/test/java/org/apache/zeppelin/file/HDFSFileInterpreterTest.java,5.5,8,11.634927306355697,14.7462334180406,7,1.86602540378444,13,59.0,22,2,0,9,9,45,9,0,9,9,119,76,5,0,5,2,2,0,7,36,2,5,0,0,3,1.07896825396825,0.33333333333333304,0,0,0,10,2,2,92,11,81,1,0.008403361344537815,NON
flink/src/main/java/org/apache/zeppelin/flink/FlinkInterpreter.java,2.85,14,5.70217465806466,6.88294303778545,6,2.86836190185269,57,11.75,12,7,1,19,20,37,20,9,11,15,251,183,1,0,1,7,7,0,13,17,7,1,0,0,1,0.299603174603175,0.189189189189189,1,1,0,5,7,7,26,10,16,0,0.0,NON
flink/src/test/java/org/apache/zeppelin/flink/FlinkInterpreterTest.java,1.0,1,3.653756708287,4.40325315864416,8,0.0,8,5.125,2,2,2,6,8,8,8,0,8,0,53,36,0,0,0,0,0,0,8,0,0,0,0,0,0,0.0,0.0,0,0,0,5,2,2,54,0,54,0,0.0,NON
geode/src/main/java/org/apache/zeppelin/geode/GeodeOqlInterpreter.java,2.0,7,5.66914622050035,6.14364239309724,11,1.5894388284780498,38,7.5263157894736805,20,15,0,19,19,37,19,7,12,24,177,119,1,0,1,6,6,0,13,18,6,1,0,0,1,0.349206349206349,0.162162162162162,2,2,0,7,11,5,21,8,13,0,0.0,NON
geode/src/test/java/org/apache/zeppelin/geode/GeodeOqlInterpreterTest.java,1.0,1,4.10282742609841,6.026683596103691,11,0.0,11,7.0,1,1,1,10,11,11,11,2,9,4,95,66,0,0,0,0,0,0,11,0,0,0,0,0,0,0.0,0.0,0,0,0,5,1,1,38,0,38,0,0.0,NON
hbase/src/main/java/org/apache/zeppelin/hbase/HbaseInterpreter.java,1.9,5,4.95686612432601,6.097148241192981,6,1.37477270848675,19,8.1,8,3,1,9,10,28,10,1,9,12,105,61,1,0,1,6,6,0,4,18,6,1,0,0,1,0.327777777777778,0.214285714285714,2,2,0,8,3,3,20,8,12,0,0.0,NON
hbase/src/test/java/org/apache/zeppelin/hbase/HbaseInterpreterTest.java,1.0,1,3.79465347354434,4.31440645035686,5,0.0,5,5.8,2,2,1,4,5,5,5,0,5,0,37,27,0,0,0,0,0,0,5,0,0,0,0,0,0,0.0,0.0,0,0,0,4,2,2,24,0,24,0,0.0,NON
ignite/src/main/java/org/apache/zeppelin/ignite/IgniteInterpreter.java,2.76470588235294,8,5.553086374550849,6.89181349529837,6,1.95626931156658,47,11.3529411764706,14,9,0,17,17,33,17,7,10,13,227,155,1,0,1,8,8,0,9,16,8,1,0,0,1,0.34444444444444394,0.24242424242424201,0,0,0,9,9,6,33,11,22,1,0.004405286343612335,NON
ignite/src/main/java/org/apache/zeppelin/ignite/IgniteInterpreterUtils.java,3.0,3,2.3219280948873595,3.5743577621291296,0,0.0,3,10.0,0,0,1,0,1,1,1,0,1,1,12,8,0,0,0,0,0,0,1,0,0,0,0,0,0,0.0,0.0,0,0,0,2,0,0,3,0,3,0,0.0,NON
ignite/src/main/java/org/apache/zeppelin/ignite/IgniteSqlInterpreter.java,2.44444444444444,8,5.015061012203071,5.65256668207824,5,2.16595429884644,22,10.1111111111111,11,6,0,9,9,29,9,0,9,12,117,71,1,0,1,4,4,0,5,20,4,1,0,0,1,0.36111111111111105,0.137931034482759,4,4,0,9,6,5,18,6,12,1,0.008547008547008548,NON
ignite/src/test/java/org/apache/zeppelin/ignite/IgniteInterpreterTest.java,1.0,1,3.94770277922009,5.281196548896821,4,0.0,4,8.25,4,4,0,4,4,4,4,0,4,0,44,33,0,0,0,0,0,0,4,0,0,0,0,0,0,0.0,0.0,0,0,0,5,4,4,17,0,17,0,0.0,NON
ignite/src/test/java/org/apache/zeppelin/ignite/IgniteSqlInterpreterTest.java,1.0,1,4.03740119765411,5.49783814230525,4,0.0,4,9.0,4,4,0,4,4,4,4,0,4,0,47,37,0,0,0,0,0,0,4,0,0,0,0,0,0,0.0,0.0,0,0,0,6,4,4,25,0,25,0,0.0,NON
ignite/src/test/java/org/apache/zeppelin/ignite/Person.java,1.0,1,3.11583409216322,2.45680178177503,5,0.0,5,3.2,2,2,0,5,5,5,5,0,5,4,22,14,0,0,0,0,0,0,5,0,0,0,0,0,0,0.0,0.0,0,0,0,0,1,1,0,0,0,0,0.0,NON
jdbc/src/main/java/org/apache/zeppelin/jdbc/JDBCInterpreter.java,3.2,12,5.5814366471679495,6.85896225144604,6,2.9933259094191498,64,14.25,36,31,0,20,20,39,20,4,16,25,331,243,1,0,1,5,5,0,15,19,5,1,0,0,1,0.359027777777778,0.12820512820512803,3,3,0,7,28,6,42,6,36,1,0.0030211480362537764,NON
jdbc/src/main/java/org/apache/zeppelin/jdbc/SqlCompleter.java,3.375,9,5.0534628788089195,6.074412460365259,2,2.44629822384762,27,17.125,3,3,4,4,8,8,8,2,6,20,150,97,1,0,1,0,0,0,8,0,0,1,0,0,1,0.148148148148148,0.0,0,0,0,0,3,3,0,0,0,0,0.0,NON
jdbc/src/test/java/org/apache/zeppelin/jdbc/JDBCInterpreterTest.java,1.1,2,3.81517778107656,5.224596459349691,9,0.3,11,13.0,1,1,2,8,10,10,10,1,9,0,141,113,1,0,1,0,0,0,10,0,0,1,0,0,1,0.15151515151515196,0.0,0,0,0,9,1,1,123,0,123,1,0.0070921985815602835,NON
kylin/src/main/java/org/apache/zeppelin/kylin/KylinInterpreter.java,1.6363636363636398,5,5.128608658341809,6.16774004423915,8,1.22643068756655,18,8.54545454545455,15,10,0,11,11,29,11,2,9,11,127,83,1,1,1,7,6,1,5,18,6,1,1,1,1,0.277777777777778,0.206896551724138,1,1,0,5,10,3,33,24,9,1,0.007874015748031496,NON
kylin/src/test/java/KylinInterpreterTest.java,6.0,6,19.238296620009198,19.946600874400197,29,0.0,29,18.641414141414103,15,0,0,29,29,55,29,0,29,14,122,56,3,0,3,1,1,0,28,26,1,3,0,0,2,0.6095679012345679,0.0714285714285714,0,0,0,8,0,0,11,2,9,1,0.00819672131147541,NON
lens/src/main/java/org/apache/zeppelin/lens/ExecutionDetail.java,1.0,1,3.30869496956284,3.27761343681912,4,0.0,4,3.5,3,3,0,4,4,4,4,0,4,3,19,14,0,0,0,0,0,0,4,0,0,0,0,0,0,0.0,0.0,0,0,0,0,3,3,0,0,0,0,0.0,NON
lens/src/main/java/org/apache/zeppelin/lens/LensBootstrap.java,1.0,1,2.75,3.7192945256669803,2,0.0,2,5.5,0,0,0,2,2,2,2,0,2,0,13,10,1,0,1,0,0,0,2,0,0,1,0,0,1,0.111111111111111,0.0,0,0,0,1,0,0,0,0,0,0,0.0,NON
lens/src/main/java/org/apache/zeppelin/lens/LensInterpreter.java,3.05,8,5.662989759754809,6.6611359275232696,6,2.26881026090769,61,15.35,23,18,2,18,20,39,20,10,10,27,363,240,1,1,1,6,5,1,15,19,5,1,1,1,1,0.292361111111111,0.12820512820512803,3,3,0,10,16,8,53,5,48,0,0.0,NON
lens/src/main/java/org/apache/zeppelin/lens/LensJLineShellComponent.java,1.3636363636363602,4,5.422571997035821,5.998451397796759,16,0.7100226978096958,30,5.5,14,14,0,22,22,22,22,7,15,4,143,99,1,0,1,0,0,0,22,0,0,1,0,0,1,0.159420289855072,0.0,0,0,0,1,12,7,0,0,0,0,0.0,NON
lens/src/main/java/org/apache/zeppelin/lens/LensSimpleExecutionStrategy.java,2.0,3,3.97057309581168,4.37362491854011,2,0.8944271909999159,10,9.2,1,1,0,5,5,5,5,2,3,5,49,32,0,0,0,0,0,0,5,0,0,0,0,0,0,0.0,0.0,0,0,0,0,1,1,0,0,0,0,0.0,NON
lens/src/test/java/org/apache/zeppelin/lens/LensInterpreterTest.java,1.0,1,3.83659166810898,4.18903971407372,3,0.0,3,6.33333333333333,0,0,0,3,3,3,3,0,3,0,33,22,0,0,0,0,0,0,3,0,0,0,0,0,0,0.0,0.0,0,0,0,4,0,0,9,0,9,0,0.0,NON
livy/src/main/java/org/apache/zeppelin/livy/LivyHelper.java,4.91666666666667,15,5.01169585696063,6.46288384467231,3,4.2122506520333705,59,25.5833333333333,5,5,0,12,12,12,12,6,6,31,314,191,0,0,0,0,0,0,12,0,0,0,0,0,0,0.0,0.0,0,0,0,7,5,5,51,0,51,1,0.0031847133757961785,NON
livy/src/main/java/org/apache/zeppelin/livy/LivyOutputStream.java,1.625,2,3.5240924804297205,3.0518825415487303,3,0.484122918275927,13,4.125,1,1,0,8,8,8,8,0,8,6,41,22,1,0,1,0,0,0,8,0,0,1,0,0,1,0.148148148148148,0.0,0,0,0,1,1,1,10,0,10,0,0.0,NON
livy/src/main/java/org/apache/zeppelin/livy/LivyPySparkInterpreter.java,1.44444444444444,5,4.912113890972231,5.39362695671605,8,1.25707872210942,13,5.66666666666667,8,3,0,9,9,26,9,0,9,9,73,34,1,0,1,7,7,0,2,17,7,1,0,0,1,0.30357142857142894,0.269230769230769,1,1,0,10,3,3,37,2,35,0,0.0,NON
livy/src/main/java/org/apache/zeppelin/livy/LivySparkInterpreter.java,1.3636363636363602,5,4.94207922689455,5.50953581905074,10,1.1499191491521399,15,5.36363636363636,11,6,1,10,11,28,11,1,10,10,101,43,1,0,1,7,7,0,4,17,7,1,0,0,1,0.325793650793651,0.25,1,1,0,11,6,5,44,2,42,1,0.009900990099009901,NON
livy/src/main/java/org/apache/zeppelin/livy/LivySparkRInterpreter.java,1.44444444444444,5,4.912113890972231,5.39362695671605,8,1.25707872210942,13,5.66666666666667,8,3,0,9,9,26,9,0,9,9,73,34,1,0,1,7,7,0,2,17,7,1,0,0,1,0.30357142857142894,0.269230769230769,1,1,0,10,3,3,37,2,35,0,0.0,NON
livy/src/main/java/org/apache/zeppelin/livy/LivySparkSQLInterpreter.java,2.1111111111111103,11,4.98289672784889,5.717329636786831,8,3.1426968052735496,19,9.44444444444444,9,4,0,9,9,26,9,0,9,9,111,60,1,0,1,7,7,0,2,17,7,1,0,0,1,0.30357142857142894,0.269230769230769,1,1,0,11,4,4,46,2,44,1,0.009009009009009009,NON
livy/src/main/test/org/apache/zeppelin/livy/LivyHelperTest.java,1.6666666666666698,2,4.23140184539217,4.98077274339361,1,0.471404520791032,5,14.0,4,4,0,3,3,3,3,0,3,2,55,25,0,0,0,0,0,0,3,0,0,0,0,0,0,0.0,0.0,0,0,0,5,4,4,9,0,9,0,0.0,NON
livy/src/main/test/org/apache/zeppelin/livy/LivyInterpreterTest.java,1.0,1,4.22017552146434,4.75935840043324,4,0.0,4,5.75,3,3,1,3,4,4,4,0,4,0,33,20,0,0,0,0,0,0,4,0,0,0,0,0,0,0.0,0.0,0,0,0,5,3,3,12,0,12,0,0.0,NON
markdown/src/main/java/org/apache/zeppelin/markdown/Markdown.java,1.11111111111111,2,4.69423567775942,5.34493118924466,8,0.314269680527354,10,3.44444444444444,7,2,0,9,9,26,9,0,9,8,46,25,1,0,1,7,7,0,2,17,7,1,0,0,1,0.30357142857142894,0.269230769230769,1,1,0,7,2,2,15,2,13,1,0.021739130434782608,IL
markdown/src/test/java/org/apache/zeppelin/markdown/MarkdownTest.java,1.0,1,2.94770277922009,4.05595815161512,3,0.0,3,3.6666666666666696,0,0,0,3,3,3,3,0,3,0,16,9,0,0,0,0,0,0,3,0,0,0,0,0,0,0.0,0.0,0,0,0,2,0,0,8,0,8,1,0.0625,IL
postgresql/src/main/java/org/apache/zeppelin/postgresql/PostgreSqlInterpreter.java,2.42857142857143,12,5.65472820008085,6.47575815827446,7,2.77010277566647,34,11.285714285714299,30,25,0,14,14,33,14,4,10,16,212,142,1,0,1,5,5,0,9,19,5,1,0,0,1,0.35277777777777797,0.15151515151515196,3,3,0,8,21,8,44,12,32,1,0.0047169811320754715,IL
postgresql/src/main/java/org/apache/zeppelin/postgresql/SqlCompleter.java,3.125,8,5.02956571914172,6.13175280595729,3,2.26039266500314,25,16.625,3,3,4,4,8,8,8,2,6,20,146,95,1,0,1,0,0,0,8,0,0,1,0,0,1,0.148148148148148,0.0,0,0,0,0,3,3,0,0,0,0,0.0,NON
postgresql/src/test/java/org/apache/zeppelin/postgresql/PostgreSqlInterpreterTest.java,1.0,1,3.5012716238858803,5.44320399272148,12,0.0,12,11.0,2,2,0,12,12,12,12,0,12,0,148,118,1,0,1,0,0,0,12,0,0,1,0,0,1,0.153846153846154,0.0,0,0,0,5,2,2,86,0,86,1,0.006756756756756757,IL
postgresql/src/test/java/org/apache/zeppelin/postgresql/SqlCompleterTest.java,1.0,1,5.33251051255682,4.14710783414268,8,0.0,8,6.5,4,4,0,8,8,8,8,0,8,0,127,90,1,0,1,0,0,0,8,0,0,1,0,0,1,0.148148148148148,0.0,0,0,0,2,4,4,162,0,162,0,0.0,NON
python/src/main/java/org/apache/zeppelin/python/PythonInterpreter.java,2.11764705882353,6,5.4970894923851,5.93659266898529,7,1.32320257402376,36,8.58823529411765,16,11,0,17,17,36,17,4,13,18,178,110,1,0,1,5,5,0,12,19,5,1,0,0,1,0.35662393162393197,0.138888888888889,3,3,0,10,10,7,25,4,21,1,0.0056179775280898875,NON
python/src/main/java/org/apache/zeppelin/python/PythonProcess.java,1.7142857142857097,3,4.59445640611102,5.341087253766281,3,0.699854212223765,12,9.14285714285714,8,8,0,7,7,7,7,1,6,3,74,59,0,0,0,0,0,0,7,0,0,0,0,0,0,0.0,0.0,0,0,0,0,7,7,0,0,0,1,0.013513513513513514,NON
python/src/test/java/org/apache/zeppelin/python/PythonInterpreterTest.java,2.25,4,4.51186471767534,5.713083593375161,3,1.08972473588517,18,14.125,6,6,0,8,8,8,8,2,6,9,127,92,0,0,0,0,0,0,8,0,0,0,0,0,0,0.0,0.0,0,0,0,4,6,4,49,0,49,1,0.007874015748031496,NON
r/src/main/java/org/apache/zeppelin/rinterpreter/KnitR.java,1.0,1,4.875292095685969,4.8380859643105305,19,0.0,19,3.21052631578947,6,1,0,19,19,28,19,0,19,13,85,45,1,0,1,15,15,0,4,9,15,1,0,0,1,0.497222222222222,0.535714285714286,0,0,0,5,1,1,6,6,0,0,0.0,NON
r/src/main/java/org/apache/zeppelin/rinterpreter/RRepl.java,1.0,1,4.875292095685969,4.8380859643105305,19,0.0,19,3.21052631578947,6,1,0,19,19,28,19,0,19,13,85,45,1,0,1,15,15,0,4,9,15,1,0,0,1,0.497222222222222,0.535714285714286,0,0,0,5,1,1,6,6,0,0,0.0,NON
r/src/main/java/org/apache/zeppelin/rinterpreter/RStatics.java,1.0,1,4.64824320591592,5.00621321649772,11,0.0,11,3.45454545454545,4,4,11,0,11,11,11,0,11,8,44,32,0,0,0,0,0,0,11,0,0,0,0,0,0,0.0,0.0,0,0,0,1,4,4,7,0,7,0,0.0,NON
scalding/src/main/java/org/apache/zeppelin/scalding/ScaldingInterpreter.java,2.9166666666666696,14,5.4802146950962,6.28721159306583,8,3.68461516157236,35,14.416666666666698,14,9,0,12,12,30,12,1,11,15,204,134,1,0,1,6,6,0,6,18,6,1,0,0,1,0.33730158730158694,0.2,2,2,0,8,8,5,33,2,31,0,0.0,NON
scalding/src/test/java/org/apache/zeppelin/scalding/ScaldingInterpreterTest.java,1.5,5,4.118507780461741,5.27853112528536,8,1.2041594578792298,15,6.7,3,3,0,10,10,10,10,1,9,1,81,47,0,0,0,0,0,0,10,0,0,0,0,0,0,0.0,0.0,0,0,0,9,3,3,73,0,73,0,0.0,NON
shell/src/main/java/org/apache/zeppelin/shell/ShellInterpreter.java,1.8,5,4.9438508225645705,6.18165107277632,7,1.3266499161421599,18,8.1,11,6,0,10,10,27,10,1,9,10,99,68,1,0,1,7,7,0,3,17,7,1,0,0,1,0.317460317460317,0.25925925925925897,1,1,0,7,4,2,25,4,21,1,0.010101010101010102,NON
spark/src/main/java/org/apache/zeppelin/spark/DepInterpreter.java,2.7058823529411806,6,5.609183719779191,6.801751785625299,6,1.67207887100611,46,11.117647058823499,11,6,1,16,17,34,17,5,12,14,205,142,1,0,1,7,7,0,10,17,7,1,0,0,1,0.34397546897546905,0.20588235294117604,1,1,0,10,6,6,34,10,24,0,0.0,NON
spark/src/main/java/org/apache/zeppelin/spark/PySparkInterpreter.java,3.0833333333333304,13,5.828077786886361,7.21881010794918,9,3.14797112792068,74,15.291666666666698,22,17,0,24,24,44,24,6,18,30,409,279,1,0,1,4,4,0,20,20,4,1,0,0,1,0.214285714285714,0.0909090909090909,3,3,0,15,13,10,82,10,72,1,0.0024449877750611247,NON
spark/src/main/java/org/apache/zeppelin/spark/SparkInterpreter.java,4.25,36,6.23371913148674,7.907073819540679,15,6.409086431691249,153,19.9722222222222,21,16,3,33,36,54,36,10,26,39,745,526,1,0,1,6,6,0,30,18,6,1,0,0,1,0.35573476702509,0.111111111111111,3,3,0,17,16,16,97,32,65,1,0.0013422818791946308,NON
spark/src/main/java/org/apache/zeppelin/spark/SparkOutputStream.java,1.625,2,3.5240924804297205,3.0518825415487303,3,0.484122918275927,13,4.125,1,1,0,8,8,8,8,0,8,6,41,22,1,0,1,0,0,0,8,0,0,1,0,0,1,0.148148148148148,0.0,0,0,0,1,1,1,10,0,10,1,0.024390243902439025,NON
spark/src/main/java/org/apache/zeppelin/spark/SparkRInterpreter.java,2.2727272727272703,7,4.7929820378603,6.3376708798912,7,2.00412797136805,25,10.8181818181818,8,3,0,11,11,29,11,2,9,12,132,84,1,0,1,6,6,0,5,18,6,1,0,0,1,0.33333333333333304,0.206896551724138,2,2,0,12,3,3,59,12,47,1,0.007575757575757576,NON
spark/src/main/java/org/apache/zeppelin/spark/SparkSqlInterpreter.java,1.8333333333333302,6,4.75603790731175,6.106188923067879,9,1.5723301886761,22,7.83333333333333,8,3,0,12,12,29,12,2,10,10,107,68,1,0,1,7,7,0,5,17,7,1,0,0,1,0.283730158730159,0.24137931034482799,1,1,0,12,2,2,48,13,35,0,0.0,NON
spark/src/main/java/org/apache/zeppelin/spark/SparkVersion.java,1.125,3,4.03662523347774,4.54697242200285,15,0.484122918275927,18,3.75,13,13,1,15,16,16,16,0,16,8,75,54,0,0,0,0,0,0,16,0,0,0,0,0,0,0.0,0.0,0,0,0,0,12,3,0,0,0,0,0.0,NON
spark/src/main/java/org/apache/zeppelin/spark/ZeppelinContext.java,1.6551724137931,10,4.9724155569805095,6.401804357993821,40,1.51488845768888,96,6.70689655172414,7,7,2,56,58,58,58,11,47,109,437,266,0,0,0,0,0,0,58,0,0,0,0,0,0,0.0,0.0,0,0,0,14,6,6,149,0,149,1,0.002288329519450801,NON
spark/src/main/java/org/apache/zeppelin/spark/ZeppelinR.java,1.8235294117647098,6,5.47136911779103,6.441383349375499,12,1.50431904147581,31,10.882352941176501,18,18,1,16,17,17,17,3,14,20,227,161,0,0,0,0,0,0,17,0,0,0,0,0,0,0.0,0.0,0,0,0,4,13,9,29,0,29,1,0.004405286343612335,NON
spark/src/main/java/org/apache/zeppelin/spark/ZeppelinRContext.java,1.0,1,3.53831059561501,3.4676694465277795,6,0.0,6,3.0,3,3,6,0,6,6,6,0,6,3,23,16,0,0,0,0,0,0,6,0,0,0,0,0,0,0.0,0.0,0,0,0,1,3,3,0,0,0,0,0.0,NON
spark/src/main/java/org/apache/zeppelin/spark/dep/SparkDependencyContext.java,2.44444444444444,6,4.79617687060086,6.16512208451115,5,1.89215404065849,22,11.333333333333302,9,9,0,9,9,9,9,2,7,6,113,84,0,0,0,0,0,0,9,0,0,0,0,0,0,0.0,0.0,0,0,0,4,9,4,20,0,20,1,0.008849557522123894,NON
spark/src/main/java/org/apache/zeppelin/spark/dep/SparkDependencyResolver.java,3.5384615384615397,8,4.79554909892399,6.87180796104794,2,2.2054263364356097,46,17.2307692307692,8,5,2,11,13,19,13,7,6,24,238,170,1,0,1,1,1,0,12,6,1,1,0,0,1,0.201465201465202,0.0526315789473684,0,0,0,0,5,5,6,6,0,0,0.0,NON
spark/src/test/java/org/apache/zeppelin/spark/DepInterpreterTest.java,1.8,5,4.27761343681911,5.464069646492231,4,1.6,9,10.0,4,4,0,5,5,5,5,2,3,1,59,45,0,0,0,0,0,0,5,0,0,0,0,0,0,0.0,0.0,0,0,0,12,4,4,45,0,45,0,0.0,NON
spark/src/test/java/org/apache/zeppelin/spark/SparkInterpreterTest.java,1.52941176470588,5,4.71125769474299,5.91033968362875,12,1.0356951095093498,26,8.70588235294118,5,5,2,15,17,17,17,1,16,1,169,116,0,0,0,0,0,0,17,0,0,0,0,0,0,0.0,0.0,0,0,0,11,5,5,130,0,130,1,0.005917159763313609,NON
spark/src/test/java/org/apache/zeppelin/spark/SparkSqlInterpreterTest.java,2.0,3,4.43063240949075,4.974513711076599,2,0.8164965809277259,12,18.0,5,5,0,6,6,6,6,0,6,0,120,75,0,0,0,0,0,0,6,0,0,0,0,0,0,0.0,0.0,0,0,0,14,5,5,126,0,126,1,0.008333333333333333,NON
spark/src/test/java/org/apache/zeppelin/spark/SparkVersionTest.java,1.0,1,2.12808527889139,3.4524329154833002,3,0.0,3,9.0,0,0,0,3,3,3,3,0,3,0,32,25,0,0,0,0,0,0,3,0,0,0,0,0,0,0.0,0.0,0,0,0,1,0,0,43,0,43,0,0.0,NON
spark/src/test/java/org/apache/zeppelin/spark/dep/SparkDependencyResolverTest.java,1.0,1,1.5849625007211599,3.0087646845732006,1,0.0,1,22.0,0,0,0,1,1,1,1,0,1,0,25,13,0,0,0,0,0,0,1,0,0,0,0,0,0,0.0,0.0,0,0,0,1,0,0,18,0,18,0,0.0,NON
zeppelin-interpreter/src/main/java/org/apache/zeppelin/dep/AbstractDependencyResolver.java,1.28571428571429,3,4.45914791702725,5.2136546338494405,5,0.880630571852711,9,7.857142857142861,3,3,0,7,7,7,7,0,7,14,60,40,0,1,0,2,0,2,7,0,0,0,2,2,0,0.0,0.0,0,0,0,1,3,3,5,0,5,0,0.0,NON
zeppelin-interpreter/src/main/java/org/apache/zeppelin/dep/Booter.java,1.5,3,2.94770277922009,4.36789869187301,3,0.8660254037844392,6,6.5,0,0,4,0,4,4,4,0,4,2,28,18,0,0,0,0,0,0,4,0,0,0,0,0,0,0.0,0.0,0,0,0,1,0,0,1,0,1,0,0.0,NON
zeppelin-interpreter/src/main/java/org/apache/zeppelin/dep/Dependency.java,1.22222222222222,2,3.6469666682736497,4.01467362738357,7,0.415739709641549,11,4.2222222222222205,3,3,0,9,9,9,9,0,9,3,44,31,0,0,0,0,0,0,9,0,0,0,0,0,0,0.0,0.0,0,0,0,0,2,2,0,0,0,0,0.0,NON
zeppelin-interpreter/src/main/java/org/apache/zeppelin/dep/DependencyContext.java,1.875,6,4.69748426263053,5.78827865331187,5,1.61535599791501,15,8.625,8,8,0,8,8,8,8,1,7,4,79,59,0,0,0,0,0,0,8,0,0,0,0,0,0,0.0,0.0,0,0,0,3,8,4,17,0,17,0,0.0,NON
zeppelin-interpreter/src/main/java/org/apache/zeppelin/dep/DependencyResolver.java,2.42857142857143,5,3.9495055502379195,5.77139312601462,3,1.49829835452879,17,11.5714285714286,5,2,0,7,7,13,7,1,6,13,88,62,1,0,1,1,1,0,6,6,1,1,0,0,1,0.19047619047619,0.0769230769230769,0,0,0,0,2,2,2,2,0,0,0.0,NON
zeppelin-interpreter/src/main/java/org/apache/zeppelin/dep/Repository.java,1.1,2,3.13628004575685,3.4096737496843703,9,0.3,11,4.0,5,5,0,10,10,10,10,0,10,6,47,35,0,0,0,0,0,0,10,0,0,0,0,0,0,0.0,0.0,0,0,0,0,4,1,0,0,0,0,0.0,IL
zeppelin-interpreter/src/main/java/org/apache/zeppelin/dep/RepositoryListener.java,1.0,1,3.44246050810239,3.42092090063236,18,0.0,18,2.94444444444444,1,1,0,18,18,18,18,0,18,17,73,37,1,0,1,0,0,0,18,0,0,1,0,0,1,0.157894736842105,0.0,0,0,0,0,1,1,0,0,0,0,0.0,NON
zeppelin-interpreter/src/main/java/org/apache/zeppelin/dep/RepositorySystemFactory.java,1.0,1,3.8801799226757403,3.34144607116552,1,0.0,1,7.0,0,0,1,0,1,1,1,0,1,0,24,15,0,0,0,0,0,0,1,0,0,0,0,0,0,0.0,0.0,0,0,0,1,0,0,0,0,0,0,0.0,NON
zeppelin-interpreter/src/main/java/org/apache/zeppelin/dep/TransferListener.java,2.0,5,4.66489440108416,5.62913338785203,5,1.34164078649987,20,7.7,4,4,0,10,10,10,10,4,6,11,88,64,1,0,1,0,0,0,10,0,0,1,0,0,1,0.15151515151515196,0.0,0,0,0,0,3,3,0,0,0,0,0.0,NON
zeppelin-interpreter/src/main/java/org/apache/zeppelin/display/AngularObject.java,1.25,3,4.65110447170316,5.436390851160881,17,0.622494979899437,25,5.3,6,6,0,20,20,20,20,1,19,14,118,81,0,1,0,0,0,0,20,0,0,0,1,1,0,0.0,0.0,1,0,1,3,5,3,4,0,4,0,0.0,NON
zeppelin-interpreter/src/main/java/org/apache/zeppelin/display/AngularObjectRegistry.java,1.5882352941176499,4,3.86152228097632,4.757067328715349,10,0.8442764761416071,27,7.0,5,5,0,17,17,17,17,4,13,35,127,84,0,1,0,1,0,1,17,0,0,0,1,1,0,0.0,0.0,0,0,0,3,3,2,7,0,7,0,0.0,NON
zeppelin-interpreter/src/main/java/org/apache/zeppelin/display/AngularObjectWatcher.java,0.666666666666667,1,2.7527152789797,2.68401728082985,3,0.471404520791032,2,2.3333333333333304,1,1,0,3,3,3,3,0,3,6,10,7,0,1,0,4,0,4,3,0,0,0,4,4,0,0.0,0.0,4,0,4,1,1,1,0,0,0,0,0.0,NON
zeppelin-interpreter/src/main/java/org/apache/zeppelin/display/GUI.java,1.6363636363636398,4,4.10267314535875,4.59780434404278,7,0.9791208740244549,18,5.36363636363636,2,2,0,11,11,11,11,1,10,13,63,45,0,0,0,0,0,0,11,0,0,0,0,0,0,0.0,0.0,0,0,0,2,2,1,15,0,15,0,0.0,NON
zeppelin-interpreter/src/main/java/org/apache/zeppelin/display/Input.java,2.7037037037037,23,4.741054572644309,6.20637288327769,19,4.56082200855175,73,12.2222222222222,9,9,12,15,27,27,27,5,22,42,377,291,0,0,0,0,0,0,27,0,0,0,0,0,0,0.0,0.0,0,0,0,1,7,3,7,0,7,0,0.0,NON
zeppelin-interpreter/src/main/java/org/apache/zeppelin/interpreter/ClassloaderInterpreter.java,1.89473684210526,3,4.7807718178086205,4.29720240818524,3,0.44659375653887196,36,10.8421052631579,7,2,0,19,19,43,19,0,19,29,229,141,1,0,1,0,0,0,19,24,0,1,0,0,1,0.158333333333333,0.0,15,15,0,6,2,2,28,28,0,1,0.004366812227074236,NON
zeppelin-interpreter/src/main/java/org/apache/zeppelin/interpreter/Constants.java,0.0,0,2.12808527889139,0.0,0,0.0,0,0.0,3,3,0,0,0,0,0,0,0,0,5,4,0,0,0,0,0,0,0,0,0,0,0,0,0,0.0,0.0,0,0,0,0,3,1,0,0,0,0,0.0,NON
zeppelin-interpreter/src/main/java/org/apache/zeppelin/interpreter/Interpreter.java,1.29166666666667,7,5.24462364450038,5.77078077163092,20,1.59371595824211,31,4.54166666666667,5,5,5,19,24,24,24,0,24,23,174,111,0,3,0,290,0,290,24,0,0,0,42,46,0,0.0,0.0,72,0,72,10,5,5,12,0,12,1,0.005747126436781609,NON
zeppelin-interpreter/src/main/java/org/apache/zeppelin/interpreter/InterpreterContext.java,1.0,1,4.80960495827234,4.943057538322701,14,0.0,14,4.5,12,12,3,11,14,14,14,0,14,12,78,51,0,0,0,0,0,0,14,0,0,0,0,0,0,0.0,0.0,0,0,0,5,11,8,0,0,0,0,0.0,NON
zeppelin-interpreter/src/main/java/org/apache/zeppelin/interpreter/InterpreterContextRunner.java,1.2,3,3.2728043273346206,3.30245643889288,4,0.9797958971132711,6,4.8,2,2,0,5,5,5,5,0,5,3,30,18,0,1,0,3,0,3,5,0,0,0,3,3,0,0.0,0.0,0,0,0,0,2,1,0,0,0,0,0.0,NON
zeppelin-interpreter/src/main/java/org/apache/zeppelin/interpreter/InterpreterException.java,1.0,1,2.40563906222957,2.25,2,0.0,2,3.0,0,0,0,2,2,2,2,0,2,2,8,5,1,0,1,0,0,0,2,0,0,1,0,0,1,0.111111111111111,0.0,0,0,0,0,0,0,0,0,0,0,0.0,NON
zeppelin-interpreter/src/main/java/org/apache/zeppelin/interpreter/InterpreterGroup.java,1.76190476190476,5,4.84784652814709,5.754258081831971,15,1.3768411709334298,37,6.80952380952381,7,7,3,18,21,21,21,3,18,12,153,113,1,0,1,0,0,0,21,0,0,1,0,0,1,0.15909090909090898,0.0,0,0,0,4,5,5,5,0,5,1,0.006535947712418301,NON
zeppelin-interpreter/src/main/java/org/apache/zeppelin/interpreter/InterpreterOutput.java,2.41176470588235,6,5.1491928324250305,6.01907463302549,5,1.41665818574027,41,9.52941176470588,8,8,0,17,17,17,17,2,15,16,176,129,1,0,1,0,0,0,17,0,0,1,0,0,1,0.15740740740740697,0.0,0,0,0,5,5,5,7,0,7,1,0.005681818181818182,NON
zeppelin-interpreter/src/main/java/org/apache/zeppelin/interpreter/InterpreterOutputChangeWatcher.java,3.6,11,4.43315364618496,5.587365520323201,2,3.77359245282264,18,15.6,6,6,0,5,5,5,5,0,5,3,86,63,1,0,1,0,0,0,5,0,0,1,0,0,1,0.138888888888889,0.0,0,0,0,1,4,4,0,0,0,0,0.0,NON
zeppelin-interpreter/src/main/java/org/apache/zeppelin/interpreter/InterpreterProperty.java,1.33333333333333,5,3.1816016785769703,3.69123932177753,11,1.1055415967851299,16,4.41666666666667,4,4,0,12,12,12,12,0,12,10,60,40,0,0,0,0,0,0,12,0,0,0,0,0,0,0.0,0.0,0,0,0,0,4,1,0,0,0,0,0.0,NON
zeppelin-interpreter/src/main/java/org/apache/zeppelin/interpreter/InterpreterPropertyBuilder.java,1.0,1,3.10869496956284,3.3005590923909502,2,0.0,2,3.5,1,1,0,2,2,2,2,0,2,3,10,7,0,0,0,0,0,0,2,0,0,0,0,0,0,0.0,0.0,0,0,0,1,1,1,3,0,3,0,0.0,NON
zeppelin-interpreter/src/main/java/org/apache/zeppelin/interpreter/InterpreterResult.java,1.5833333333333302,3,4.23592356067796,4.60155538037037,8,0.8620067027323829,19,6.5,3,3,0,12,12,12,12,4,8,12,98,64,0,0,0,0,0,0,12,0,0,0,0,0,0,0.0,0.0,0,0,0,2,3,3,3,0,3,0,0.0,NON
zeppelin-interpreter/src/main/java/org/apache/zeppelin/interpreter/InterpreterUtils.java,3.0,3,2.3219280948873595,2.9528195311147796,0,0.0,3,9.0,0,0,1,0,1,1,1,0,1,1,11,7,0,0,0,0,0,0,1,0,0,0,0,0,0,0.0,0.0,0,0,0,0,0,0,0,0,0,0,0.0,NON
zeppelin-interpreter/src/main/java/org/apache/zeppelin/interpreter/LazyOpenInterpreter.java,1.1578947368421102,3,4.714773855088151,4.75211997585717,17,0.48808518397345796,22,4.10526315789474,7,2,0,19,19,27,19,0,19,11,101,56,1,0,1,16,16,0,3,8,16,1,0,0,1,0.347222222222222,0.592592592592593,0,0,0,5,1,1,28,28,0,0,0.0,IL
zeppelin-interpreter/src/main/java/org/apache/zeppelin/interpreter/remote/ClientFactory.java,1.5,2,3.86230087635729,4.46070893005574,2,0.5,6,7.25,3,3,0,4,4,4,4,0,4,5,37,24,1,0,1,0,0,0,4,0,0,1,0,0,1,0.133333333333333,0.0,0,0,0,3,2,2,0,0,0,0,0.0,NON
zeppelin-interpreter/src/main/java/org/apache/zeppelin/interpreter/remote/InterpreterContextRunnerPool.java,2.0,4,3.82453340688191,4.22341166002859,2,1.09544511501033,10,8.0,2,2,0,5,5,5,5,0,5,7,44,29,0,0,0,0,0,0,5,0,0,0,0,0,0,0.0,0.0,0,0,0,2,2,2,7,0,7,0,0.0,NON
zeppelin-interpreter/src/main/java/org/apache/zeppelin/interpreter/remote/RemoteAngularObject.java,1.33333333333333,2,3.7294461949052597,4.05042151147581,2,0.471404520791032,4,5.66666666666667,7,1,0,3,3,23,3,0,3,11,21,11,1,0,1,0,0,0,3,20,0,1,0,0,1,0.125,0.0,1,1,0,3,1,1,22,12,10,0,0.0,NON
zeppelin-interpreter/src/main/java/org/apache/zeppelin/interpreter/remote/RemoteAngularObjectRegistry.java,2.5,5,3.9522039293264704,4.94644709896959,3,1.80277563773199,15,11.5,7,2,0,6,6,20,6,2,4,20,74,48,1,0,1,1,1,0,5,14,1,1,0,0,1,0.49444444444444396,0.05,0,0,0,6,2,2,52,27,25,1,0.013513513513513514,NON
zeppelin-interpreter/src/main/java/org/apache/zeppelin/interpreter/remote/RemoteInterpreter.java,2.7368421052631597,6,5.4234317492891595,6.59414329684136,6,1.5506231434375,52,17.3684210526316,19,14,1,18,19,41,19,4,15,45,355,227,1,0,1,2,2,0,17,22,2,1,0,0,1,0.5185185185185179,0.0487804878048781,7,7,0,17,10,5,163,10,153,1,0.0028169014084507044,NON
zeppelin-interpreter/src/main/java/org/apache/zeppelin/interpreter/remote/RemoteInterpreterContextRunner.java,1.0,1,2.72548055699787,2.50325833477565,2,0.0,2,3.0,2,0,0,2,2,6,2,0,2,2,9,5,1,0,1,1,1,0,1,4,1,1,0,0,1,0.15,0.166666666666667,0,0,0,1,0,0,5,3,2,0,0.0,NON
zeppelin-interpreter/src/main/java/org/apache/zeppelin/interpreter/remote/RemoteInterpreterEventClient.java,2.0,5,5.1019123836886,5.71698576161502,7,1.3540064007726598,24,10.916666666666698,5,5,0,12,12,12,12,1,11,23,140,91,0,0,0,0,0,0,12,0,0,0,0,0,0,0.0,0.0,0,0,0,8,5,4,35,0,35,1,0.007142857142857143,NON
zeppelin-interpreter/src/main/java/org/apache/zeppelin/interpreter/remote/RemoteInterpreterEventPoller.java,4.5,15,4.704993772858,6.249254783401869,4,4.38748219369606,45,21.7,5,5,0,10,10,10,10,5,5,15,225,161,1,0,1,0,0,0,10,0,0,1,0,0,1,0.15151515151515196,0.0,0,0,0,16,3,3,119,0,119,1,0.0044444444444444444,NON
zeppelin-interpreter/src/main/java/org/apache/zeppelin/interpreter/remote/RemoteInterpreterProcess.java,2.63157894736842,12,5.55741122105993,6.325131294371509,9,2.8508636976738595,50,13.1578947368421,16,16,0,19,19,19,19,0,19,35,270,171,0,0,0,0,0,0,19,0,0,0,0,0,0,0.0,0.0,0,0,0,9,12,9,23,0,23,0,0.0,NON
zeppelin-interpreter/src/main/java/org/apache/zeppelin/interpreter/remote/RemoteInterpreterServer.java,2.3636363636363598,8,6.006760637078661,6.921619779448191,18,1.9820127788809498,78,11.8181818181818,10,10,1,32,33,33,33,5,28,74,518,302,1,0,1,0,0,0,33,0,0,1,0,0,1,0.161764705882353,0.0,0,0,0,31,9,9,186,0,186,1,0.0019305019305019305,NON
zeppelin-interpreter/src/main/java/org/apache/zeppelin/interpreter/remote/RemoteInterpreterUtils.java,1.5,2,3.4182958340544904,4.01158543183743,1,0.5,3,10.0,1,1,2,0,2,2,2,0,2,3,23,17,0,0,0,0,0,0,2,0,0,0,0,0,0,0.0,0.0,0,0,0,0,1,1,0,0,0,1,0.043478260869565216,NON
zeppelin-interpreter/src/main/java/org/apache/zeppelin/interpreter/thrift/InterpreterCompletion.java,2.24137931034483,8,6.05568481393146,5.77825186305442,16,1.92363112841122,65,7.3448275862068995,8,8,0,29,29,29,29,2,27,21,375,252,0,0,0,0,0,0,29,0,0,0,0,0,0,0.0,0.0,0,0,0,3,8,4,2,0,2,0,0.0,NON
zeppelin-interpreter/src/main/java/org/apache/zeppelin/interpreter/thrift/RemoteInterpreterContext.java,3.13559322033898,26,6.031118948642809,6.293421049135509,40,5.44450469994752,185,10.2203389830508,20,20,0,59,59,59,59,2,57,39,945,654,0,0,0,0,0,0,59,0,0,0,0,0,0,0.0,0.0,0,0,0,3,20,4,2,0,2,0,0.0,NON
zeppelin-interpreter/src/main/java/org/apache/zeppelin/interpreter/thrift/RemoteInterpreterEvent.java,2.24137931034483,8,6.139424623660901,5.89734201444236,16,1.92363112841122,65,7.3448275862068995,8,8,0,29,29,29,29,2,27,21,375,252,0,0,0,0,0,0,29,0,0,0,0,0,0,0.0,0.0,0,0,0,4,8,5,3,0,3,0,0.0,NON
zeppelin-interpreter/src/main/java/org/apache/zeppelin/interpreter/thrift/RemoteInterpreterEventType.java,3.0,11,4.110093477608021,3.44643934467102,4,4.0,15,6.4,11,11,1,4,5,5,5,1,4,3,45,19,0,0,0,0,0,0,5,0,0,0,0,0,0,0.0,0.0,0,0,0,0,10,1,0,0,0,0,0.0,NON
zeppelin-interpreter/src/main/java/org/apache/zeppelin/interpreter/thrift/RemoteInterpreterResult.java,2.84090909090909,17,6.03104525224793,6.1123506711944495,28,3.89021605977554,125,9.27272727272727,14,14,0,44,44,44,44,2,42,30,660,453,0,0,0,0,0,0,44,0,0,0,0,0,0,0.0,0.0,0,0,0,3,14,4,2,0,2,0,0.0,NON
zeppelin-interpreter/src/main/java/org/apache/zeppelin/interpreter/thrift/RemoteInterpreterService.java,0.0,0,7.28253737595631,0.0,0,0.0,0,0.0,0,0,0,0,0,0,0,0,0,0,15291,10343,0,0,0,0,0,0,0,0,0,0,0,0,0,0.0,0.0,0,0,0,0,0,0,0,0,0,1,6.539794650447976e-05,NON
zeppelin-interpreter/src/main/java/org/apache/zeppelin/resource/ByteBufferInputStream.java,1.75,2,3.1971597234241496,3.56769644400213,1,0.43301270189221897,7,6.0,1,1,1,3,4,4,4,0,4,5,27,18,1,0,1,0,0,0,4,0,0,1,0,0,1,0.133333333333333,0.0,0,0,0,0,1,1,0,0,0,0,0.0,NON
zeppelin-interpreter/src/main/java/org/apache/zeppelin/resource/DistributedResourcePool.java,2.0,4,3.6579135915088905,4.13979815190989,4,1.30930734141595,14,7.857142857142861,3,1,0,7,7,13,7,0,7,13,61,36,1,0,1,3,3,0,4,6,3,1,0,0,1,0.577777777777778,0.23076923076923103,2,2,0,3,0,0,17,9,8,0,0.0,NON
zeppelin-interpreter/src/main/java/org/apache/zeppelin/resource/LocalResourcePool.java,1.0,1,3.93632315046287,3.9999383638237296,9,0.0,9,3.6666666666666696,2,2,0,9,9,9,9,0,9,15,46,27,0,1,0,3,0,3,9,0,0,0,1,1,0,0.0,0.0,0,0,0,3,2,2,32,0,32,0,0.0,NON
zeppelin-interpreter/src/main/java/org/apache/zeppelin/resource/RemoteResource.java,1.16666666666667,2,3.8634651896016496,3.95909437135033,5,0.37267799624996506,7,3.8333333333333304,5,1,0,6,6,14,6,0,6,6,28,17,1,0,1,2,2,0,4,8,2,1,0,0,1,0.5333333333333329,0.14285714285714302,0,0,0,2,0,0,9,9,0,1,0.03571428571428571,NON
zeppelin-interpreter/src/main/java/org/apache/zeppelin/resource/Resource.java,1.4,3,4.0777154472255095,5.10726542674538,7,0.6633249580710799,14,6.4,4,4,2,8,10,10,10,0,10,8,70,52,0,1,0,2,0,2,10,0,0,0,1,1,0,0.0,0.0,0,0,0,2,2,2,2,0,2,0,0.0,IL
zeppelin-interpreter/src/main/java/org/apache/zeppelin/resource/ResourceId.java,1.33333333333333,3,3.3383968869099396,3.68728322879462,7,0.666666666666667,12,5.0,4,4,0,9,9,9,9,1,8,9,53,36,0,0,0,0,0,0,9,0,0,0,0,0,0,0.0,0.0,0,0,0,0,4,1,0,0,0,0,0.0,IL
zeppelin-interpreter/src/main/java/org/apache/zeppelin/resource/ResourcePoolUtils.java,6.25,14,3.82306798227366,5.32418481953771,2,5.53962995154008,25,23.75,1,1,4,0,4,4,4,0,4,6,98,69,0,0,0,0,0,0,4,0,0,0,0,0,0,0.0,0.0,0,0,0,7,1,1,49,0,49,0,0.0,NON
zeppelin-interpreter/src/main/java/org/apache/zeppelin/resource/ResourceSet.java,2.55555555555556,3,3.68163377068352,4.11039979324017,2,0.831479419283098,23,7.66666666666667,0,0,0,9,9,9,9,1,8,9,71,53,1,0,1,0,0,0,9,0,0,1,0,0,1,0.15,0.0,0,0,0,2,0,0,10,0,10,0,0.0,NON
zeppelin-interpreter/src/main/java/org/apache/zeppelin/resource/WellKnownResourceName.java,1.0,1,2.44643934467102,1.75,4,0.0,4,1.5,2,2,0,4,4,4,4,0,4,2,10,6,0,0,0,0,0,0,4,0,0,0,0,0,0,0.0,0.0,0,0,0,0,2,2,0,0,0,0,0.0,NON
zeppelin-interpreter/src/main/java/org/apache/zeppelin/scheduler/ExecutorFactory.java,1.7142857142857097,3,3.66470700551471,3.86928478081117,3,0.699854212223765,12,6.0,3,3,1,6,7,7,7,0,7,4,47,31,0,0,0,0,0,0,7,0,0,0,0,0,0,0.0,0.0,0,0,0,0,3,3,0,0,0,0,0.0,NON
zeppelin-interpreter/src/main/java/org/apache/zeppelin/scheduler/FIFOScheduler.java,1.875,4,4.46855786408398,5.1002254620394405,4,1.05326872164704,15,13.0,7,7,0,8,8,8,8,0,8,6,120,79,0,0,0,0,0,0,8,0,0,0,0,0,0,0.0,0.0,0,0,0,3,5,5,3,0,3,0,0.0,NON
zeppelin-interpreter/src/main/java/org/apache/zeppelin/scheduler/Job.java,1.06666666666667,4,5.438841433770531,5.61475838147828,27,0.7717224601860151,32,4.4666666666666694,13,13,1,29,30,30,30,3,27,21,168,121,0,1,0,43,0,43,30,0,0,0,11,11,0,0.0,0.0,1,0,1,3,9,5,10,0,10,1,0.005952380952380952,NON
zeppelin-interpreter/src/main/java/org/apache/zeppelin/scheduler/JobProgressPoller.java,3.3333333333333304,8,3.57661764490867,3.8743143482002003,2,3.2998316455372203,10,10.3333333333333,5,5,0,3,3,3,3,0,3,4,39,26,1,0,1,0,0,0,3,0,0,1,0,0,1,0.125,0.0,0,0,0,2,2,2,3,0,3,0,0.0,NON
zeppelin-interpreter/src/main/java/org/apache/zeppelin/scheduler/ParallelScheduler.java,1.77777777777778,4,4.96063916017334,4.936890087112981,5,1.0304020550550799,16,8.77777777777778,8,8,0,9,9,9,9,0,9,8,138,94,0,0,0,0,0,0,9,0,0,0,0,0,0,0.0,0.0,0,0,0,4,5,4,6,0,6,0,0.0,NON
zeppelin-interpreter/src/main/java/org/apache/zeppelin/scheduler/RemoteScheduler.java,2.1111111111111103,6,5.906750201294679,5.17613272894045,4,1.52347880008912,19,10.6666666666667,10,10,0,9,9,9,9,0,9,11,318,216,0,0,0,0,0,0,9,0,0,0,0,0,0,0.0,0.0,0,0,0,5,7,5,7,0,7,0,0.0,NON
zeppelin-interpreter/src/main/java/org/apache/zeppelin/scheduler/SchedulerFactory.java,1.8,4,4.553692365959559,4.891996353891201,4,0.871779788708135,18,8.4,5,5,1,9,10,10,10,0,10,14,93,56,0,0,0,0,0,0,10,0,0,0,0,0,0,0.0,0.0,0,0,0,7,5,5,25,0,25,0,0.0,NON
zeppelin-interpreter/src/main/java/org/apache/zeppelin/user/AuthenticationInfo.java,1.0,1,3.1464834066027496,3.04752690194318,9,0.0,9,2.88888888888889,3,3,0,9,9,9,9,0,9,6,31,22,0,0,0,0,0,0,9,0,0,0,0,0,0,0.0,0.0,0,0,0,1,3,2,0,0,0,0,0.0,NON
zeppelin-interpreter/src/main/java/org/apache/zeppelin/user/Credentials.java,2.8,4,4.33717534112308,5.482077218072161,0,0.748331477354788,14,14.0,5,5,0,5,5,5,5,2,3,7,77,59,0,0,0,0,0,0,5,0,0,0,0,0,0,0.0,0.0,0,0,0,2,5,5,1,0,1,0,0.0,NON
zeppelin-interpreter/src/main/java/org/apache/zeppelin/user/CredentialsInfoSaving.java,0.0,0,2.3219280948873595,0.0,0,0.0,0,0.0,1,1,0,0,0,0,0,0,0,0,3,2,0,0,0,0,0,0,0,0,0,0,0,0,0,0.0,0.0,0,0,0,0,1,1,0,0,0,0,0.0,NON
zeppelin-interpreter/src/main/java/org/apache/zeppelin/user/UserCredentials.java,1.0,1,3.2390979179887904,3.33420945944805,4,0.0,4,3.5,1,1,0,4,4,4,4,0,4,3,18,10,0,0,0,0,0,0,4,0,0,0,0,0,0,0.0,0.0,0,0,0,1,1,1,0,0,0,0,0.0,NON
zeppelin-interpreter/src/main/java/org/apache/zeppelin/user/UsernamePassword.java,1.0,1,2.78273152052189,2.52517118635505,6,0.0,6,3.6666666666666696,2,2,0,6,6,6,6,0,6,4,27,16,0,0,0,0,0,0,6,0,0,0,0,0,0,0.0,0.0,0,0,0,0,2,1,0,0,0,0,0.0,NON
zeppelin-interpreter/src/test/java/org/apache/zeppelin/dep/DependencyResolverTest.java,1.0,1,4.25452546496618,4.54420165745028,5,0.0,5,7.0,5,5,2,3,5,5,5,0,5,0,47,35,0,0,0,0,0,0,5,0,0,0,0,0,0,0.0,0.0,0,0,0,2,5,4,33,0,33,1,0.02127659574468085,NON
zeppelin-interpreter/src/test/java/org/apache/zeppelin/display/AngularObjectRegistryTest.java,1.0,1,2.12808527889139,4.15571361782294,3,0.0,3,21.0,0,0,0,3,3,3,3,0,3,0,68,53,0,0,0,0,0,0,3,0,0,0,0,0,0,0.0,0.0,0,0,0,2,0,0,155,0,155,0,0.0,NON
zeppelin-interpreter/src/test/java/org/apache/zeppelin/display/AngularObjectTest.java,1.0,1,2.40563906222957,3.96168711284127,3,0.0,3,25.3333333333333,0,0,0,3,3,3,3,0,3,0,81,38,0,0,0,0,0,0,3,0,0,0,0,0,0,0.0,0.0,0,0,0,1,0,0,133,0,133,0,0.0,NON
zeppelin-interpreter/src/test/java/org/apache/zeppelin/display/InputTest.java,1.0,1,3.0957952550009304,4.2877549217243995,4,0.0,4,17.25,0,0,0,4,4,4,4,0,4,0,75,55,0,0,0,0,0,0,4,0,0,0,0,0,0,0.0,0.0,0,0,0,2,0,0,57,0,57,0,0.0,NON
zeppelin-interpreter/src/test/java/org/apache/zeppelin/interpreter/InterpreterContextTest.java,1.0,1,1.5849625007211599,2.4225797618424902,1,0.0,1,7.0,0,0,0,1,1,1,1,0,1,0,10,7,0,0,0,0,0,0,1,0,0,0,0,0,0,0.0,0.0,0,0,0,1,0,0,18,0,18,0,0.0,NON
zeppelin-interpreter/src/test/java/org/apache/zeppelin/interpreter/InterpreterOutputChangeWatcherTest.java,1.8,5,4.16197817967955,5.01700400449596,4,1.6,9,10.6,4,4,0,5,5,5,5,1,4,2,62,50,0,0,0,0,0,0,5,0,0,0,0,0,0,0.0,0.0,0,0,0,1,3,2,5,0,5,0,0.0,NON
zeppelin-interpreter/src/test/java/org/apache/zeppelin/interpreter/InterpreterOutputTest.java,1.0,1,4.10138152909289,3.8171832378172703,8,0.0,8,8.5,3,3,0,8,8,8,8,0,8,4,80,64,0,0,0,0,0,0,8,0,0,0,0,0,0,0.0,0.0,0,0,0,3,1,1,43,0,43,0,0.0,NON
zeppelin-interpreter/src/test/java/org/apache/zeppelin/interpreter/InterpreterResultTest.java,1.0,1,2.6174924611847596,3.14942261858107,6,0.0,6,10.833333333333302,0,0,0,6,6,6,6,0,6,0,72,48,0,0,0,0,0,0,6,0,0,0,0,0,0,0.0,0.0,0,0,0,3,0,0,76,0,76,0,0.0,NON
zeppelin-interpreter/src/test/java/org/apache/zeppelin/interpreter/InterpreterTest.java,1.0,1,2.12808527889139,3.15827310552028,3,0.0,3,8.33333333333333,0,0,0,3,3,3,3,0,3,0,30,23,0,0,0,0,0,0,3,0,0,0,0,0,0,0.0,0.0,0,0,0,2,0,0,21,0,21,0,0.0,NON
zeppelin-interpreter/src/test/java/org/apache/zeppelin/interpreter/LazyOpenInterpreterTest.java,1.0,1,2.52164063634332,4.01531953111478,1,0.0,1,10.0,1,1,0,1,1,1,1,0,1,0,13,10,0,0,0,0,0,0,1,0,0,0,0,0,0,0.0,0.0,0,0,0,5,1,1,25,0,25,0,0.0,NON
zeppelin-interpreter/src/test/java/org/apache/zeppelin/interpreter/remote/RemoteAngularObjectTest.java,1.0,1,4.91703885032562,5.20743864470878,8,0.0,8,12.875,9,9,0,8,8,8,8,0,8,8,125,85,0,0,0,0,0,0,8,0,0,0,0,0,0,0.0,0.0,0,0,0,13,9,7,123,0,123,0,0.0,NON
zeppelin-interpreter/src/test/java/org/apache/zeppelin/interpreter/remote/RemoteInterpreterOutputTestStream.java,1.0,1,4.56460321310358,4.92903802666055,10,0.0,10,8.1,3,3,0,10,10,10,10,2,8,6,97,56,0,0,0,0,0,0,10,0,0,0,0,0,0,0.0,0.0,0,0,0,12,3,3,86,0,86,0,0.0,NON
zeppelin-interpreter/src/test/java/org/apache/zeppelin/interpreter/remote/RemoteInterpreterProcessTest.java,1.6666666666666698,3,3.7028195311147796,4.81753437070632,2,0.942809041582063,5,19.0,2,2,0,3,3,3,3,0,3,0,67,49,0,0,0,0,0,0,3,0,0,0,0,0,0,0.0,0.0,0,0,0,6,1,1,52,0,52,1,0.014925373134328358,NON
zeppelin-interpreter/src/test/java/org/apache/zeppelin/interpreter/remote/RemoteInterpreterServerTest.java,2.3333333333333304,5,3.4182958340544904,4.22122668212554,2,1.8856180831641298,7,10.6666666666667,0,0,0,3,3,3,3,0,3,0,37,23,0,0,0,0,0,0,3,0,0,0,0,0,0,0.0,0.0,0,0,0,2,0,0,13,0,13,0,0.0,NON
zeppelin-interpreter/src/test/java/org/apache/zeppelin/interpreter/remote/RemoteInterpreterTest.java,1.35,4,4.738369395197269,6.3926699198105,16,0.7921489758877429,27,26.3,3,3,0,20,20,20,20,4,16,6,550,303,0,0,0,0,0,0,20,0,0,0,0,0,0,0.0,0.0,0,0,0,19,3,3,344,0,344,1,0.0018181818181818182,NON
zeppelin-interpreter/src/test/java/org/apache/zeppelin/interpreter/remote/RemoteInterpreterUtilsTest.java,1.0,1,2.0,2.3219280948873595,1,0.0,1,3.0,0,0,0,1,1,1,1,0,1,0,6,3,0,0,0,0,0,0,1,0,0,0,0,0,0,0.0,0.0,0,0,0,1,0,0,1,0,1,0,0.0,NON
zeppelin-interpreter/src/test/java/org/apache/zeppelin/interpreter/remote/mock/MockInterpreterA.java,1.2,2,4.579448698502611,5.235812887167009,8,0.4,12,3.7,6,1,0,10,10,27,10,0,10,8,56,26,1,0,1,7,7,0,3,17,7,1,0,0,1,0.317460317460317,0.25925925925925897,1,1,0,8,1,1,18,6,12,0,0.0,NON
zeppelin-interpreter/src/test/java/org/apache/zeppelin/interpreter/remote/mock/MockInterpreterAngular.java,1.75,7,4.6148575400297895,5.43144599317476,7,1.98431348329844,14,6.75,6,1,0,8,8,26,8,0,8,8,72,38,1,0,1,6,6,0,2,18,6,1,0,0,1,0.25,0.23076923076923103,1,1,0,8,1,1,35,2,33,0,0.0,NON
zeppelin-interpreter/src/test/java/org/apache/zeppelin/interpreter/remote/mock/MockInterpreterB.java,2.0,8,4.621175542919469,5.4473233522637905,7,2.0976176963403,20,6.8,5,0,0,10,10,27,10,0,10,8,86,50,1,0,1,7,7,0,3,17,7,1,0,0,1,0.317460317460317,0.25925925925925897,1,1,0,10,0,0,9,4,5,0,0.0,NON
zeppelin-interpreter/src/test/java/org/apache/zeppelin/interpreter/remote/mock/MockInterpreterEnv.java,1.22222222222222,3,4.50743277785729,4.84580603481889,8,0.628539361054709,11,3.44444444444444,5,0,0,9,9,25,9,0,9,7,48,22,1,0,1,8,8,0,1,16,8,1,0,0,1,0.277777777777778,0.32,0,0,0,8,0,0,15,2,13,0,0.0,NON
zeppelin-interpreter/src/test/java/org/apache/zeppelin/interpreter/remote/mock/MockInterpreterOutputStream.java,1.3,4,4.586295766479191,5.0128163398059495,9,0.9,13,3.6,6,1,0,10,10,27,10,0,10,8,54,25,1,0,1,7,7,0,3,17,7,1,0,0,1,0.317460317460317,0.25925925925925897,1,1,0,10,1,1,13,2,11,0,0.0,NON
zeppelin-interpreter/src/test/java/org/apache/zeppelin/interpreter/remote/mock/MockInterpreterResourcePool.java,2.125,10,4.6148575400297895,5.25882098604496,7,2.97647022494766,17,7.625,6,1,0,8,8,26,8,0,8,8,78,47,1,0,1,6,6,0,2,18,6,1,0,0,1,0.25,0.23076923076923103,1,1,0,8,1,1,7,2,5,0,0.0,IL
zeppelin-interpreter/src/test/java/org/apache/zeppelin/resource/DistributedResourcePoolTest.java,1.0,1,4.68354236243323,5.881138053828829,5,0.0,5,28.8,9,9,0,5,5,5,5,0,5,0,163,105,0,0,0,0,0,0,5,0,0,0,0,0,0,0.0,0.0,0,0,0,15,9,6,160,0,160,1,0.006134969325153374,NON
zeppelin-interpreter/src/test/java/org/apache/zeppelin/resource/LocalResourcePoolTest.java,1.0,1,1.5849625007211599,3.82640457983067,1,0.0,1,15.0,0,0,0,1,1,1,1,0,1,0,18,15,0,0,0,0,0,0,1,0,0,0,0,0,0,0.0,0.0,0,0,0,3,0,0,21,0,21,0,0.0,NON
zeppelin-interpreter/src/test/java/org/apache/zeppelin/resource/ResourceSetTest.java,1.0,1,1.92192809488736,3.4076284081964903,2,0.0,2,9.5,0,0,0,2,2,2,2,0,2,0,23,18,0,0,0,0,0,0,2,0,0,0,0,0,0,0.0,0.0,0,0,0,3,0,0,44,0,44,0,0.0,NON
zeppelin-interpreter/src/test/java/org/apache/zeppelin/resource/ResourceTest.java,1.0,1,2.3219280948873595,3.0957952550009304,1,0.0,1,4.0,0,0,0,1,1,1,1,0,1,0,7,4,0,0,0,0,0,0,1,0,0,0,0,0,0,0.0,0.0,0,0,0,1,0,0,5,0,5,0,0.0,NON
zeppelin-interpreter/src/test/java/org/apache/zeppelin/scheduler/FIFOSchedulerTest.java,1.0,1,3.45656476213095,4.51604042352511,5,0.0,5,11.8,1,1,0,5,5,5,5,0,5,0,63,56,1,0,1,0,0,0,5,0,0,1,0,0,1,0.138888888888889,0.0,0,0,0,5,1,1,48,0,48,0,0.0,NON
zeppelin-interpreter/src/test/java/org/apache/zeppelin/scheduler/ParallelSchedulerTest.java,1.0,1,3.27761343681912,4.33607589833736,3,0.0,3,9.33333333333333,1,1,0,3,3,3,3,0,3,0,33,27,1,0,1,0,0,0,3,0,0,1,0,0,1,0.125,0.0,0,0,0,5,1,1,22,0,22,0,0.0,NON
zeppelin-interpreter/src/test/java/org/apache/zeppelin/scheduler/RemoteSchedulerTest.java,1.6666666666666698,3,4.342496672481309,5.968084903186151,4,0.942809041582063,10,32.1666666666667,4,4,0,6,6,6,6,0,6,6,208,107,0,0,0,0,0,0,6,0,0,0,0,0,0,0.0,0.0,0,0,0,8,2,2,49,0,49,0,0.0,NON
zeppelin-interpreter/src/test/java/org/apache/zeppelin/scheduler/SleepingJob.java,2.0,4,4.21126073643228,4.55695130259509,3,1.26491106406735,10,6.6,18,5,0,5,5,32,5,0,5,4,44,34,1,0,1,3,3,0,2,27,3,1,0,0,1,0.144444444444444,0.09375,1,1,0,1,1,1,3,3,0,0,0.0,NON
zeppelin-interpreter/src/test/java/org/apache/zeppelin/user/CredentialsTest.java,1.0,1,2.0,3.9357276594930397,1,0.0,1,11.0,0,0,0,1,1,1,1,0,1,0,14,11,0,0,0,0,0,0,1,0,0,0,0,0,0,0.0,0.0,0,0,0,3,0,0,21,0,21,0,0.0,NON
zeppelin-server/src/main/java/org/apache/zeppelin/rest/ConfigurationsRestApi.java,1.0,1,3.48418371977919,4.59092541618178,4,0.0,4,9.25,1,1,0,4,4,4,4,0,4,2,46,17,0,0,0,0,0,0,4,0,0,0,0,0,0,0.0,0.0,0,0,0,4,1,1,18,0,18,0,0.0,NON
zeppelin-server/src/main/java/org/apache/zeppelin/rest/CredentialRestApi.java,1.33333333333333,2,4.0016291673878195,4.7294155365452495,2,0.471404520791032,4,7.0,4,4,0,3,3,3,3,0,3,2,29,21,0,0,0,0,0,0,3,0,0,0,0,0,0,0.0,0.0,0,0,0,5,4,4,22,0,22,0,0.0,NON
zeppelin-server/src/main/java/org/apache/zeppelin/rest/GetUserList.java,4.33333333333333,7,3.52257158913636,5.949152849167651,0,2.05480466765633,13,28.3333333333333,1,1,0,3,3,3,3,0,3,6,88,70,0,0,0,0,0,0,3,0,0,0,0,0,0,0.0,0.0,0,0,0,0,1,1,0,0,0,1,0.011363636363636364,NON
zeppelin-server/src/main/java/org/apache/zeppelin/rest/InterpreterRestApi.java,1.8181818181818201,4,4.43982278200875,5.44898159721982,6,1.02851895445316,20,10.6363636363636,3,3,0,11,11,11,11,0,11,16,148,72,0,0,0,0,0,0,11,0,0,0,0,0,0,0.0,0.0,0,0,0,9,3,3,126,0,126,1,0.006756756756756757,NON
zeppelin-server/src/main/java/org/apache/zeppelin/rest/LoginRestApi.java,3.6666666666666696,9,3.6818808028034002,5.292691125308191,2,3.7712361663282503,11,18.0,1,1,0,3,3,3,3,0,3,6,62,43,0,0,0,0,0,0,3,0,0,0,0,0,0,0.0,0.0,0,0,0,4,1,1,20,0,20,1,0.016129032258064516,NON
zeppelin-server/src/main/java/org/apache/zeppelin/rest/NotebookResponse.java,1.0,1,1.5566567074628201,1.4591479170272401,2,0.0,2,2.0,1,1,0,2,2,2,2,0,2,1,7,5,0,0,0,0,0,0,2,0,0,0,0,0,0,0.0,0.0,0,0,0,0,1,1,0,0,0,0,0.0,NON
zeppelin-server/src/main/java/org/apache/zeppelin/rest/NotebookRestApi.java,2.48275862068966,7,4.662389086757201,6.45930850607753,11,1.5892025685245401,72,14.2068965517241,6,6,0,29,29,29,29,0,29,42,498,299,0,0,0,0,0,0,29,0,0,0,0,0,0,0.0,0.0,0,0,0,19,5,5,382,0,382,1,0.002008032128514056,NON
zeppelin-server/src/main/java/org/apache/zeppelin/rest/SecurityRestApi.java,4.0,9,3.6818808028034002,5.72768501656673,1,3.55902608401044,12,18.6666666666667,1,1,0,3,3,3,3,0,3,2,64,50,0,0,0,0,0,0,3,0,0,0,0,0,0,0.0,0.0,0,0,0,6,1,1,27,0,27,1,0.015625,NON
zeppelin-server/src/main/java/org/apache/zeppelin/rest/ZeppelinRestApi.java,1.0,1,2.72192809488736,3.1068905956085198,3,0.0,3,2.6666666666666696,0,0,0,3,3,3,3,0,3,0,14,6,0,0,0,0,0,0,3,0,0,0,0,0,0,0.0,0.0,0,0,0,3,0,0,6,0,6,0,0.0,NON
zeppelin-server/src/main/java/org/apache/zeppelin/rest/message/CronRequest.java,1.0,1,1.91829583405449,2.0,2,0.0,2,2.5,1,1,0,2,2,2,2,0,2,0,8,5,0,0,0,0,0,0,2,0,0,0,0,0,0,0.0,0.0,0,0,0,0,1,1,0,0,0,0,0.0,NON
zeppelin-server/src/main/java/org/apache/zeppelin/rest/message/InterpreterSettingListForNoteBind.java,1.0,1,3.8724274069139395,3.7960717220080094,11,0.0,11,3.7272727272727297,5,5,0,11,11,11,11,0,11,10,48,33,0,0,0,0,0,0,11,0,0,0,0,0,0,0.0,0.0,0,0,0,0,4,2,0,0,0,0,0.0,NON
zeppelin-server/src/main/java/org/apache/zeppelin/rest/message/NewInterpreterSettingRequest.java,1.0,1,3.59306920777189,3.82687488186464,6,0.0,6,2.8333333333333304,5,5,0,6,6,6,6,0,6,0,24,17,0,0,0,0,0,0,6,0,0,0,0,0,0,0.0,0.0,0,0,0,1,5,4,0,0,0,0,0.0,NON
zeppelin-server/src/main/java/org/apache/zeppelin/rest/message/NewNotebookRequest.java,1.0,1,2.9182958340544904,3.0,3,0.0,3,2.6666666666666696,2,2,0,3,3,3,3,0,3,0,12,8,0,0,0,0,0,0,3,0,0,0,0,0,0,0.0,0.0,0,0,0,0,2,2,0,0,0,0,0.0,NON
zeppelin-server/src/main/java/org/apache/zeppelin/rest/message/NewParagraphRequest.java,1.0,1,2.95021206491475,3.12192809488736,4,0.0,4,2.75,3,3,0,4,4,4,4,0,4,0,16,11,0,0,0,0,0,0,4,0,0,0,0,0,0,0.0,0.0,0,0,0,0,3,2,0,0,0,0,0.0,NON
zeppelin-server/src/main/java/org/apache/zeppelin/rest/message/RunParagraphWithParametersRequest.java,1.0,1,2.5219280948873597,2.58496250072116,2,0.0,2,2.5,1,1,0,2,2,2,2,0,2,0,8,5,0,0,0,0,0,0,2,0,0,0,0,0,0,0.0,0.0,0,0,0,0,1,1,0,0,0,0,0.0,NON
zeppelin-server/src/main/java/org/apache/zeppelin/rest/message/UpdateInterpreterSettingRequest.java,1.0,1,3.3502090290999003,3.25162916738782,4,0.0,4,3.75,3,3,0,4,4,4,4,0,4,3,20,14,0,0,0,0,0,0,4,0,0,0,0,0,0,0.0,0.0,0,0,0,1,3,3,0,0,0,0,0.0,NON
zeppelin-server/src/main/java/org/apache/zeppelin/server/ActiveDirectoryGroupRealm.java,3.0,8,4.29065870066278,5.90262239365366,4,2.67261241912424,21,13.5714285714286,3,3,0,7,7,7,7,6,1,11,100,69,1,0,1,0,0,0,7,0,0,1,0,0,1,0.145833333333333,0.0,0,0,0,0,3,3,0,0,0,1,0.01,NON
zeppelin-server/src/main/java/org/apache/zeppelin/server/CorsFilter.java,2.0,5,4.43063240949075,4.892360338554281,3,1.73205080756888,8,8.25,1,1,0,4,4,4,4,1,3,7,39,26,0,0,0,0,0,0,4,0,0,0,0,0,0,0.0,0.0,0,0,0,2,1,1,5,0,5,1,0.02564102564102564,NON
zeppelin-server/src/main/java/org/apache/zeppelin/server/JsonExclusionStrategy.java,1.0,1,3.0,2.58496250072116,2,0.0,2,3.0,0,0,0,2,2,2,2,0,2,2,8,5,0,0,0,0,0,0,2,0,0,0,0,0,0,0.0,0.0,0,0,0,0,0,0,0,0,0,0,0.0,NON
zeppelin-server/src/main/java/org/apache/zeppelin/server/JsonResponse.java,1.26666666666667,3,4.37734253514122,4.95981621474672,12,0.573488351136175,19,4.8,5,5,0,15,15,15,15,0,15,15,80,58,0,0,0,0,0,0,15,0,0,0,0,0,0,0.0,0.0,0,0,0,4,4,4,0,0,0,0,0.0,NON
zeppelin-server/src/main/java/org/apache/zeppelin/server/LdapGroupRealm.java,3.5,6,3.52164063634332,5.40662009055429,1,2.5,7,20.5,1,1,0,2,2,2,2,0,2,6,44,27,1,0,1,0,0,0,2,0,0,1,0,0,1,0.111111111111111,0.0,0,0,0,0,1,1,0,0,0,0,0.0,NON
zeppelin-server/src/main/java/org/apache/zeppelin/server/ZeppelinServer.java,1.55555555555556,4,5.518070591661379,6.94673185361809,6,0.955813918560292,14,18.0,11,11,6,3,9,9,9,5,4,11,177,138,1,0,1,0,0,0,9,0,0,1,0,0,1,0.15,0.0,0,0,0,22,9,9,75,0,75,1,0.005649717514124294,NON
zeppelin-server/src/main/java/org/apache/zeppelin/socket/NotebookServer.java,3.1724137931034497,30,6.01823059907644,6.76227401193718,22,4.12368236441271,184,16.3275862068966,4,4,0,58,58,58,58,40,18,176,1016,629,1,0,1,0,0,0,58,0,0,1,0,0,1,0.163841807909605,0.0,0,0,0,28,4,4,756,0,756,1,0.000984251968503937,NON
zeppelin-server/src/main/java/org/apache/zeppelin/socket/NotebookSocket.java,1.0,1,4.19715972342415,4.31164134491358,7,0.0,7,3.5714285714285694,4,4,0,7,7,7,7,0,7,8,34,22,1,0,1,0,0,0,7,0,0,1,0,0,1,0.145833333333333,0.0,0,0,0,1,3,3,0,0,0,1,0.029411764705882353,NON
zeppelin-server/src/main/java/org/apache/zeppelin/socket/NotebookWebSocketCreator.java,1.0,1,3.23890125660263,3.24022392894185,2,0.0,2,3.0,1,1,0,2,2,2,2,0,2,3,9,6,0,0,0,0,0,0,2,0,0,0,0,0,0,0.0,0.0,0,0,0,2,1,1,4,0,4,0,0.0,NON
zeppelin-server/src/main/java/org/apache/zeppelin/ticket/TicketContainer.java,2.5,3,3.50997373189762,3.3121660127238397,0,0.5,5,10.5,2,2,0,2,2,2,2,0,2,3,33,25,0,0,0,0,0,0,2,0,0,0,0,0,0,0.0,0.0,0,0,0,1,2,2,2,0,2,0,0.0,NON
zeppelin-server/src/main/java/org/apache/zeppelin/utils/CommandLineUtils.java,4.0,4,2.0,3.5724694587701404,0,0.0,4,13.0,0,0,1,0,1,1,1,0,1,1,15,8,0,0,0,0,0,0,1,0,0,0,0,0,0,0.0,0.0,0,0,0,1,0,0,1,0,1,0,0.0,NON
zeppelin-server/src/main/java/org/apache/zeppelin/utils/SecurityUtils.java,2.8,7,3.61687460595622,5.874606187405321,2,2.2271057451320098,14,12.4,0,0,5,0,5,5,5,0,5,3,64,46,0,0,0,0,0,0,5,0,0,0,0,0,0,0.0,0.0,0,0,0,1,0,0,2,0,2,1,0.015625,NON
zeppelin-server/src/test/java/com/webautomation/ScreenCaptureHtmlUnitDriver.java,2.3333333333333304,8,5.171880034640941,6.524439397536559,5,2.0138409955991,28,11.25,4,4,1,11,12,12,12,1,11,24,142,104,1,0,1,0,0,0,12,0,0,1,0,0,1,0.153846153846154,0.0,0,0,0,0,4,3,0,0,0,1,0.007042253521126761,NON
zeppelin-server/src/test/java/org/apache/zeppelin/AbstractZeppelinIT.java,1.6666666666666698,4,4.9053779796428,6.14523899719494,7,0.942809041582063,20,8.08333333333333,5,5,1,11,12,12,12,12,0,19,104,71,0,1,0,0,0,0,12,0,0,0,4,4,0,0.0,0.0,0,0,0,0,2,2,0,0,0,1,0.009615384615384616,NON
zeppelin-server/src/test/java/org/apache/zeppelin/CommandExecutor.java,2.5,4,4.19590927087361,5.07052866347795,1,1.5,5,13.0,3,3,2,0,2,2,2,0,2,8,35,25,0,0,0,0,0,0,2,0,0,0,0,0,0,0.0,0.0,0,0,0,3,2,2,7,0,7,0,0.0,NON
zeppelin-server/src/test/java/org/apache/zeppelin/ProcessData.java,3.2727272727272703,14,4.86307075422367,6.15740711174601,5,3.69498207870938,36,15.909090909090901,10,10,1,10,11,11,11,1,10,17,194,134,0,0,0,0,0,0,11,0,0,0,0,0,0,0.0,0.0,0,0,0,2,4,3,4,0,4,1,0.005154639175257732,NON
zeppelin-server/src/test/java/org/apache/zeppelin/WebDriverManager.java,7.33333333333333,12,3.64022392894185,5.77546271191154,0,3.68178700572909,22,39.6666666666667,2,2,3,0,3,3,3,1,2,8,123,91,0,0,0,0,0,0,3,0,0,0,0,0,0,0.0,0.0,0,0,0,4,2,2,4,0,4,1,0.008130081300813009,NON
zeppelin-server/src/test/java/org/apache/zeppelin/ZeppelinITUtils.java,2.5,4,3.12192809488736,3.87290559532006,1,1.5,5,9.5,1,1,2,0,2,2,2,0,2,3,22,14,0,0,0,0,0,0,2,0,0,0,0,0,0,0.0,0.0,0,0,0,3,1,1,4,0,4,1,0.045454545454545456,NON
zeppelin-server/src/test/java/org/apache/zeppelin/display/AngularObjectBuilder.java,1.0,1,2.8453509366224403,2.9398290174663995,1,0.0,1,4.0,0,0,1,0,1,1,1,0,1,4,6,3,0,0,0,0,0,0,1,0,0,0,0,0,0,0.0,0.0,0,0,0,1,0,0,6,0,6,0,0.0,NON
zeppelin-server/src/test/java/org/apache/zeppelin/integration/AuthenticationIT.java,2.3333333333333304,3,4.38719873517385,5.44276949812219,2,0.942809041582063,14,18.8333333333333,9,4,2,4,6,18,6,2,4,7,140,76,1,0,1,0,0,0,6,12,0,1,0,0,1,0.14285714285714302,0.0,0,0,0,3,4,3,83,70,13,1,0.007142857142857143,NON
zeppelin-server/src/test/java/org/apache/zeppelin/integration/ParagraphActionsIT.java,2.9,4,3.9520688855289103,4.79378356842209,0,0.53851648071345,29,30.2,7,2,0,10,10,22,10,0,10,8,317,196,1,0,1,0,0,0,10,12,0,1,0,0,1,0.15151515151515196,0.0,0,0,0,2,2,2,288,235,53,1,0.0031545741324921135,NON
zeppelin-server/src/test/java/org/apache/zeppelin/integration/SparkParagraphIT.java,3.2,4,4.0220552088742,4.73064791649289,0,0.9797958971132711,16,20.4,7,2,0,5,5,17,5,0,5,6,112,56,1,0,1,0,0,0,5,12,0,1,0,0,1,0.138888888888889,0.0,0,0,0,1,2,2,73,68,5,1,0.008928571428571428,NON
zeppelin-server/src/test/java/org/apache/zeppelin/integration/ZeppelinIT.java,2.6,3,4.0220552088742,4.92214161787764,0,0.489897948556636,13,30.6,7,2,0,5,5,17,5,0,5,3,163,110,1,0,1,0,0,0,5,12,0,1,0,0,1,0.138888888888889,0.0,0,0,0,1,2,2,218,213,5,1,0.006134969325153374,NON
zeppelin-server/src/test/java/org/apache/zeppelin/interpreter/mock/MockInterpreter1.java,1.0,1,4.42511855035714,4.71451343664454,9,0.0,9,2.6666666666666696,6,1,0,9,9,25,9,0,9,7,35,17,1,0,1,8,8,0,1,16,8,1,0,0,1,0.277777777777778,0.32,0,0,0,6,1,1,9,2,7,0,0.0,NON
zeppelin-server/src/test/java/org/apache/zeppelin/rest/AbstractTestRestApi.java,2.07692307692308,11,5.37154526816784,6.67046534738059,18,2.26890480057733,54,11.1538461538462,8,8,12,14,26,26,26,24,2,14,310,221,0,1,0,0,0,0,26,0,0,0,8,8,0,0.0,0.0,0,0,0,6,5,4,33,0,33,1,0.0032258064516129032,NON
zeppelin-server/src/test/java/org/apache/zeppelin/rest/ConfigurationsRestApiTest.java,1.0,1,3.61687460595622,4.68349449602532,4,0.0,4,8.75,9,1,2,2,4,25,4,0,4,0,42,23,1,0,1,0,0,0,4,21,0,1,0,0,1,0.133333333333333,0.0,0,0,0,0,1,1,6,6,0,0,0.0,NON
zeppelin-server/src/test/java/org/apache/zeppelin/rest/CredentialsRestApiTest.java,1.0,1,3.52164063634332,4.341293084580419,3,0.0,3,9.33333333333333,9,1,2,1,3,24,3,0,3,0,34,27,1,0,1,0,0,0,3,21,0,1,0,0,1,0.125,0.0,0,0,0,0,1,1,18,18,0,0,0.0,NON
zeppelin-server/src/test/java/org/apache/zeppelin/rest/InterpreterRestApiTest.java,1.44444444444444,5,3.73218294030371,5.824878389258401,8,1.25707872210942,13,11.8888888888889,9,1,2,7,9,30,9,0,9,0,119,86,1,0,1,0,0,0,9,21,0,1,0,0,1,0.15,0.0,0,0,0,10,1,1,81,36,45,1,0.008403361344537815,NON
zeppelin-server/src/test/java/org/apache/zeppelin/rest/NotebookRestApiTest.java,1.0,1,3.52164063634332,4.926012395917519,3,0.0,3,17.3333333333333,9,1,2,1,3,24,3,0,3,0,58,46,1,0,1,0,0,0,3,21,0,1,0,0,1,0.125,0.0,0,0,0,3,1,1,42,22,20,1,0.017241379310344827,NON
zeppelin-server/src/test/java/org/apache/zeppelin/rest/SecurityRestApiTest.java,1.0,1,3.52164063634332,4.204827608309819,3,0.0,3,5.33333333333333,9,1,2,1,3,24,3,0,3,0,22,14,1,0,1,0,0,0,3,21,0,1,0,0,1,0.125,0.0,0,0,0,0,1,1,4,4,0,1,0.045454545454545456,NON
zeppelin-server/src/test/java/org/apache/zeppelin/rest/ZeppelinRestApiTest.java,1.6666666666666698,4,4.145338538696279,6.41361382384062,18,1.01835015443463,45,20.0740740740741,9,1,2,25,27,48,27,3,24,3,569,475,1,0,1,0,0,0,27,21,0,1,0,0,1,0.160714285714286,0.0,0,0,0,7,1,1,457,120,337,1,0.0017574692442882249,NON
zeppelin-server/src/test/java/org/apache/zeppelin/rest/ZeppelinSparkClusterTest.java,1.8,4,4.12872444526914,5.490480666950799,5,0.9797958971132711,18,15.9,9,1,2,8,10,31,10,2,8,3,170,133,1,0,1,0,0,0,10,21,0,1,0,0,1,0.15151515151515196,0.0,0,0,0,9,1,1,169,6,163,1,0.0058823529411764705,NON
zeppelin-server/src/test/java/org/apache/zeppelin/security/SecurityUtilsTest.java,1.0,1,3.07515428857955,4.108944469246509,9,0.0,9,3.88888888888889,0,0,0,9,9,9,9,0,9,0,46,20,0,0,0,0,0,0,9,0,0,0,0,0,0,0.0,0.0,0,0,0,2,0,0,45,0,45,1,0.021739130434782608,NON
zeppelin-server/src/test/java/org/apache/zeppelin/server/CorsFilterTest.java,1.0,1,3.23592635062903,4.94422586115357,2,0.0,2,19.5,2,2,0,2,2,2,2,0,2,0,45,34,0,0,0,0,0,0,2,0,0,0,0,0,0,0.0,0.0,0,0,0,2,2,2,18,0,18,0,0.0,NON
zeppelin-server/src/test/java/org/apache/zeppelin/socket/NotebookServerTest.java,1.25,3,4.34511846792718,6.23201870208994,10,0.5951190357119039,15,17.0833333333333,11,3,2,10,12,33,12,2,10,1,220,153,1,0,1,0,0,0,12,21,0,1,0,0,1,0.153846153846154,0.0,0,0,0,18,3,3,309,2,307,1,0.004545454545454545,NON
zeppelin-server/src/test/java/org/apache/zeppelin/socket/TestHttpServletRequest.java,1.01515151515152,2,4.7558465578081295,5.32739591809463,65,0.122155420428766,67,2.9848484848484804,0,0,0,66,66,66,66,0,66,21,265,130,0,0,0,0,0,0,66,0,0,0,0,0,0,0.0,0.0,0,0,0,0,0,0,0,0,0,0,0.0,NON
zeppelin-server/src/test/java/org/apache/zeppelin/ticket/TicketContainerTest.java,1.0,1,3.28103611255342,3.6669279069252796,5,0.0,5,4.2,1,1,0,5,5,5,5,0,5,0,29,18,0,0,0,0,0,0,5,0,0,0,0,0,0,0.0,0.0,0,0,0,1,1,1,16,0,16,0,0.0,NON
zeppelin-zengine/src/main/java/org/apache/zeppelin/conf/ZeppelinConfiguration.java,1.94444444444444,9,6.10468751354382,6.17029029062011,35,1.7150387822703501,105,6.296296296296299,4,4,1,53,54,54,54,5,49,37,551,328,1,0,1,0,0,0,54,0,0,1,0,0,1,0.163636363636364,0.0,0,0,0,3,3,3,27,0,27,1,0.0018148820326678765,NON
zeppelin-zengine/src/main/java/org/apache/zeppelin/interpreter/InterpreterFactory.java,3.97222222222222,18,5.86218520938927,7.59353773758484,10,3.6551798185825097,143,19.4166666666667,12,12,0,36,36,36,36,16,20,72,716,479,0,0,0,0,0,0,36,0,0,0,0,0,0,0.0,0.0,0,0,0,25,10,8,206,0,206,1,0.0013966480446927375,NON
zeppelin-zengine/src/main/java/org/apache/zeppelin/interpreter/InterpreterInfoSaving.java,0.0,0,3.02698683335929,0.0,0,0.0,0,0.0,3,3,0,0,0,0,0,0,0,0,5,4,0,0,0,0,0,0,0,0,0,0,0,0,0,0.0,0.0,0,0,0,0,3,2,0,0,0,0,0.0,NON
zeppelin-zengine/src/main/java/org/apache/zeppelin/interpreter/InterpreterInfoSerializer.java,1.0,1,3.5670402169265802,4.44564428258165,2,0.0,2,7.0,0,0,0,2,2,2,2,0,2,6,20,11,0,0,0,0,0,0,2,0,0,0,0,0,0,0.0,0.0,0,0,0,2,0,0,2,0,2,0,0.0,NON
zeppelin-zengine/src/main/java/org/apache/zeppelin/interpreter/InterpreterOption.java,1.0,1,3.97644997328512,3.83639585878665,14,0.0,14,3.0,6,6,0,14,14,14,14,0,14,7,50,35,0,0,0,0,0,0,14,0,0,0,0,0,0,0.0,0.0,0,0,0,0,2,1,0,0,0,0,0.0,IL
zeppelin-zengine/src/main/java/org/apache/zeppelin/interpreter/InterpreterSetting.java,1.30434782608696,3,4.76525736727469,5.455846055173629,17,0.546513264781589,30,5.34782608695652,11,11,1,22,23,23,23,2,21,22,151,100,0,0,0,0,0,0,23,0,0,0,0,0,0,0.0,0.0,0,0,0,6,10,5,6,0,6,1,0.006622516556291391,NON
zeppelin-zengine/src/main/java/org/apache/zeppelin/interpreter/install/InstallInterpreter.java,3.5714285714285694,22,4.29905261695996,5.812929929440791,6,5.28764443523478,50,14.214285714285701,7,7,5,9,14,14,14,4,10,15,218,156,0,0,0,0,0,0,14,0,0,0,0,0,0,0.0,0.0,0,0,0,6,7,4,20,0,20,0,0.0,NON
zeppelin-zengine/src/main/java/org/apache/zeppelin/notebook/Note.java,1.7916666666666698,7,6.00484600544995,6.637352422841411,30,1.27407373761839,86,7.41666666666667,16,16,0,48,48,48,48,6,42,45,384,274,0,0,0,0,0,0,48,0,0,0,0,0,0,0.0,0.0,0,0,0,22,12,9,112,0,112,1,0.0026041666666666665,NON
zeppelin-zengine/src/main/java/org/apache/zeppelin/notebook/NoteInfo.java,1.0,1,3.4091738984480298,3.44375198570123,8,0.0,8,3.625,3,3,0,8,8,8,8,0,8,7,34,25,0,0,0,0,0,0,8,0,0,0,0,0,0,0.0,0.0,0,0,0,1,3,2,3,0,3,1,0.029411764705882353,IL
zeppelin-zengine/src/main/java/org/apache/zeppelin/notebook/NoteInterpreterLoader.java,3.44444444444444,16,4.07933877774446,5.46075554711728,4,4.5242829047783,31,13.444444444444402,3,3,0,9,9,9,9,2,7,6,126,90,0,0,0,0,0,0,9,0,0,0,0,0,0,0.0,0.0,0,0,0,8,3,2,43,0,43,0,0.0,NON
zeppelin-zengine/src/main/java/org/apache/zeppelin/notebook/Notebook.java,3.0,12,6.24589592268263,7.020581668459981,9,2.85449612859225,81,15.7777777777778,12,12,0,27,27,27,27,5,22,46,494,356,0,0,0,0,0,0,27,0,0,0,0,0,0,0.0,0.0,0,0,0,26,9,9,155,0,155,1,0.0020242914979757085,NON
zeppelin-zengine/src/main/java/org/apache/zeppelin/notebook/NotebookAuthorization.java,2.0,3,3.9303009877063597,5.18429524727392,5,0.8451542547285171,28,10.857142857142902,5,5,0,14,14,14,14,3,11,21,159,118,0,0,0,0,0,0,14,0,0,0,0,0,0,0.0,0.0,0,0,0,2,5,5,1,0,1,1,0.006289308176100629,NON
zeppelin-zengine/src/main/java/org/apache/zeppelin/notebook/NotebookAuthorizationInfoSaving.java,0.0,0,2.1556390622295702,0.0,0,0.0,0,0.0,1,1,0,0,0,0,0,0,0,0,3,2,0,0,0,0,0,0,0,0,0,0,0,0,0,0.0,0.0,0,0,0,0,1,1,0,0,0,1,0.3333333333333333,NON
zeppelin-zengine/src/main/java/org/apache/zeppelin/notebook/NotebookImportDeserializer.java,3.0,3,3.3927474104487803,4.2824842613426,0,0.0,3,11.0,1,1,0,1,1,1,1,0,1,4,18,8,0,0,0,0,0,0,1,0,0,0,0,0,0,0.0,0.0,0,0,0,0,1,1,0,0,0,0,0.0,NON
zeppelin-zengine/src/main/java/org/apache/zeppelin/notebook/Paragraph.java,1.80555555555556,8,5.596891236575121,7.03017642742109,26,1.6127864852216398,65,8.61111111111111,24,11,3,33,36,62,36,5,31,24,340,240,1,0,1,4,4,0,32,26,4,1,0,0,1,0.20606060606060603,0.0645161290322581,0,0,0,23,10,7,120,23,97,1,0.0029411764705882353,NON
zeppelin-zengine/src/main/java/org/apache/zeppelin/notebook/repo/AzureNotebookRepo.java,2.3636363636363598,7,4.6963705663423605,6.31186579920277,5,1.8227216050693997,26,11.3636363636364,5,5,0,11,11,11,11,2,9,23,140,100,0,0,0,0,0,0,11,0,0,0,0,0,0,0.0,0.0,0,0,0,10,5,4,17,0,17,1,0.007142857142857143,NON
zeppelin-zengine/src/main/java/org/apache/zeppelin/notebook/repo/GitNotebookRepo.java,1.75,4,4.660232940673191,5.7761241730919,5,1.08972473588517,14,7.5,7,3,0,8,8,15,8,0,8,15,70,48,1,0,1,3,3,0,5,7,3,1,0,0,1,0.35,0.2,2,2,0,4,3,3,19,11,8,1,0.014285714285714285,NON
zeppelin-zengine/src/main/java/org/apache/zeppelin/notebook/repo/NotebookRepoSync.java,2.46153846153846,8,5.26025738435557,6.53251911124638,11,1.9851519847021397,64,10.192307692307699,7,7,0,26,26,26,26,9,17,47,286,201,0,0,0,0,0,0,26,0,0,0,0,0,0,0.0,0.0,0,0,0,8,6,4,26,0,26,1,0.0034965034965034965,NON
zeppelin-zengine/src/main/java/org/apache/zeppelin/notebook/repo/S3NotebookRepo.java,2.3333333333333304,6,4.67096562546495,6.37493936461394,6,1.59861050777091,28,11.916666666666698,5,5,0,12,12,12,12,3,9,24,158,101,0,0,0,0,0,0,12,0,0,0,0,0,0,0.0,0.0,0,0,0,9,5,4,16,0,16,1,0.006329113924050633,NON
zeppelin-zengine/src/main/java/org/apache/zeppelin/notebook/repo/VFSNotebookRepo.java,2.71428571428571,6,4.8178618201332,6.215841547363841,6,1.78999486944881,38,11.0714285714286,4,4,0,14,14,14,14,5,9,23,169,115,0,1,0,3,0,3,14,0,0,0,2,2,0,0.0,0.0,3,0,3,9,4,4,17,0,17,1,0.005917159763313609,NON
zeppelin-zengine/src/main/java/org/apache/zeppelin/notebook/repo/zeppelinhub/ZeppelinHubRepo.java,2.21428571428571,7,4.99335949965817,5.74487032223717,7,1.7393993802694199,31,8.928571428571429,10,10,0,14,14,14,14,2,12,23,145,99,0,0,0,0,0,0,14,0,0,0,0,0,0,0.0,0.0,0,0,0,6,10,6,35,0,35,1,0.006896551724137931,NON
zeppelin-zengine/src/main/java/org/apache/zeppelin/notebook/repo/zeppelinhub/rest/ZeppelinhubRestApiHandler.java,2.375,6,4.13586309613737,5.971551067919,2,1.49478259288767,19,15.5,9,9,1,7,8,8,8,3,5,10,135,82,0,0,0,0,0,0,8,0,0,0,0,0,0,0.0,0.0,0,0,0,0,7,3,0,0,0,1,0.007407407407407408,NON
zeppelin-zengine/src/main/java/org/apache/zeppelin/notebook/repo/zeppelinhub/security/Authentication.java,1.94117647058824,7,4.82671489484018,6.320333940598741,10,1.55187128920858,33,8.47058823529412,18,18,2,15,17,17,17,9,8,16,166,123,0,0,0,0,0,0,17,0,0,0,0,0,0,0.0,0.0,0,0,0,1,15,5,13,0,13,1,0.006024096385542169,NON
zeppelin-zengine/src/main/java/org/apache/zeppelin/notebook/repo/zeppelinhub/websocket/Client.java,1.7142857142857097,3,4.067202859776939,4.296399265475911,4,0.880630571852711,12,5.428571428571429,4,4,2,5,7,7,7,1,6,11,44,29,0,0,0,0,0,0,7,0,0,0,0,0,0,0.0,0.0,0,0,0,4,4,4,20,0,20,1,0.022727272727272728,NON
zeppelin-zengine/src/main/java/org/apache/zeppelin/notebook/repo/zeppelinhub/websocket/ZeppelinClient.java,2.0952380952381,3,5.0738132069982305,6.2561463008357405,7,0.867660340870886,44,9.0,10,10,2,19,21,21,21,8,13,22,201,149,0,0,0,0,0,0,21,0,0,0,0,0,0,0.0,0.0,0,0,0,9,9,9,33,0,33,1,0.004975124378109453,NON
zeppelin-zengine/src/main/java/org/apache/zeppelin/notebook/repo/zeppelinhub/websocket/ZeppelinhubClient.java,2.1875,6,5.32702160760921,6.22488679365376,7,1.46708682428819,35,10.0,12,12,2,14,16,16,16,8,8,18,175,133,0,0,0,0,0,0,16,0,0,0,0,0,0,0.0,0.0,0,0,0,11,9,9,43,0,43,1,0.005714285714285714,NON
zeppelin-zengine/src/main/java/org/apache/zeppelin/notebook/repo/zeppelinhub/websocket/listener/ZeppelinWebsocket.java,1.33333333333333,3,4.382021446536751,4.606370130156179,5,0.7453559924999301,8,4.33333333333333,3,3,0,6,6,6,6,0,6,10,36,21,0,0,0,0,0,0,6,0,0,0,0,0,0,0.0,0.0,0,0,0,1,3,3,4,0,4,0,0.0,NON
zeppelin-zengine/src/main/java/org/apache/zeppelin/notebook/repo/zeppelinhub/websocket/listener/ZeppelinhubWebsocket.java,1.33333333333333,2,4.50774291452531,4.92006583245791,6,0.471404520791032,12,3.77777777777778,3,3,1,8,9,9,9,3,6,11,44,28,0,0,0,0,0,0,9,0,0,0,0,0,0,0.0,0.0,0,0,0,2,3,3,7,0,7,0,0.0,NON
zeppelin-zengine/src/main/java/org/apache/zeppelin/notebook/repo/zeppelinhub/websocket/protocol/ZeppelinHubOp.java,1.0,1,3.1699250014423104,0.0,2,0.0,2,0.0,7,7,0,2,2,2,2,0,2,1,9,1,0,0,0,0,0,0,2,0,0,0,0,0,0,0.0,0.0,0,0,0,0,7,1,0,0,0,0,0.0,NON
zeppelin-zengine/src/main/java/org/apache/zeppelin/notebook/repo/zeppelinhub/websocket/protocol/ZeppelinhubMessage.java,1.5,3,3.98166151210176,4.2284996955472005,4,0.763762615825973,9,5.66666666666667,6,6,3,3,6,6,6,2,4,10,42,31,0,0,0,0,0,0,6,0,0,0,0,0,0,0.0,0.0,0,0,0,3,4,4,0,0,0,0,0.0,NON
zeppelin-zengine/src/main/java/org/apache/zeppelin/notebook/repo/zeppelinhub/websocket/scheduler/SchedulerService.java,1.33333333333333,2,3.56808432434471,4.00031053013493,4,0.471404520791032,8,4.0,2,2,2,4,6,6,6,1,5,7,28,19,0,0,0,0,0,0,6,0,0,0,0,0,0,0.0,0.0,0,0,0,0,2,2,0,0,0,0,0.0,NON
zeppelin-zengine/src/main/java/org/apache/zeppelin/notebook/repo/zeppelinhub/websocket/scheduler/ZeppelinHeartbeat.java,1.0,1,3.37744375108173,2.6084585933443503,3,0.0,3,3.3333333333333304,2,2,1,2,3,3,3,1,2,2,15,10,0,0,0,0,0,0,3,0,0,0,0,0,0,0.0,0.0,0,0,0,2,2,2,1,0,1,0,0.0,NON
zeppelin-zengine/src/main/java/org/apache/zeppelin/notebook/repo/zeppelinhub/websocket/scheduler/ZeppelinHubHeartbeat.java,1.0,1,3.1971597234241496,3.00160949705903,3,0.0,3,3.3333333333333304,2,2,1,2,3,3,3,1,2,2,15,10,0,0,0,0,0,0,3,0,0,0,0,0,0,0.0,0.0,0,0,0,2,2,2,5,0,5,1,0.06666666666666667,NON
zeppelin-zengine/src/main/java/org/apache/zeppelin/notebook/repo/zeppelinhub/websocket/session/ZeppelinhubSession.java,1.6,3,3.6711499390701903,3.7195394315431702,3,0.8,8,5.0,4,4,1,4,5,5,5,1,4,5,31,21,0,0,0,0,0,0,5,0,0,0,0,0,0,0.0,0.0,0,0,0,0,4,4,0,0,0,0,0.0,NON
zeppelin-zengine/src/main/java/org/apache/zeppelin/notebook/repo/zeppelinhub/websocket/utils/ZeppelinhubUtils.java,1.7142857142857097,2,3.590631439024,4.528952201251871,2,0.4517539514526261,12,7.857142857142861,1,1,7,0,7,7,7,0,7,9,58,37,0,0,0,0,0,0,7,0,0,0,0,0,0,0.0,0.0,0,0,0,4,1,1,20,0,20,0,0.0,NON
zeppelin-zengine/src/main/java/org/apache/zeppelin/notebook/socket/Message.java,1.0,1,5.47696017508129,3.94477383502948,5,0.0,5,4.0,5,5,0,5,5,5,5,0,5,5,64,22,0,0,0,0,0,0,5,0,0,0,0,0,0,0.0,0.0,0,0,0,1,5,3,0,0,0,0,0.0,NON
zeppelin-zengine/src/main/java/org/apache/zeppelin/notebook/utility/IdHashes.java,4.0,4,2.58496250072116,4.71137042788095,0,0.0,4,23.0,1,1,1,0,1,1,1,0,1,1,28,23,0,0,0,0,0,0,1,0,0,0,0,0,0,0.0,0.0,0,0,0,0,0,0,0,0,0,0,0.0,IL
zeppelin-zengine/src/main/java/org/apache/zeppelin/search/LuceneSearch.java,2.7368421052631597,11,5.01015074330212,6.391893166546461,3,2.148245434943,52,12.2631578947368,9,9,2,17,19,19,19,9,10,44,251,178,0,0,0,0,0,0,19,0,0,0,0,0,0,0.0,0.0,0,0,0,3,9,6,22,0,22,1,0.00398406374501992,NON
zeppelin-zengine/src/main/java/org/apache/zeppelin/util/Util.java,1.0,1,3.1898980954642897,2.94770277922009,1,0.0,1,4.0,2,2,1,0,1,1,1,0,1,0,15,8,0,0,0,0,0,0,1,0,0,0,0,0,0,0.0,0.0,0,0,0,0,2,2,0,0,0,1,0.06666666666666667,NON
zeppelin-zengine/src/test/java/org/apache/zeppelin/conf/ZeppelinConfigurationTest.java,1.0,1,3.0943609377704306,4.49664111840893,7,0.0,7,5.14285714285714,0,0,0,7,7,7,7,0,7,0,45,30,0,0,0,0,0,0,7,0,0,0,0,0,0,0.0,0.0,0,0,0,2,0,0,21,0,21,0,0.0,NON
zeppelin-zengine/src/test/java/org/apache/zeppelin/display/AngularObjectBuilder.java,1.0,1,2.8453509366224403,2.9398290174663995,1,0.0,1,4.0,0,0,1,0,1,1,1,0,1,4,5,3,0,0,0,0,0,0,1,0,0,0,0,0,0,0.0,0.0,0,0,0,1,0,0,6,0,6,0,0.0,NON
zeppelin-zengine/src/test/java/org/apache/zeppelin/interpreter/InterpreterFactoryTest.java,1.85714285714286,5,4.51471801682134,5.718501547232809,5,1.45686271816937,13,9.0,5,5,0,7,7,7,7,1,6,3,76,57,0,0,0,0,0,0,7,0,0,0,0,0,0,0.0,0.0,0,0,0,13,5,5,81,0,81,1,0.013157894736842105,NON
zeppelin-zengine/src/test/java/org/apache/zeppelin/interpreter/install/InstallInterpreterTest.java,1.0,1,3.78714396069814,4.70127244401959,5,0.0,5,6.4,3,3,0,5,5,5,5,0,5,0,42,30,0,0,0,0,0,0,5,0,0,0,0,0,0,0.0,0.0,0,0,0,3,3,2,9,0,9,0,0.0,NON
zeppelin-zengine/src/test/java/org/apache/zeppelin/interpreter/mock/MockInterpreter1.java,1.4,5,4.49074076031077,5.01965621313712,9,1.2,14,4.4,7,2,0,10,10,27,10,0,10,8,56,32,1,0,1,7,7,0,3,17,7,1,0,0,1,0.317460317460317,0.25925925925925897,1,1,0,7,1,1,19,2,17,0,0.0,NON
zeppelin-zengine/src/test/java/org/apache/zeppelin/interpreter/mock/MockInterpreter11.java,1.0,1,4.42511855035714,4.71451343664454,9,0.0,9,2.6666666666666696,6,1,0,9,9,25,9,0,9,7,35,17,1,0,1,8,8,0,1,16,8,1,0,0,1,0.277777777777778,0.32,0,0,0,6,1,1,9,2,7,0,0.0,NON
zeppelin-zengine/src/test/java/org/apache/zeppelin/interpreter/mock/MockInterpreter2.java,1.4,5,4.49074076031077,5.01965621313712,9,1.2,14,4.4,7,2,0,10,10,27,10,0,10,8,56,32,1,0,1,7,7,0,3,17,7,1,0,0,1,0.317460317460317,0.25925925925925897,1,1,0,7,1,1,19,2,17,0,0.0,NON
zeppelin-zengine/src/test/java/org/apache/zeppelin/notebook/NoteInterpreterLoaderTest.java,1.6666666666666698,5,4.25452546496618,5.20870734176179,5,1.4907119849998602,10,15.333333333333302,4,4,0,6,6,6,6,1,5,1,103,85,0,0,0,0,0,0,6,0,0,0,0,0,0,0.0,0.0,0,0,0,12,4,4,137,0,137,1,0.009708737864077669,NON
zeppelin-zengine/src/test/java/org/apache/zeppelin/notebook/NoteTest.java,1.0,1,3.86769031604866,4.94604959132772,2,0.0,2,14.0,7,7,0,2,2,2,2,0,2,0,45,34,0,0,0,0,0,0,2,0,0,0,0,0,0,0.0,0.0,0,0,0,10,3,3,32,0,32,1,0.022222222222222223,IL
zeppelin-zengine/src/test/java/org/apache/zeppelin/notebook/NotebookTest.java,2.4166666666666696,7,5.10343100453471,6.66172714492968,10,1.70579079087156,58,19.4166666666667,11,11,0,24,24,24,24,1,23,3,502,413,0,0,0,0,0,0,24,0,0,0,0,0,0,0.0,0.0,0,0,0,29,10,9,724,0,724,1,0.00199203187250996,NON
zeppelin-zengine/src/test/java/org/apache/zeppelin/notebook/ParagraphTest.java,1.2,2,2.6174924611847596,5.12109789964889,4,0.4,6,13.4,0,0,0,5,5,5,5,0,5,1,74,57,0,0,0,0,0,0,5,0,0,0,0,0,0,0.0,0.0,0,0,0,9,0,0,63,0,63,1,0.013513513513513514,IL
zeppelin-zengine/src/test/java/org/apache/zeppelin/notebook/repo/GitNotebookRepoTest.java,1.33333333333333,3,4.5502668851770895,5.9782301001081,5,0.7453559924999301,8,11.333333333333302,5,5,0,6,6,6,6,1,5,2,80,65,0,0,0,0,0,0,6,0,0,0,0,0,0,0.0,0.0,0,0,0,11,5,4,81,0,81,0,0.0,IL
zeppelin-zengine/src/test/java/org/apache/zeppelin/notebook/repo/NotebookRepoSyncInitializationTest.java,1.0,1,4.18833990115858,5.028691106713651,8,0.0,8,9.125,9,9,0,8,8,8,8,0,8,0,91,75,0,0,0,0,0,0,8,0,0,0,0,0,0,0.0,0.0,0,0,0,5,9,2,69,0,69,0,0.0,NON
zeppelin-zengine/src/test/java/org/apache/zeppelin/notebook/repo/NotebookRepoSyncTest.java,1.5,5,5.3278195311147805,6.21159274272299,8,1.2041594578792298,15,15.5,13,13,1,9,10,10,10,0,10,3,179,136,0,0,0,0,0,0,10,0,0,0,0,0,0,0.0,0.0,0,0,0,19,12,10,218,0,218,1,0.00558659217877095,NON
zeppelin-zengine/src/test/java/org/apache/zeppelin/notebook/repo/VFSNotebookRepoTest.java,1.8,4,5.215898931180139,6.071849443258129,3,1.16619037896906,9,13.0,9,9,0,5,5,5,5,0,5,1,95,74,0,0,0,0,0,0,5,0,0,0,0,0,0,0.0,0.0,0,0,0,18,8,7,61,0,61,0,0.0,NON
zeppelin-zengine/src/test/java/org/apache/zeppelin/notebook/repo/mock/VFSNotebookRepoMock.java,1.0,1,2.44643934467102,3.61947057079725,2,0.0,2,4.5,4,0,1,1,2,12,2,1,1,2,11,8,1,0,1,0,0,0,2,10,0,1,0,0,1,0.111111111111111,0.0,0,0,0,2,0,0,8,4,4,0,0.0,NON
zeppelin-zengine/src/test/java/org/apache/zeppelin/notebook/repo/zeppelinhub/ZeppelinHubRepoTest.java,1.0,1,4.29394270791827,4.6689847047965705,8,0.0,8,9.875,5,5,0,8,8,8,8,1,7,0,93,77,0,0,0,0,0,0,8,0,0,0,0,0,0,0.0,0.0,0,0,0,4,5,3,89,0,89,1,0.010752688172043012,IL
zeppelin-zengine/src/test/java/org/apache/zeppelin/notebook/repo/zeppelinhub/websocket/ZeppelinClientTest.java,1.28571428571429,2,4.440223928941849,5.38310771882005,5,0.4517539514526261,9,10.1428571428571,5,5,0,7,7,7,7,1,6,1,84,67,0,0,0,0,0,0,7,0,0,0,0,0,0,0.0,0.0,0,0,0,4,4,4,62,0,62,1,0.011904761904761904,NON
zeppelin-zengine/src/test/java/org/apache/zeppelin/notebook/repo/zeppelinhub/websocket/ZeppelinhubClientTest.java,1.2,2,4.51839711669891,4.74395955940975,4,0.4,6,6.4,7,7,0,5,5,5,5,1,4,0,49,34,0,0,0,0,0,0,5,0,0,0,0,0,0,0.0,0.0,0,0,0,4,6,4,26,0,26,0,0.0,NON
zeppelin-zengine/src/test/java/org/apache/zeppelin/notebook/repo/zeppelinhub/websocket/mock/MockEchoWebsocketServer.java,1.25,2,3.89240711859288,4.30525579311239,3,0.43301270189221897,5,6.5,2,2,0,4,4,4,4,0,4,2,31,23,0,0,0,0,0,0,4,0,0,0,0,0,0,0.0,0.0,0,0,0,1,2,2,0,0,0,0,0.0,NON
zeppelin-zengine/src/test/java/org/apache/zeppelin/notebook/repo/zeppelinhub/websocket/mock/MockEventServlet.java,1.0,1,2.58496250072116,2.25162916738782,1,0.0,1,4.0,0,0,0,1,1,1,1,0,1,1,7,3,1,0,1,0,0,0,1,0,0,1,0,0,1,0.0833333333333333,0.0,0,0,0,1,0,0,0,0,0,0,0.0,NON
zeppelin-zengine/src/test/java/org/apache/zeppelin/notebook/repo/zeppelinhub/websocket/mock/MockEventSocket.java,1.0,1,4.16197817967955,3.88122700430148,4,0.0,4,4.5,2,2,0,4,4,4,4,0,4,5,25,17,1,0,1,0,0,0,4,0,0,1,0,0,1,0.133333333333333,0.0,0,0,0,1,2,2,0,0,0,0,0.0,NON
zeppelin-zengine/src/test/java/org/apache/zeppelin/notebook/repo/zeppelinhub/websocket/protocol/ZeppelinhubMessageTest.java,1.0,1,2.6416041678685898,4.17697162068806,3,0.0,3,6.33333333333333,1,1,0,3,3,3,3,0,3,0,25,18,0,0,0,0,0,0,3,0,0,0,0,0,0,0.0,0.0,0,0,0,2,1,1,18,0,18,0,0.0,NON
zeppelin-zengine/src/test/java/org/apache/zeppelin/search/LuceneSearchTest.java,1.19047619047619,3,4.808460635811,5.60947366039225,18,0.49943278484292897,25,7.28571428571429,3,3,1,20,21,21,21,7,14,14,163,132,0,0,0,0,0,0,21,0,0,0,0,0,0,0.0,0.0,0,0,0,8,1,1,41,0,41,1,0.006134969325153374,NON
